doc_id,unit_id,sentence,role,prev,next,speakers,targets,proc_symbolic_flag,event_phase,unit_hash,unit_dup_flag,source,date,preprocessed_text,hard_rule_keep,hard_rule_reason,policy_gate,policy_gate_reason,priority_keep,semantic_status,semantic_similarity,nli_status,nli_score,key_hit,final_status
_b871e14414ac,_b871e14414ac_u001,"為了要凸顯自己的財政紀律,更用錯誤的訊息攻擊前高雄市長陳菊。",context,"賴清德:新潮流看破手腳不支持 柯文哲就此抹黑攻擊 2023/12/30 16:54 (12/30 19:48 更新) (中央社記者王承中台北30日電)民進黨總統候選人賴清德今天在辯論會交叉詰問時表示,新潮流後來看破民眾黨總統候選人柯文哲的手腳,認為不值得繼續支持,從此柯文哲就不斷抹黑造謠攻擊新潮流;","2024大選唯一一場總統候選人電視辯論會今天下午2時在公視登場,民眾黨總統候選人柯文哲、民進黨總統候選人賴清德、國民黨總統候選人侯友宜正面交鋒,辯論會進行分為第1階段「申論」、第2階段5家媒體代表提問,第3階段交叉詰問,第4階段「結論」。",[],[],False,,382699ab45d4324512a2521529b9857d,False,01_Ho_chinatimes_news,2023-12-30 16:54:00,"為了要凸顯自己的財政紀律,更用錯誤的訊息攻擊前高雄市長陳菊。",True,institution_only,False,,False,KEEP,0.5330812335014343,,,False,REVIEW
_00f09b143ff3,_00f09b143ff3_u003,"現場2萬張椅子座無虛席,國旗飄揚、人潮擠爆時代大道,氣氛熱絡。",context,"超級星期天民眾黨高雄催票 萬人喊送柯文哲進總統府 超級星期天高雄隊力挺賴蕭配 蔡英文:開出百萬票 藍綠白3陣營今天晚間重兵集結高雄,國民黨鎖定高雄市前鎮區,在夢時代前廣場舉辦「南台灣的怒吼」高雄團結勝利大會,包括前總統馬英九、侯康全國後援會總會長王金平、韓國瑜、桃園市長張善政、嘉義市長黃敏惠等到場,力挺國民黨總統候選人侯友宜;","國民黨主席朱立倫與台北市長蔣萬安陪同侯友宜大進場時,現場支持者蜂擁而上爭相握手,侯友宜花了10多分鐘才走上舞台;",[],"[""國旗|symbol""]",False,,569836be9aaafaa6559cecb2b1a3fb07,False,01_Ho_chinatimes_news,2024-01-07 19:44:00,"現場2萬張椅子座無虛席,國旗飄揚、人潮擠爆時代大道,氣氛熱絡。",True,institution_only,False,,False,REVIEW,0.30886128544807434,,,True,REVIEW
_8987670c886f,_8987670c886f_u007,"他說,資安問題也是重點,資安重要的不是防駭客而已,而是必須做好SOP等基本管理。",claim,"柯文哲表示,中共對台灣滲透靠親戚朋友關係、網路等面向,都應具備標準作業程序(SOP)及建立紀律,「不該吃的飯不要亂吃」,公務員及軍人的相關刑罰更應加重。",(編輯:翟思嘉)1121230 柯文哲賴清德侯友宜拚2024總統大選 7大政見比一比 總統候選人政見會最終場發言一覽 柯侯賴交鋒校園安全、兩岸議題 副總統候選人政見會 吳欣盈趙少康蕭美琴發言內容一次看 歷屆總統大選中國介選手段一覽 飛彈試射經貿報復擾民心 網傳投票箱夾層藏票 查核中心:錯誤訊息 黃珊珊黃國昌扛立院攻防 備戰2026肩負白營母雞重擔 台灣選後第3天 美媒聚焦三黨,[],[],False,,be7146424ddfec3e0e243ceb19b875c0,False,01_Ho_chinatimes_news,2023-12-30 15:56:00,"他說,資安問題也是重點,資安重要的不是防駭客而已,而是必須做好SOP等基本管理。",True,institution_only,False,,False,REVIEW,0.4176698625087738,,,False,REVIEW
_992752645f9b,_992752645f9b_u012,另外就是2020年他被罷免高雄市長。,context,"韓國瑜也舉兩個與侯友宜相處的故事指出,2020年競選總統時,侯友宜在投票前一個月來找他,說有任何需要絕對要交代,所以很多人說侯友宜沒有關心,是錯的。","韓國瑜透露,第一通關心他的電話,就是侯友宜打的;",[],[],False,,80258931cd8dc7df3f2407985a39d5c5,False,01_Ho_chinatimes_news,2023-10-14 22:40:00,另外就是2020年他被罷免高雄市長。,True,institution_only,False,,False,REVIEW,0.2764034867286682,,,False,REVIEW
_308f0d238ac6,_308f0d238ac6_u005,"臉書(Facebook)一PO出,許多網友留言「好感動,老市長也來相挺」,也有網友細數過去政績「還有愛河整治、捷運、輕軌促使『老市、港區』轉型國際觀光場域」,喚起不少老高雄人的回憶。",quote,"投入立委高6選區(鹽埕、鼓山、新興、前金、苓雅)的黃捷今天表示,「城市光廊」就在自己選區內,是老市長謝長廷任內一手推動,不僅成為南台灣最具代表城市美學景點,也讓高雄擺脫老舊印象,賦予高雄新生命,是高雄的榮耀,受到老市長肯定,自己備感榮幸。","城市光廊位於前金區中山路和中華路之間的五福路,英文為Urban Spotlight的城市光廊全長150公尺,由9位高雄在地藝術家合作規劃,以「光」為主題,創作一系列作品;",[],[],False,,c687d5a03ae1872f1bcc293f9012fb21,False,01_Ho_chinatimes_news,2023-12-19 10:39:00,"臉書(Facebook)一PO出,許多網友留言「好感動,老市長也來相挺」,也有網友細數過去政績「還有愛河整治、捷運、輕軌促使『老市、港區』轉型國際觀光場域」,喚起不少老高雄人的回憶。",True,institution_only,False,,False,KEEP,0.48057517409324646,,,False,REVIEW
_d89970f8468b,_d89970f8468b_u008,"同時也要照顧沒有得到關心、支持的產業,達到數位轉型正義。",claim,"台灣有150、160萬家中小企業,提供了900多萬工作機會,只要中小企業穩定、社會就會安定;","賴清德指出,未來將運用科技創新,推動全面智慧化生活,包括智慧交通、智慧旅遊、智慧教育、智慧防災、智慧家庭,甚至智慧城市,達到智慧國家,成功地數位轉型。",[],[],False,,d139ae16bd0bc5d2959b3d92061eec14,False,01_Ho_chinatimes_news,2023-12-26 15:53:00,"同時也要照顧沒有得到關心、支持的產業,達到數位轉型正義。",True,institution_only,False,,False,DROP,0.22395598888397217,REVIEW,0.04907536506652832,True,REVIEW
_d89970f8468b,_d89970f8468b_u015,"根據台電推估,2030年前需求會增加700萬瓩,但供應可達900萬瓩,未來供電會更加穩定,「缺電的時代已經過去」。",context,"賴清德說,台灣最缺電的時候是前總統馬英九把政權交給蔡總統時,2016年5月30日時,備轉容量率僅剩1.64%,現在任何時候備轉容量率都在10%到15%左右,即便尖峰時刻用電仍有剩餘;","賴清德表示,最重要的是推動能源的第二次轉型,也就是發展多元的綠能,不只風力發電、太陽能發電、氫能發電、海洋潮汐發電,充分供應綠電需求,建置儲能設備,並就台電電網智慧化發展、區域電網,讓供電更有韌性、效益。",[],[],False,,cf17e11f0097275c57a1d9e6b0a3df23,False,01_Ho_chinatimes_news,2023-12-26 15:53:00,"根據台電推估,2030年前需求會增加700萬瓩,但供應可達900萬瓩,未來供電會更加穩定,「缺電的時代已經過去」。",True,institution_only,False,,False,REVIEW,0.26492804288864136,,,True,REVIEW
_9b6f3aaf121f,_9b6f3aaf121f_u010,"文章寫道,這引發2個問題:中國假訊息影響台灣選民的效果有多大?",context,"不過,最後蔡總統仍以壓倒性勝利擊敗時任國民黨候選人韓國瑜,成功連任。","在什麼樣的情況下,中國假訊息能改變台灣選民想法?",[],[],False,,3f2f31129979ef209b918b42050ab5ac,False,01_Ho_chinatimes_news,2023-12-20 18:33:00,"文章寫道,這引發2個問題:中國假訊息影響台灣選民的效果有多大?",True,institution_only,False,,False,KEEP,0.5781930088996887,,,False,REVIEW
_9b6f3aaf121f,_9b6f3aaf121f_u011,"在什麼樣的情況下,中國假訊息能改變台灣選民想法?",context,"文章寫道,這引發2個問題:中國假訊息影響台灣選民的效果有多大?","2名學者指出,中國企圖改變台灣選民想法的假訊息攻勢看似明顯無效。",[],[],False,,ddf2e8c264f25518e59278e3ffdc52b2,False,01_Ho_chinatimes_news,2023-12-20 18:33:00,"在什麼樣的情況下,中國假訊息能改變台灣選民想法?",True,institution_only,False,,False,KEEP,0.6045117974281311,,,False,REVIEW
_9b6f3aaf121f,_9b6f3aaf121f_u012,"2名學者指出,中國企圖改變台灣選民想法的假訊息攻勢看似明顯無效。",claim,"在什麼樣的情況下,中國假訊息能改變台灣選民想法?","政治科學研究人員表示,只有在特定情況下,主要是當大部分選民對政治漠不關心、沒有特定政黨傾向時,才比較可能被中國假訊息影響投票行為。",[],[],False,,e530faf34e351b993db24f8787b41c28,False,01_Ho_chinatimes_news,2023-12-20 18:33:00,"2名學者指出,中國企圖改變台灣選民想法的假訊息攻勢看似明顯無效。",True,institution_only,False,,False,KEEP,0.4996030926704407,,,False,REVIEW
_9b6f3aaf121f,_9b6f3aaf121f_u015,"既然如此,中國為何持續發動假訊息攻勢?",context,"若選民已傾向支持民進黨或國民黨陣營,那麼中國的網路攻勢通常無效。","學者認為,從北京的觀點看來,用盡各種可能方法影響選民不要支持民進黨,並無壞處。",[],[],False,,0e7577171bd7e502ff00f25c71f03535,False,01_Ho_chinatimes_news,2023-12-20 18:33:00,"既然如此,中國為何持續發動假訊息攻勢?",True,institution_only,False,,False,KEEP,0.4211692214012146,,,False,REVIEW
_9b6f3aaf121f,_9b6f3aaf121f_u020,"這些方法是否比2020年的假訊息攻勢更有效,學界及政策決定者正密切觀察。",context,"比起直接傳遞「不要投給蔡」或是北京正面形象的訊息,北京針對台灣這次大選的假訊息聚焦散布懷疑美國的論調或試圖藉由武力恫嚇台灣選民,包括共機侵擾台灣防空識別區或台灣公民在中國被捕。",台灣2024總統大選由民進黨的賴清德、國民黨的侯友宜及民眾黨的柯文哲3組人馬角逐。,[],[],False,,5e4c8528cc8875e6caa2c8095b939cd6,False,01_Ho_chinatimes_news,2023-12-20 18:33:00,"這些方法是否比2020年的假訊息攻勢更有效,學界及政策決定者正密切觀察。",True,institution_only,False,,False,REVIEW,0.36647769808769226,,,False,REVIEW
_7644fe41c0d2,_7644fe41c0d2_u001,"吳東亮指出,服貿議題須公開且充分檢討,以取得社會共識。",claim,"侯友宜提九二共識 吳東亮:增加對話交流都是好事 2023/7/4 11:21 (7/4 15:58 更新) (中央社記者劉千綾台北4日電)國民黨總統參選人侯友宜提出九二共識議題,工商協進會理事長吳東亮表示,能夠維持區域和平穩定、增加對話和交流都是好事,希望總統參選人政見有助台灣經濟發展;","國民黨總統參選人侯友宜昨天表示,他接受合乎中華民國憲法的九二共識。",[],[],False,,d7d93ab80d5e35a14f8fe2fe57a539f9,False,01_Ho_chinatimes_news,2023-07-04 11:21:00,"吳東亮指出,服貿議題須公開且充分檢討,以取得社會共識。",True,institution_only,False,,False,REVIEW,0.2973645329475403,,,False,REVIEW
_7644fe41c0d2,_7644fe41c0d2_u008,"服貿重啟近來成討論議題,吳東亮表示,服貿過去造成許多社會對立和衝突,希望各界公開、充分檢討,並取得社會共識和支持。",claim,"核電是選項之一,但仍須回歸專業討論。","透過 Google News 觀察整體景氣發展,吳東亮表示,雖然台灣外銷訂單連續9個月負成長,但科技產業庫存調整速度較快,傳統產業可能需要較多時間,「下半年有機會比上半年好一點」。",[],[],False,,2e9b184ca08133a7ccaed76bb378a54c,False,01_Ho_chinatimes_news,2023-07-04 11:21:00,"服貿重啟近來成討論議題,吳東亮表示,服貿過去造成許多社會對立和衝突,希望各界公開、充分檢討,並取得社會共識和支持。",True,institution_only,False,,False,REVIEW,0.29060298204421997,,,False,REVIEW
_7644fe41c0d2,_7644fe41c0d2_u009,"透過 Google News 觀察整體景氣發展,吳東亮表示,雖然台灣外銷訂單連續9個月負成長,但科技產業庫存調整速度較快,傳統產業可能需要較多時間,「下半年有機會比上半年好一點」。",claim,"服貿重啟近來成討論議題,吳東亮表示,服貿過去造成許多社會對立和衝突,希望各界公開、充分檢討,並取得社會共識和支持。","金融業部分,吳東亮表示,上半年表現還不錯,大家可以放心,金融業的韌性還是很強;",[],[],False,,0aac822c9dccae1d8056f47e5bf6afec,False,01_Ho_chinatimes_news,2023-07-04 11:21:00,"透過 Google News 觀察整體景氣發展,吳東亮表示,雖然台灣外銷訂單連續9個月負成長,但科技產業庫存調整速度較快,傳統產業可能需要較多時間,「下半年有機會比上半年好一點」。",True,institution_only,False,,False,REVIEW,0.27433526515960693,,,False,REVIEW
_5f892b13a2d0,_5f892b13a2d0_u010,"與民眾一起坐在台下的鍾東錦也提問,若未來當選如何協助解決苗栗財政,讓縣府可以恢復財政自主,提供更多社會福利措施。",context,"至於如何防弊,他以過去台北市長任內經驗說,採購案要公開透明,公布底價、委員名單、會議記錄上網公開。","柯文哲說,財政收支劃分辦法20多年未修改,「這條不修,苗栗永遠很窮,這應該是新政府上任馬上要修的法令」。",[],[],False,,c8d7aed30f13f3784e4004b4cbd5ea86,False,01_Ho_chinatimes_news,2023-11-17 23:04:00,"與民眾一起坐在台下的鍾東錦也提問,若未來當選如何協助解決苗栗財政,讓縣府可以恢復財政自主,提供更多社會福利措施。",True,institution_only,False,,False,KEEP,0.5872750282287598,,,False,REVIEW
_312d5b0fbf30,_312d5b0fbf30_u004,"對此,翁重鈞說,尊重黨團決定。",claim,"透過 Google News 國民黨嘉義縣議會黨團書記長李國勝今天接受媒體聯訪表示,上星期與翁重鈞、黨團議員討論,並徵詢中央黨部意見,認為詹琬蓁是優秀人才,黨團今天正式報請縣黨部提報中央徵召詹琬蓁參選。","詹琬蓁今天在臉書(Facebook)貼文表示,「感謝這段時間先進長輩和好友們的關心,琬蓁決定投入2024嘉義縣海區立委的選舉」是為了實現政黨輪替、拚一次讓嘉義不一樣。",[],[],False,,ceb21c3490c5ca85efcf0bc692cd1eb1,False,01_Ho_chinatimes_news,2023-11-13 16:19:00,"對此,翁重鈞說,尊重黨團決定。",True,institution_only,False,,False,KEEP,0.5454020500183105,,,False,REVIEW
_00c1ec8576d5,_00c1ec8576d5_u003,"日本國立東京外國語大學名譽教授小笠原欣幸昨天在社群媒體發表文章,根據台灣民意基金會、美麗島、鏡週刊、ETtoday和TVBS這五間機構的數據,分析從8月以來三腳督的支持率變化。",claim,民眾黨的柯文哲11月底面臨挑戰。,"小笠原指出,侯友宜的支持率正在顯著上升,儘管數據有限,藍白合的博弈中,侯友宜似乎成為勝方。",[],[],False,,6e17ecaafe3ec818ed5ec9b658b7b131,False,01_Ho_chinatimes_news,2023-12-04 12:38:00,"日本國立東京外國語大學名譽教授小笠原欣幸昨天在社群媒體發表文章,根據台灣民意基金會、美麗島、鏡週刊、ETtoday和TVBS這五間機構的數據,分析從8月以來三腳督的支持率變化。",True,institution_only,False,,False,KEEP,0.5087897777557373,,,False,REVIEW
_e77b6cf01770,_e77b6cf01770_u002,"主流民意大聯盟發言人黃士修則表示,建議楊志良公開道歉,然後將重點拉回政策討論。",claim,"郭台銘今天表示,楊志良昨天要談的應該是勞保跟健保議題,結果有些脫稿。","郭台銘今天召開「主流民意大聯盟」記者會,宣布決定以總統參選人的身分,投入2024總統大選。",[],[],False,,8b7834fb81647768d591f25bdc940b62,False,01_Ho_chinatimes_news,2023-08-28 14:52:00,"主流民意大聯盟發言人黃士修則表示,建議楊志良公開道歉,然後將重點拉回政策討論。",True,institution_only,False,,False,KEEP,0.5051648616790771,,,False,REVIEW
_e77b6cf01770,_e77b6cf01770_u005,"與會的主流民意大聯盟發言人黃士修則表示,邀請楊志良參與智庫,是因為非常關心社會底層的生活絕境。",claim,"媒體報導指出,楊志良昨天出席主流民意大聯盟新竹場造勢致詞時提及,「為什麼會家暴?是因為心情鬱卒,沒有辦法去修理蔡總統,沒有辦法去修理行政院長陳建仁,因為他們有保鏢,所以去修理更弱的另一半,打老婆、打小孩」 對此,郭台銘在記者會中接受媒體提問時表示,昨天楊志良主要談的應該是勞保跟健保議題,結果有些脫稿,但今天重點不在這裡,應該拉回到主流民意的勝選。","楊志良在造勢場合過度簡化的連結引起輿論爭議,社會應該重視的是當天提到的輕生、自殘、家暴等問題。",[],[],False,,3287ecfa8b8bb0d5799b6e92f6bc2973,False,01_Ho_chinatimes_news,2023-08-28 14:52:00,"與會的主流民意大聯盟發言人黃士修則表示,邀請楊志良參與智庫,是因為非常關心社會底層的生活絕境。",True,institution_only,False,,False,KEEP,0.5576795935630798,,,False,REVIEW
_46600295e95f,_46600295e95f_u007,"等2026年6月和廠商租約到期後,就會透過例如崔媽媽包租代管方式,將整棟大樓改為青年房舍出租或改為社會住宅。",context,"透過 Google News 任美鈴說明,因為和新光人壽廠商物業管理有合約限制,無法改變出租價格,凱旋苑目前尚有50幾間空屋,全部以捐款方式補貼資助想要在凱旋苑租屋的中低收入戶清寒青年,包括青年學生。","針對遭質疑調漲租金,出席記者會的律師陳佳瑤表示,本來與文化大學談好1年新台幣2000萬元的租金簽約,但文化大學擔心簽了約,會不會有學生進來住、會不會賠錢,所以從2000萬元降價到1500萬元,如果收租可以打平,再調漲5%。",[],[],False,,9c4ff12dec0ce03c75bfb490f3309909,False,01_Ho_chinatimes_news,2023-12-27 11:58:00,"等2026年6月和廠商租約到期後,就會透過例如崔媽媽包租代管方式,將整棟大樓改為青年房舍出租或改為社會住宅。",True,institution_only,False,,False,REVIEW,0.2536064684391022,KEEP,0.19667649269104004,False,REVIEW
_5ea07b596be5,_5ea07b596be5_u029,"不管如何,還是會與志同道合的朋友完成政黨輪替,感謝郭台銘。",context,"柯文哲也說,今天應是嚴肅的日子,帶著誠意希望組成最強組合,他從頭至尾邏輯一致;",(編輯:林克倫、楊蘭軒)1121123 圖輯/藍白合最後一會 郭柯侯不歡而散高唱無言的結局 藍白合破局?,[],[],False,,053d3da99da4219f5384af790fdfa020,False,01_Ho_chinatimes_news,2023-11-23 23:36:00,"不管如何,還是會與志同道合的朋友完成政黨輪替,感謝郭台銘。",True,institution_only,False,,False,KEEP,0.5628787875175476,,,False,REVIEW
_aeaadac410d9,_aeaadac410d9_u003,"至於各區參選人最多的是第5選區(北屯、北區)的8人,競爭激烈。",context,"從登記情形發現,除了藍綠白3黨外,還有司法正義黨、司法改革黨、台灣雙語無法黨、小民參政歐巴桑聯盟、中華統一促進黨等參選人登記。","參選情況最單純的是第8選區(豐原、新社、東勢、石岡、和平),只有2人,由民進黨參選人謝志忠迎戰國民黨現任立委江啟臣。",[],[],False,,7fe172f92f684c5eaa2e3639eb28ed2a,False,01_Ho_chinatimes_news,2023-11-24 19:24:00,"至於各區參選人最多的是第5選區(北屯、北區)的8人,競爭激烈。",True,institution_only,False,,False,REVIEW,0.3664180636405945,,,False,REVIEW
_31d8e808963e,_31d8e808963e_u008,"事實查核中心表示,與所查資料不符,台灣從2000年至今,GDP成長率為130%,工業及服務業薪資成長9.8%,2022年總工時是主要39個國家中第6高,並非全球第6高。",claim,"經濟與內政部分,柯文哲表示,2000年到今年的台灣GDP成長120%,實質薪資只成長4%,且台灣工時是全世界第6高。","柯文哲提到,台灣近年出現缺水、缺電、缺工、缺地、缺人才、缺雞蛋、缺快篩、缺疫苗和缺衛生紙。",[],[],False,,9030d48aee43afbddd74c083750ad01e,False,01_Ho_chinatimes_news,2023-12-31 16:48:00,"事實查核中心表示,與所查資料不符,台灣從2000年至今,GDP成長率為130%,工業及服務業薪資成長9.8%,2022年總工時是主要39個國家中第6高,並非全球第6高。",True,institution_only,False,,False,DROP,0.21626950800418854,REVIEW,0.049754559993743896,False,REVIEW
_964ee1d063d0,_964ee1d063d0_u001,"她說,台灣失落20年,錯誤政策跟貪污一樣可怕,呼籲選民用選票下架藍綠。",claim,"吳欣盈:台灣失落20年 服務業薪水不漲是綠營擋服貿 2024/1/1 15:09 (1/1 15:19 更新) (中央社記者郭建伸台北1日電)民眾黨副總統候選人吳欣盈今天在電視辯論會第1階段申論打出財經牌,並指服務業薪水不漲,就是ECFA的服貿部分被綠營擋下。","2024大選唯一一場副總統候選人電視辯論會今天下午2時在公視登場,民眾黨副總統候選人吳欣盈、民進黨副總統候選人蕭美琴、國民黨副總統候選人趙少康正面交鋒,辯論會進行分為第1階段「申論」、第2階段4家媒體代表提問,第3階段交叉詰問,第4階段「結論」。",[],[],False,,a26dba0124791e4f5046a41591746596,False,01_Ho_chinatimes_news,2024-01-01 15:09:00,"她說,台灣失落20年,錯誤政策跟貪污一樣可怕,呼籲選民用選票下架藍綠。",True,institution_only,False,,False,KEEP,0.5199278593063354,,,False,REVIEW
_964ee1d063d0,_964ee1d063d0_u008,"她說,作為一個國民和新手媽媽,不能袖手旁觀,讓國家走向衝突,甚至讓經濟問題越來越嚴重。",claim,"吳欣盈說,只有民眾黨才能理性務實面對問題,讓台灣人民盡早脫離藍綠惡鬥、偏離軌道的痛苦。","吳欣盈呼籲,處在關鍵的時刻,已經沒有時間浪費,日本有「失落的30年」,台灣也失落20年,錯誤的政策跟貪污一樣可怕,讓年輕人賺不到錢,買不起房子,生活中還缺錢、缺電、缺蛋、缺疫苗,「缺缺缺成為2023年的關鍵字」。",[],[],False,,21318a3130070faa56b96fa83ee96cda,False,01_Ho_chinatimes_news,2024-01-01 15:09:00,"她說,作為一個國民和新手媽媽,不能袖手旁觀,讓國家走向衝突,甚至讓經濟問題越來越嚴重。",True,institution_only,False,,False,REVIEW,0.3103017210960388,,,True,REVIEW
_4cd960cf1b76,_4cd960cf1b76_u006,"易思安指出,過去40年來,尤其是近幾年,所有證據都顯示當台灣對事實妥協、美台間保持不必要距離,或避免激怒中共時,只會讓自身變得更脆弱、更無力,且損及國家安全。",claim,"李喜明說:「沒有統一台灣,就不能說已經實現中華民族偉大復興。所以不論哪位參選人成為(台灣)未來總統,我不認為能改變習近平的想法,或是他對中國夢的整體打算。」 易思安表示,台灣人民不該聽信「只要你票投給北京喜歡的參選人,或避免做某些事,你就不會有事」的說法。","他強調,美台不應獎勵中共惡劣行徑。",[],[],False,,184152dbffea1beffe006c866b108fef,False,01_Ho_chinatimes_news,2023-06-30 08:03:00,"易思安指出,過去40年來,尤其是近幾年,所有證據都顯示當台灣對事實妥協、美台間保持不必要距離,或避免激怒中共時,只會讓自身變得更脆弱、更無力,且損及國家安全。",True,institution_only,False,,False,KEEP,0.5064389109611511,,,False,REVIEW
_4cd960cf1b76,_4cd960cf1b76_u007,"他強調,美台不應獎勵中共惡劣行徑。",claim,"易思安指出,過去40年來,尤其是近幾年,所有證據都顯示當台灣對事實妥協、美台間保持不必要距離,或避免激怒中共時,只會讓自身變得更脆弱、更無力,且損及國家安全。","談到台海情勢,李喜明說,或許有些人仍相信只要台灣不宣布獨立,中共就不會犯台。",[],[],False,,274f83e449885dd65adda0f389d3e465,False,01_Ho_chinatimes_news,2023-06-30 08:03:00,"他強調,美台不應獎勵中共惡劣行徑。",True,institution_only,False,,False,REVIEW,0.14549227058887482,KEEP,0.4494481682777405,False,REVIEW
_4cd960cf1b76,_4cd960cf1b76_u011,"他也呼籲,美國政府應清楚表明防衛台灣意願,藉此增強台灣自我防衛士氣。",claim,"至於該如何加強嚇阻、強化台灣人民戰鬥意願,李喜明建議,台灣應建立全志願國土防衛部隊,隨著越來越多人加入,便能向外界展現台灣人民堅強的戰鬥意願。","(編輯:張芷瑄)1120630 日本7月擴大台海危機非官方兵推 美日台首次齊聚 談為何而戰 李喜明:為了捍衛台灣自由民主 報告:中國若封鎖台灣 全球經濟損失更甚金融危機 經濟學人:台海衝突影響經濟甚於俄烏戰爭 日菲韓風險最高 李喜明:中共發展航艦非劍指台灣 目標稱霸世界 本網站之文字、圖片及影音,非經授權,不得轉載、公開播送或公開傳輸及利用。",[],[],False,,537d5964d50176c22a13274174bf718d,False,01_Ho_chinatimes_news,2023-06-30 08:03:00,"他也呼籲,美國政府應清楚表明防衛台灣意願,藉此增強台灣自我防衛士氣。",True,institution_only,False,,False,REVIEW,0.35516566038131714,,,False,REVIEW
_4b9b64bec603,_4b9b64bec603_u003,"這也反映台灣人民渴望居住正義,背後則是台灣貧富不均,當選後如何扭轉現況。",context,"賴清德:我是唯一沒有炒地炒房 已發表居住三大政策 侯友宜:凱旋苑到新莊土地都納稅申報 沒炒房炒地 總統候選人辯論會登場 賴侯柯交叉攻防 媒體提問第3題,鏡電視主播廖芳潔詢問,3位候選人近期在房地產上都有議題引發討論,雖都有部分處理,但爭議仍在延燒,要如何回應外界質疑、如何處置;","廖芳潔指出,預估各黨國會席次不會過半,大家都記得朝小野大、議事空轉的結果,如果當選後如何解決問題、穩定執政。",[],[],False,,8131015a83829a422465b020114af604,False,01_Ho_chinatimes_news,2023-12-30 15:35:00,"這也反映台灣人民渴望居住正義,背後則是台灣貧富不均,當選後如何扭轉現況。",True,institution_only,False,,False,KEEP,0.4619360864162445,,,True,REVIEW
_4b9b64bec603,_4b9b64bec603_u008,"第二,社會福利要偏向弱勢。",context,"針對廖芳潔提問,柯文哲說,「21世紀資本論」這本書講得很清楚,用錢賺錢比用勞力賺錢快,所以一定會貧富懸殊越來越厲害,只有兩個方法,第一,「所得稅要窮人課得多」(口誤,應為富人);","今天不是理論問題而是執行的問題,國家最欠缺的是執行力。",[],[],False,,348483fd287dac352d891be1085c2853,False,01_Ho_chinatimes_news,2023-12-30 15:35:00,"第二,社會福利要偏向弱勢。",True,institution_only,False,,False,REVIEW,0.3314449191093445,,,False,REVIEW
_525c0894baad,_525c0894baad_u014,"推動社會救助法,需要弱勢民眾。",context,"推動健保特赦,讓弱勢民眾可以加入健保;","賴清德承諾,他會秉持初衷,持續照顧勞工,持續挹注勞保,「只要政府在,我絕對不會讓勞保基金倒閉,我會保障勞工的退休生活」。",[],[],False,,e0dbe23a0e18810b2c720483fba79efd,False,01_Ho_chinatimes_news,2023-12-28 21:00:00,"推動社會救助法,需要弱勢民眾。",True,institution_only,False,,False,DROP,0.25308525562286377,REVIEW,0.0014672279357910156,False,REVIEW
_525c0894baad,_525c0894baad_u017,"他指出,中國把農產品當作政治手段來玩弄,所以政府要積極協助農產品外銷到更多國家;",claim,"另外,賴清德提到,他會採以農立國,推動幸福農業,讓農民過著快樂的生活。","經過這幾年努力,台灣農產品已可外銷到日本、韓國、新加坡、美國、加拿大、澳大利亞、紐西蘭以及許多印太國家,未來這個路線會持續來做。",[],[],False,,c6c79be25575c7387c8d99bcd7796b09,False,01_Ho_chinatimes_news,2023-12-28 21:00:00,"他指出,中國把農產品當作政治手段來玩弄,所以政府要積極協助農產品外銷到更多國家;",True,institution_only,False,,False,REVIEW,0.3262706398963928,,,False,REVIEW
_5712cb17dec8,_5712cb17dec8_u003,"透過連署取得參選資格的鴻海創辦人郭台銘並未登記,2024大選三足鼎立局面正式成形。",context,"2024總統、副總統候選人登記24日截止,藍白合於前一天破局後,柯文哲上午11時與副手吳欣盈到中選會登記,同一時間,國民黨舉行中常會,侯友宜當場宣布副手為中廣董事長趙少康,與賴清德等3組登記參選。","蕭美琴擔心黑暗政治漩渦曾猶豫投入選戰 盼全力為國家做事 趙少康:不做沒聲音副總統 該講就要講 「新光公主」吳欣盈任柯文哲副手 處理國際事務受倚重 小笠原欣幸分析綠藍白副手加分點 蕭美琴趙少康吳欣盈各有微妙影響 彭博指出,在野聯盟破局使親中選票散落在民進黨的挑戰者之間,這種局面將有利於希望強化台灣與華府關係的賴清德,但侯友宜、柯文哲力圖阻撓賴清德當選,他倆都曾說計劃重啟與北京的直接對話。",[],[],False,,886394f507a3ff21f895b3684009bef5,False,01_Ho_chinatimes_news,2023-11-26 22:29:00,"透過連署取得參選資格的鴻海創辦人郭台銘並未登記,2024大選三足鼎立局面正式成形。",True,institution_only,False,,False,KEEP,0.5037455558776855,,,True,REVIEW
_6e1f406731da,_6e1f406731da_u001,"歲月靜好也要有人負重前行,他願意扛起穩定台海的責任,讓人民過好日子。",context,"侯友宜生日許願:保衛國家與人民安全 2023/6/7 14:30 (6/7 15:16 更新) (中央社記者黃旭昇新北7日電)新北市長侯友宜今天過生日,他說,生日願望是保衛國家與人民的安全,想法與20多歲時的想法從未改變;","侯友宜昨天拜會新竹縣議會,並與新竹縣長楊文科、聯電榮譽副董事長宣明智等人交流。",[],[],False,,a3da542dbfa668a6371c2f338a91ed35,False,01_Ho_chinatimes_news,2023-06-07 14:30:00,"歲月靜好也要有人負重前行,他願意扛起穩定台海的責任,讓人民過好日子。",True,institution_only,False,,False,REVIEW,0.3385546803474426,,,True,REVIEW
_5199434d9b46,_5199434d9b46_u002,"金正恩表示:「美國長期以來引發並惡化朝鮮半島的政治不穩定,儘管歲末到來,美國仍持續對我國構成各種型態的軍事威脅。」 南韓、日本和美國最近啟動一項系統,分享對北韓發射飛彈的即時資訊,藉以抗衡北韓今年以來日益高升的飛彈與核子威脅。",claim,"北韓中央通信社報導指出,金正恩在執政勞動黨年終會議發言指出:「我認為我們不該再犯的一個錯誤,就是把稱我們為『主要敵人』的人,當成尋求和解統一的對象。」 南韓對北韓更強硬 國防白皮書6年來首次以敵人相稱 法新社報導,勞動黨中央委員會的5天會議於昨天結束,金正恩出席會議並發表談話。","而北韓先前曾形容,華府在朝鮮半島的美韓聯合演習中部署B-52轟炸機等戰略武器,為「蓄意的核戰挑釁之舉」。",[],[],False,,2cec04398f2a8f33fb99a3332de14ef2,False,01_Ho_chinatimes_news,2023-12-31 12:09:00,"金正恩表示:「美國長期以來引發並惡化朝鮮半島的政治不穩定,儘管歲末到來,美國仍持續對我國構成各種型態的軍事威脅。」 南韓、日本和美國最近啟動一項系統,分享對北韓發射飛彈的即時資訊,藉以抗衡北韓今年以來日益高升的飛彈與核子威脅。",True,institution_only,False,,False,KEEP,0.433021605014801,,,False,REVIEW
_5199434d9b46,_5199434d9b46_u005,"北韓上個月將間諜衛星送上軌道後,南韓隨即宣布中止一部分的2018年兩韓軍事協議。",context,"金正恩說:「我們必須迅速因應可能發生的核危機,並繼續加快準備工作,以在緊急情況下動員核武等所有有形資源和力量,以平定南韓全境。」兩韓關係今年已惡化至低點。","(譯者:紀錦玲/核稿:蔡佳敏)1121231 (中央社首爾31日綜合外電報導)北韓中央通信社(KCNA)今天報導,北韓2024年政策目標之一是發射額外3枚軍事偵察衛星,以推升北韓軍力,並監視敵軍。",[],[],False,,dca8608067e03c9f648894c5daa50595,False,01_Ho_chinatimes_news,2023-12-31 12:09:00,"北韓上個月將間諜衛星送上軌道後,南韓隨即宣布中止一部分的2018年兩韓軍事協議。",True,institution_only,False,,False,REVIEW,0.19250866770744324,KEEP,0.7457059621810913,False,REVIEW
_5199434d9b46,_5199434d9b46_u010,"北韓發射間諜衛星的舉動已推升區域緊張局勢,並引發美國、澳洲、日本和南韓的新一波制裁。",context,"北韓11月成功發射之前曾經歷二次失敗,其新型「千里馬1號」(Chollima-1)火箭墜毀在大海之中。","由於平壤當局迄今尚未發布任何出自這枚衛星的影像,引發分析家和各國政府在這枚衛星實際能力的討論。",[],[],False,,239e3e49e6674c20764f9fc7c154efb3,False,01_Ho_chinatimes_news,2023-12-31 12:09:00,"北韓發射間諜衛星的舉動已推升區域緊張局勢,並引發美國、澳洲、日本和南韓的新一波制裁。",True,institution_only,False,,False,REVIEW,0.20193174481391907,KEEP,0.8951970189809799,False,REVIEW
_5199434d9b46,_5199434d9b46_u011,"由於平壤當局迄今尚未發布任何出自這枚衛星的影像,引發分析家和各國政府在這枚衛星實際能力的討論。",context,"北韓發射間諜衛星的舉動已推升區域緊張局勢,並引發美國、澳洲、日本和南韓的新一波制裁。","(譯者:紀錦玲/核稿:蔡佳敏)1121231 金正恩下令加速作戰準備 反擊美國「對抗性舉動」 美國警告北韓:若發動核攻擊 將導致金氏政權終結 從事非法網路活動 北韓偵察總局局長遭南韓制裁 南韓:北韓內憂外患 提早推金正恩愛女鞏固世襲 北韓狂射逾200枚砲彈後 南韓宣布實彈演習 金與正罕見評價日相發言 稱兩國可共創新未來 北韓官媒:金正恩督導「海鵰-6」地對海飛彈試射 斷交65年 古巴南韓意外宣布恢復邦交 本網站之文字、圖片及影音,非經授權,不得轉載、公開播送或公開傳輸及利用。",[],[],False,,f025629304fd3e75e72f2157d044aaa4,False,01_Ho_chinatimes_news,2023-12-31 12:09:00,"由於平壤當局迄今尚未發布任何出自這枚衛星的影像,引發分析家和各國政府在這枚衛星實際能力的討論。",True,institution_only,False,,False,REVIEW,0.2462441623210907,KEEP,0.887465700507164,False,REVIEW
_097b40e9b73c,_097b40e9b73c_u013,"財政部財政資訊中心指出,本期電子發票對中特別獎、特獎、頭獎與雲端發票專屬百萬元獎等4大獎項幸運得主,共計109位,獎金合計超過2億1700萬元;",claim,"使用載具儲存雲端發票(會員載具需於開獎前完成歸戶),且未列印出電子發票證明聯者,可透過「財政部統一發票兌獎APP」設定領獎帳戶兌領全部獎項,並可免繳印花稅。","109位中獎得主中,有79位使用載具儲存雲端發票。",[],[],False,,60b19db03cf2b8774bf2773f6d1977ad,False,01_Ho_chinatimes_news,2023-12-04 20:15:00,"財政部財政資訊中心指出,本期電子發票對中特別獎、特獎、頭獎與雲端發票專屬百萬元獎等4大獎項幸運得主,共計109位,獎金合計超過2億1700萬元;",True,institution_only,False,,False,DROP,0.15183034539222717,DROP,-0.020895004272460938,False,REVIEW
_95db13180a35,_95db13180a35_u004,"年輕選民關心的議題是什麼,參選人都相當關心。",context,"20歲至40歲民眾約占台灣人口1/4,根據中選會委託研究報告指出,2020大選40歲以下選民投票率超過7成,且年輕女性投票率比男性踴躍,投票動向相當關鍵,也讓參選人把握和年輕人對談機會,提出「牛肉」。","台灣青年民主協會理事長張育萌說,首投族或20多歲年輕人對政治比較有印象以來,多數時間都是民進黨執政。",[],[],False,,4beeca4dc391239e6e667d0b921070e8,False,01_Ho_chinatimes_news,2023-12-13 14:27:00,"年輕選民關心的議題是什麼,參選人都相當關心。",True,institution_only,False,,False,KEEP,0.485547810792923,,,False,REVIEW
_5f5021f654b6,_5f5021f654b6_u005,"從政後,則自民意當中檢討、反省、改進、補足缺失,藉以在承擔更大責任時,能夠撐起國家的需要,讓國家前進。",context,"他也說,他並不是賴神,而是跟許多人一樣來自平凡家庭,過去從醫時,從病人的痛苦跟需求當中精進醫術,也回饋、照顧病人;","提到蔡總統執政8年,賴清德說,蔡總統帶領中華民國台灣推動轉型改革,落實長期堅持的社會價值,讓國際社會認定台灣是一個文明、勇敢而且值得尊敬的國家,這要感謝民眾支持蔡總統領導的團隊,也要感謝軍公教與社會大眾,共同努力讓國家走進正確的道路。",[],[],False,,f9e89bd8d8318f0274169d5def87471c,False,01_Ho_chinatimes_news,2023-12-30 17:10:00,"從政後,則自民意當中檢討、反省、改進、補足缺失,藉以在承擔更大責任時,能夠撐起國家的需要,讓國家前進。",True,institution_only,False,,False,KEEP,0.5590322017669678,,,False,REVIEW
_5f5021f654b6,_5f5021f654b6_u019,"我不是賴神,我跟許許多多人一樣都來自平凡的家庭,過去我從醫時,我從病人的痛苦跟需求當中精進醫術,也回饋、照顧他們,我從政之後也從民意當中檢討、反省、改進、補足自己的缺失,讓我在承擔更大責任的時候,能夠撐得起國家的需要,讓國家能夠前進。",context,"民意就是我們的養分,對政府、對政黨、對政治、個人通通都是如此。","近30年來,我從民代到地方、中央的行政歷練,我已經做好了準備,未來我跟美琴,我們一定會建立一個有效能的政府,照顧全國每一個父老鄉親。",[],[],False,,5b3daad62977356197efd68bd8f7a881,False,01_Ho_chinatimes_news,2023-12-30 17:10:00,"我不是賴神,我跟許許多多人一樣都來自平凡的家庭,過去我從醫時,我從病人的痛苦跟需求當中精進醫術,也回饋、照顧他們,我從政之後也從民意當中檢討、反省、改進、補足自己的缺失,讓我在承擔更大責任的時候,能夠撐得起國家的需要,讓國家能夠前進。",True,institution_only,False,,False,DROP,0.2478615641593933,DROP,-0.02578836679458618,False,REVIEW
_5f5021f654b6,_5f5021f654b6_u020,"近30年來,我從民代到地方、中央的行政歷練,我已經做好了準備,未來我跟美琴,我們一定會建立一個有效能的政府,照顧全國每一個父老鄉親。",context,"我不是賴神,我跟許許多多人一樣都來自平凡的家庭,過去我從醫時,我從病人的痛苦跟需求當中精進醫術,也回饋、照顧他們,我從政之後也從民意當中檢討、反省、改進、補足自己的缺失,讓我在承擔更大責任的時候,能夠撐得起國家的需要,讓國家能夠前進。","另外我也要感謝台灣人民支持蔡英文總統領導的團隊,也要感謝堅守崗位的軍公教同仁,更要感謝廣大的社會大眾,我們共同努力已經讓國家走進了正確的道路上,這八年來我們選擇踏實外交、國防自主的道路,讓台灣得到國際社會更大的支持;",[],[],False,,37bca0c68da0a4c967ae0a0edb0ddd92,False,01_Ho_chinatimes_news,2023-12-30 17:10:00,"近30年來,我從民代到地方、中央的行政歷練,我已經做好了準備,未來我跟美琴,我們一定會建立一個有效能的政府,照顧全國每一個父老鄉親。",True,institution_only,False,,False,REVIEW,0.40502774715423584,,,False,REVIEW
_5f5021f654b6,_5f5021f654b6_u027,一個擺脫依賴中國的經濟、一個不再屈服於中國壓力的時代;,context,"這是我們共同創造的,屬於台灣的時代,一個更有文化自信、更有國家尊嚴的時代;","一個讓政府扛起更多責任,接住每一個徬徨、需要幫助的每一個個人,我們看見了未來,我們也掌握、落實新的價值。",[],[],False,,d5b0e2e1d9fd619126e6d51f2c821f5a,False,01_Ho_chinatimes_news,2023-12-30 17:10:00,一個擺脫依賴中國的經濟、一個不再屈服於中國壓力的時代;,True,institution_only,False,,False,REVIEW,0.40429461002349854,,,True,REVIEW
_5f5021f654b6,_5f5021f654b6_u028,"一個讓政府扛起更多責任,接住每一個徬徨、需要幫助的每一個個人,我們看見了未來,我們也掌握、落實新的價值。",context,一個擺脫依賴中國的經濟、一個不再屈服於中國壓力的時代;,"台灣好不容易走上了這條道路,絕對不能夠再走回頭路,賴清德和蕭美琴會持續在這條道路上讓台灣走得更穩、走得更遠,我們會打造有力的政府,不分黨派、用人唯才,傾聽民意的期待,團結所有的力量,讓中華民國台灣能夠有更好的未來,這不是戰爭與和平的選擇,而是走向未來,或者是走回過去的選擇。",[],[],False,,9abaa9b5801b61dc42addec8ee59d270,False,01_Ho_chinatimes_news,2023-12-30 17:10:00,"一個讓政府扛起更多責任,接住每一個徬徨、需要幫助的每一個個人,我們看見了未來,我們也掌握、落實新的價值。",True,institution_only,False,,False,REVIEW,0.4016513228416443,,,False,REVIEW
_d18308807836,_d18308807836_u013,廣設志願役人員職務宿舍。,context,擴大辦理陸軍官校建校100週年慶祝活動;,"至於「十大建設打造可恃嚇阻戰力」,侯友宜表示,他要發展「機動、匿蹤、智慧、小型、大量」等不易被偵知且難以反制的「 「不對稱作戰」是美軍提出的一種新作戰理論,相對於「對稱作戰」而來。這個軍事術語是指採取非傳統或非正規方法,避免和敵人強點對抗,在衡量雙方相對態勢後,發揮己方優勢並選擇敵人弱點加以痛擊,以獲得預期軍事或政治目的。 資料來源:海軍學術雙月刊 」;",[],[],False,,fe21013f063d6d4a501f228efc31279a,False,01_Ho_chinatimes_news,2023-12-11 17:19:00,廣設志願役人員職務宿舍。,True,institution_only,False,,False,REVIEW,0.17873668670654297,KEEP,0.40225064754486084,False,REVIEW
_d18308807836,_d18308807836_u016,持續強化可跨海打擊共軍目標的「聯合制壓作戰」能力;,context,"藉建構完整的三軍共同圖像,大幅提升視距外接戰能力、接戰效率殺傷效果;",提升國軍重要設施的資安防禦與備援能力;,[],[],False,,da7d8bb298cab18eb6a6ed3063c1193b,False,01_Ho_chinatimes_news,2023-12-11 17:19:00,持續強化可跨海打擊共軍目標的「聯合制壓作戰」能力;,True,institution_only,False,,False,REVIEW,0.3937074542045593,,,False,REVIEW
_d18308807836,_d18308807836_u017,提升國軍重要設施的資安防禦與備援能力;,context,持續強化可跨海打擊共軍目標的「聯合制壓作戰」能力;,"維持高效、精銳基本戰力,淘汰用人多卻火力不足的裝備,並調整地面部隊戰鬥個裝,提升個人防護標準。",[],[],False,,40345f25e14b9b39835f6457d02d654a,False,01_Ho_chinatimes_news,2023-12-11 17:19:00,提升國軍重要設施的資安防禦與備援能力;,True,institution_only,False,,False,REVIEW,0.26799649000167847,,,False,REVIEW
_17943ab23566,_17943ab23566_u006,"邱慧洳說明,司法改革方面,制定不法關說罪、不法餽贈罪、影響利益交易罪、棄保潛逃罪、吹哨者保護法,並強化犯罪偵查的量能,落實檢調獨立,讓政治黑手不能介入檢調。",claim,"國會改革方面,邱慧洳提到,民眾黨主張修改立法院職權行使法,建立聽證制度、定期邀請總統赴國會進行國情報告,並聽取立法院黨團建議、推動修憲恢復閣揆同意權、增加人事同意權審查密度。","邱慧洳表示,媒體改革部分,民眾黨主張制定反媒體壟斷法、制定廣電三法,樹立3大透明原則,分別是財報透明、補助透明、股權透明,讓媒體回歸專業及獨立性,並嚴禁黨政黑手介入公共媒體。",[],[],False,,b1a23e6bcc8c4b7b64d9543da32e44df,False,01_Ho_chinatimes_news,2024-01-08 21:04:00,"邱慧洳說明,司法改革方面,制定不法關說罪、不法餽贈罪、影響利益交易罪、棄保潛逃罪、吹哨者保護法,並強化犯罪偵查的量能,落實檢調獨立,讓政治黑手不能介入檢調。",True,institution_only,False,,False,REVIEW,0.34985315799713135,,,False,REVIEW
_cc9b433ef9e9,_cc9b433ef9e9_u023,"不具名的挺郭中常委說,郭台銘支持度不差,建議侯郭搭配,也請黨內人士不要見縫插針、搞分裂。",claim,"雖然郭台銘未獲徵召,但有幾位挺郭中常委在下午中常會主動發言,盼黨中央讓郭台銘擔任侯友宜副手;","不過,對於部分挺郭中常委的建議,朱立倫未表示意見。",[],[],False,,27c3de811c6bf6aa2ed4b6f3621f31ea,False,01_Ho_chinatimes_news,2023-05-17 16:39:00,"不具名的挺郭中常委說,郭台銘支持度不差,建議侯郭搭配,也請黨內人士不要見縫插針、搞分裂。",True,institution_only,False,,False,KEEP,0.639478862285614,,,False,REVIEW
_c6927e110fac,_c6927e110fac_u007,"透過 Google News 盧秀燕指出,不只豐原、山城的民眾,台中市政府也需要江啟臣,她細數江啟臣爭取各項建設,包含已復工的東豐快速道路、豐富專案、豐原國民運動中心等,台中市的大小建設都有江啟臣的影子。",claim,"馬英九肯定江啟臣凡事以民意為依歸,全力為鄉親服務,江啟臣從新聞局長到返鄉選舉當刺客,成功突圍後,進入立法院在國防外交委員會發揮專長。","她也呼籲民眾支持國民黨正副總統參選人侯友宜、趙少康,她說,「自己的政黨執政,捷運軌道及各建設就都有了」。",[],[],False,,41442a1699e06af2784b216476b0144b,False,01_Ho_chinatimes_news,2023-11-26 17:42:00,"透過 Google News 盧秀燕指出,不只豐原、山城的民眾,台中市政府也需要江啟臣,她細數江啟臣爭取各項建設,包含已復工的東豐快速道路、豐富專案、豐原國民運動中心等,台中市的大小建設都有江啟臣的影子。",True,institution_only,False,,False,KEEP,0.5845355987548828,,,False,REVIEW
_4813f9b5ff97,_4813f9b5ff97_u008,"另外,北市都市發展局昨晚針對大直街重災戶召開公辦都更範圍評估說明會,蔣萬安今天表示,一定會依住戶意願,以最快程序完成重建,讓住戶重返家園,接下來每週有3天會派人到場駐點,回應住戶提出問題。",claim,"他說,消防局會嚴謹檢查大巨蛋須改善內容,若消防安檢通過,後續有建管處審照圖說,遠雄要修訂後,市府才會在完全符合安全標準發放大巨蛋使照。","至於台北市衛生局日前因中央畜產會僅提供部分進口蛋資料,以違反食安法裁罰新台幣3萬元,針對後續狀況,蔣萬安說,因畜產會未提供完整資料,北市府依食安法規定開罰,且已要求須補齊相關資料,並清楚告知應提供市府所需資料,若10月2日未提出完整資料,就依法加重開罰。",[],[],False,,f3d9a5562343a92c793d0e2e8a9bb576,False,01_Ho_chinatimes_news,2023-09-29 17:07:00,"另外,北市都市發展局昨晚針對大直街重災戶召開公辦都更範圍評估說明會,蔣萬安今天表示,一定會依住戶意願,以最快程序完成重建,讓住戶重返家園,接下來每週有3天會派人到場駐點,回應住戶提出問題。",True,institution_only,False,,False,REVIEW,0.37517598271369934,,,False,REVIEW
_4813f9b5ff97,_4813f9b5ff97_u010,"透過 Google News 蔣萬安被問及北市警方因農業部提告進行查緝變色雞蛋的看法時表示,警方是依相關規定及程序,但民眾真正期待是政府應有捍衛食安效率及決心,政府應要展現面對進口蛋爭議並提出解決方案,更要站在人民立場,這才是最重要的。",claim,"至於台北市衛生局日前因中央畜產會僅提供部分進口蛋資料,以違反食安法裁罰新台幣3萬元,針對後續狀況,蔣萬安說,因畜產會未提供完整資料,北市府依食安法規定開罰,且已要求須補齊相關資料,並清楚告知應提供市府所需資料,若10月2日未提出完整資料,就依法加重開罰。","民眾黨總統參選人柯文哲日前批評國民黨講藍白合一定要當正的,昨天又稱「最後一定會合」;",[],[],False,,12f54377fb240c9594952be258d25d46,False,01_Ho_chinatimes_news,2023-09-29 17:07:00,"透過 Google News 蔣萬安被問及北市警方因農業部提告進行查緝變色雞蛋的看法時表示,警方是依相關規定及程序,但民眾真正期待是政府應有捍衛食安效率及決心,政府應要展現面對進口蛋爭議並提出解決方案,更要站在人民立場,這才是最重要的。",True,institution_only,False,,False,REVIEW,0.2944692373275757,,,False,REVIEW
_4dbcb98e1c97,_4dbcb98e1c97_u014,"第二則是經濟,涉及雙方談判;",context,"柯文哲指出,跟中國交流分3個層面,第一是宗教、旅遊、文化,這沒有爭議可先恢復;","第三是政治,但這階段有點困難。",[],[],False,,abe53d0e9e17fcf0586a01bd3cfc993a,False,01_Ho_chinatimes_news,2024-01-12 11:22:00,"第二則是經濟,涉及雙方談判;",True,institution_only,False,,False,REVIEW,0.3702545762062073,,,True,REVIEW
_5c022f2d5c57,_5c022f2d5c57_u001,"戰爭不是選項,而是要有尊嚴的和平,經濟才能穩健發展,強化自我防衛能力不是要挑釁鄰居,不設防才是最危險的。",context,"蔡總統:戰爭不是選項 台灣人要選擇有尊嚴的和平 2023/12/3 17:37 (12/3 17:53 更新) (中央社記者陳俊華、葉素萍台北3日電)總統蔡英文今天說,在野黨說2024是和平與戰爭的選擇,這是危言聳聽,看看香港、台灣不要香港式和平;","民進黨總統參選人賴清德、副總統參選人蕭美琴今天舉辦全國暨台北市立委聯合競總成立大會,蔡總統、行政院長陳建仁、前行政院長蘇貞昌等人出席站台。",[],[],False,,c72a1e94328f0ef5dc0ed4aacbc40321,False,01_Ho_chinatimes_news,2023-12-03 17:37:00,"戰爭不是選項,而是要有尊嚴的和平,經濟才能穩健發展,強化自我防衛能力不是要挑釁鄰居,不設防才是最危險的。",True,institution_only,False,,False,REVIEW,0.2679521441459656,,,True,REVIEW
_5c022f2d5c57,_5c022f2d5c57_u007,"看看香港、想想台灣,台灣不要香港式和平,要有尊嚴的和平,經濟才能穩健發展;",context,"蔡總統指出,在野黨危言聳聽,說2024是「和平與戰爭」的選擇,但沒有人要戰爭、大家都要和平。","確保和平需要強化自我防衛能力,家門裝鎖、加裝保全不是為了挑釁鄰居,而是為了更安全。",[],[],False,,9702160f6afe028c5a3ddb813eb524a3,False,01_Ho_chinatimes_news,2023-12-03 17:37:00,"看看香港、想想台灣,台灣不要香港式和平,要有尊嚴的和平,經濟才能穩健發展;",True,institution_only,False,,False,REVIEW,0.4155210256576538,,,True,REVIEW
_5c022f2d5c57,_5c022f2d5c57_u011,"戰爭不是選項,2024大選是台灣人民要選擇有尊嚴的和平,「我們不會懷疑支持台灣的朋友」,更會讓全世界繼續信賴台灣。",claim,"有民主價值、有世界支持、有自我防衛實力的和平,才是有尊嚴的和平;","蔡總統指出,去年「國際透明組織」全球評比,台灣的清廉指數創下27年來最佳成績,她不會容忍執政團隊的不肖個案與害群之馬;",[],[],False,,684b753572704fb78e485db25ea3997a,False,01_Ho_chinatimes_news,2023-12-03 17:37:00,"戰爭不是選項,2024大選是台灣人民要選擇有尊嚴的和平,「我們不會懷疑支持台灣的朋友」,更會讓全世界繼續信賴台灣。",True,institution_only,False,,False,KEEP,0.49376359581947327,,,True,REVIEW
_5c022f2d5c57,_5c022f2d5c57_u016,"要讓司法伸張正義,依照證據、專業辦案,該查就查、該辦就辦,這才是負責任的政府。",context,"總統支持司法改革、支持司法進步、尊重司法獨立,但是總統不能介入司法個案。","透過 Google News 蔡總統表示,執政道路儘管有所起伏,但台灣始終在正確道路上前進,「我相信賴清德、我相信蕭美琴能接棒蔡英文」,在對的路上帶領台灣前進;",[],[],False,,b64284bb62f36a227b1d8767000bb67e,False,01_Ho_chinatimes_news,2023-12-03 17:37:00,"要讓司法伸張正義,依照證據、專業辦案,該查就查、該辦就辦,這才是負責任的政府。",True,institution_only,False,,False,REVIEW,0.20966383814811707,KEEP,0.4469532370567322,False,REVIEW
_b1c9db22dda0,_b1c9db22dda0_u017,"尊重多元、關心弱勢,建立公義社會;",context,"透過 Google News 對於藍白總統參選人就定位,民進黨總統參選人賴清德說,他期待所有參與這場選舉的對手有3項體認與使命,包括,確保主權及自由民主憲政;",告訴全世界民主是台灣的品牌價值。,[],[],False,,72fef04597e0deb2ae83a0f1fc37c68d,False,01_Ho_chinatimes_news,2023-05-17 19:38:00,"尊重多元、關心弱勢,建立公義社會;",True,institution_only,False,,False,REVIEW,0.26754558086395264,,,False,REVIEW
_8757d3cc3eb3,_8757d3cc3eb3_u006,"陳明仁也說,台灣跟印度尚未簽訂MOU,且簽訂MOU只是一個框架下的決議,但後續有關於要引進移工的種類、人數、相關把關機制等,都還有待MOU簽訂後續的工作層級會議,才能討論並確定。",claim,"侯友宜今天在第二輪政見發表時提到,「印度移工要開放10萬人,彭博報導已經簽了MOU,為什麼不承認」,勞動部次長陳明仁告訴中央社記者,這是「錯誤的訊息、假訊息」,勞動部已經多次澄清。","透過 Google News 陳明仁也說,很遺憾即便經過多次澄清,還是有人引用錯假訊息,「非常遺憾」。",[],[],False,,eb86e60c5f493fd85b53885ccdae514e,False,01_Ho_chinatimes_news,2023-12-20 20:52:00,"陳明仁也說,台灣跟印度尚未簽訂MOU,且簽訂MOU只是一個框架下的決議,但後續有關於要引進移工的種類、人數、相關把關機制等,都還有待MOU簽訂後續的工作層級會議,才能討論並確定。",True,institution_only,False,,False,REVIEW,0.3670734167098999,,,True,REVIEW
_8757d3cc3eb3,_8757d3cc3eb3_u007,"透過 Google News 陳明仁也說,很遺憾即便經過多次澄清,還是有人引用錯假訊息,「非常遺憾」。",claim,"陳明仁也說,台灣跟印度尚未簽訂MOU,且簽訂MOU只是一個框架下的決議,但後續有關於要引進移工的種類、人數、相關把關機制等,都還有待MOU簽訂後續的工作層級會議,才能討論並確定。","陳明仁強調,後續若台灣跟印度簽訂MOU有適當進展,會再跟國人報告。",[],[],False,,a0ce820bdf00ff1250cfc172c00a3257,False,01_Ho_chinatimes_news,2023-12-20 20:52:00,"透過 Google News 陳明仁也說,很遺憾即便經過多次澄清,還是有人引用錯假訊息,「非常遺憾」。",True,institution_only,False,,False,REVIEW,0.31040242314338684,,,False,REVIEW
_9ceaf5e79fc8,_9ceaf5e79fc8_u006,"團體協約法方面,企業併購時,很多資遣或勞動條件要列入誠信協商事項。",context,"侯友宜主張,有3項法律要修訂,包括公司法中應新增一名勞工當董事,在董事會表達勞工心聲;","勞動基準法部分,侯友宜說,當事業單位改組或轉讓時,雇主代表必須與工會協商,留用勞工原則與勞動條件,無工會者由勞資會議商定。",[],[],True,legislative,18cfe4ecb89407fbd9331a669925a15c,False,01_Ho_chinatimes_news,2023-11-29 20:11:00,"團體協約法方面,企業併購時,很多資遣或勞動條件要列入誠信協商事項。",True,institution_only,False,,False,REVIEW,0.1719675362110138,KEEP,0.7109404951334,False,REVIEW
_9ceaf5e79fc8,_9ceaf5e79fc8_u008,"同時,為避免企業惡意資遣員工,如果合併對象為關係企業,就必須留用全數勞工。",context,"勞動基準法部分,侯友宜說,當事業單位改組或轉讓時,雇主代表必須與工會協商,留用勞工原則與勞動條件,無工會者由勞資會議商定。","侯友宜表示,在軍公教薪資審議委員會中,每4名專家學者,至少應有1名是由受僱者指定推派;",[],[],False,,af3999d44fa8a1c5ea62dfef78e43b44,False,01_Ho_chinatimes_news,2023-11-29 20:11:00,"同時,為避免企業惡意資遣員工,如果合併對象為關係企業,就必須留用全數勞工。",True,institution_only,False,,False,REVIEW,0.11862272769212723,KEEP,0.12368929386138916,False,REVIEW
_9ceaf5e79fc8,_9ceaf5e79fc8_u029,針對勞工放假制度。,context,"因此加薪只是手段,政府要扮演企業引導者,「利民是利大部分勞工,不是利企業」。","侯友宜說,勞工希望之前被砍的7天國定紀念日可以恢復,「我很實在,這做不到」,他主張行憲紀念日、勞動節都可以全面放假,原本1年「3天不併入病假」的生理假增加至「6天不併入病假」。",[],[],False,,dc579bf0538e17380aa04ab17c98fedc,False,01_Ho_chinatimes_news,2023-11-29 20:11:00,針對勞工放假制度。,True,institution_only,False,,False,REVIEW,0.16505827009677887,KEEP,0.9200998768210411,False,REVIEW
_de61019a7e04,_de61019a7e04_u001,"2胎以上優先抽社會住宅與購買地上權住宅,青年購屋超低利貸款提升到1200萬元等。",context,"侯友宜住宅政策4大主張 參考新加坡推公地地上權住宅 2023/10/27 13:09 (10/27 21:17 更新) (中央社記者劉冠廷台北27日電)國民黨總統參選人侯友宜今天發布住宅政策主張,承諾當選後要做到居住正義120萬戶,參考新加坡推公地地上權住宅,結婚青年家戶(排富)可購買一般住宅市價7折的地上權住宅;","侯友宜今天在記者會中提出4大住宅政見主張,包括「公宅多元六措施」、「育兒成家有宅住」、「炒房遏止穩房價」、「都更升級有保障」。",[],[],False,,32c64b9e7f4481904b2a9141d5811da6,False,01_Ho_chinatimes_news,2023-10-27 13:09:00,"2胎以上優先抽社會住宅與購買地上權住宅,青年購屋超低利貸款提升到1200萬元等。",True,institution_only,False,,False,DROP,0.17667272686958313,REVIEW,0.025304734706878662,False,REVIEW
_de61019a7e04,_de61019a7e04_u007,"如出售,研議由政府照價收購。",context,"此外,侯友宜參考新加坡提出「公地地上權住宅」,結婚青年家戶(排富)可購買一般住宅市價7折的地上權住宅,使用權70年;","政府開發取得土地,財務平衡下不得出售,並可推動地上權住宅,開放民間參與。",[],[],False,,9362fb3009ef8054216e6969ec73750c,False,01_Ho_chinatimes_news,2023-10-27 13:09:00,"如出售,研議由政府照價收購。",True,institution_only,False,,False,REVIEW,0.16217485070228577,KEEP,0.44600945711135864,False,REVIEW
_de61019a7e04,_de61019a7e04_u008,"政府開發取得土地,財務平衡下不得出售,並可推動地上權住宅,開放民間參與。",context,"如出售,研議由政府照價收購。","在「育兒成家有宅住」的部分,侯友宜主張「2胎抽得到 」,2胎(含)以上家庭優先抽社會住宅與購買地上權住宅,採輪候制。",[],[],False,,e6005e9b422e0e5140e4e8413c2f2080,False,01_Ho_chinatimes_news,2023-10-27 13:09:00,"政府開發取得土地,財務平衡下不得出售,並可推動地上權住宅,開放民間參與。",True,institution_only,False,,False,REVIEW,0.2719274163246155,,,False,REVIEW
_de61019a7e04,_de61019a7e04_u014,"4房以上囤房課稅,以實價登錄價格設算,所得專用於住宅政策,包含興辦社會住宅及租金補貼。",context,"至於「炒房遏止穩房價」方面,侯友宜說,將設置行政院層級中央住宅委員會,提出國家住宅計畫與跨部會打炒房小組,也將重新檢討不動產交易所得稅,實踐漲價歸公。","透過 Google News 在「都更升級有保障」部分,侯友宜說,將檢討全國住宅需求,30年以上老屋,提出容積與環境需求,得給予容積提高,並繳納合理費用,用於城市環境改善。",[],[],False,,8d325cb04146570b133c1dad71c09a2a,False,01_Ho_chinatimes_news,2023-10-27 13:09:00,"4房以上囤房課稅,以實價登錄價格設算,所得專用於住宅政策,包含興辦社會住宅及租金補貼。",True,institution_only,False,,False,DROP,0.22645944356918335,REVIEW,0.04344332218170166,False,REVIEW
_de61019a7e04,_de61019a7e04_u016,"同時推動跨街廓容積全額調派至車站附近的大街廓都更,放寬容積移入上限並檢討現行措施;",context,"透過 Google News 在「都更升級有保障」部分,侯友宜說,將檢討全國住宅需求,30年以上老屋,提出容積與環境需求,得給予容積提高,並繳納合理費用,用於城市環境改善。","同時,為因應極端氣候、地質敏感區等災害,採跨街廓容積全額調派,提高防災住宅容積獎勵 。",[],[],False,,4c1f91cccb53cb113d1d1694f0a737f3,False,01_Ho_chinatimes_news,2023-10-27 13:09:00,"同時推動跨街廓容積全額調派至車站附近的大街廓都更,放寬容積移入上限並檢討現行措施;",True,institution_only,False,,False,REVIEW,0.26135697960853577,,,False,REVIEW
_48a693c6a029,_48a693c6a029_u009,"另外,在縣治特區規劃設置1處社會住宅,以吸引青年返鄉就業。",context,"透過 Google News 蔡易餘指出,規劃在馬稠後產業園區設立1處獨立園區,交由國科會管理,並屬於嘉義科學園區範圍,專門吸引半導體的供應鏈廠商;","詹琬蓁說,過去9年擔任嘉義縣議員,非常用心且認真的在監督縣政,同時也遇到很多是議員沒有辦法做的事情,因此,決定出來參選立委,希望自己可以去了解中央到底在做什麼事情、怎麼樣可以爭取到更多經費、如何將地方基層的民意傳達給中央。",[],[],False,,195491d666c877099d647154a3c0a0d0,False,01_Ho_chinatimes_news,2024-01-05 19:04:00,"另外,在縣治特區規劃設置1處社會住宅,以吸引青年返鄉就業。",True,institution_only,False,,False,DROP,0.24761822819709778,REVIEW,0.04626429080963135,False,REVIEW
_cc9c9401df9d,_cc9c9401df9d_u001,"新北市政府說,須尊重司法判決。",claim,"八仙塵爆案呂忠吉要侯友宜道歉 新北市府稱尊重判決 2023/7/7 14:00 (7/7 15:03 更新) (中央社記者王朝鈺、黃旭昇宜蘭7日電)八仙塵爆案主辦公司負責人呂忠吉今天服刑期滿出獄,接受媒體聯訪時,要求時任新北市副市長侯友宜好好面對,向家屬道歉;","八仙塵爆案判5年定讞 呂忠吉執行期滿出獄 呂忠吉表示,侯友宜派局處首長出面說他脫產,「我哪裡脫產?」他還主動告訴檢調,哪邊還有錢沒扣到可去扣。",[],[],False,,48a17e929747ea313ee3c073e34917d9,False,01_Ho_chinatimes_news,2023-07-07 14:00:00,"新北市政府說,須尊重司法判決。",True,institution_only,False,,False,REVIEW,0.17419373989105225,KEEP,0.22109586000442505,False,REVIEW
_cc9c9401df9d,_cc9c9401df9d_u008,"全案緣於瑞博國際整合行銷有限公司、玩色創意國際有限公司民國104年6月27日在八仙樂園辦彩色派對,發生粉塵爆炸,造成15人死亡、400多人輕重傷,呂忠吉判刑5年定讞。",context,"新北市府說,該負責的人須以誠懇態度面對並負起責任,才不會再造成受害者與家屬更多傷害。","民事求償部分,台灣士林地方法院今年4月判決呂忠吉等應賠償4億588萬餘元,中華民國消費者文教基金會另代替其他337名受害者提起72億餘元團體訴訟案,仍在士院審理。",[],[],False,,d75d486461bdbf7eac5237d98536dda6,False,01_Ho_chinatimes_news,2023-07-07 14:00:00,"全案緣於瑞博國際整合行銷有限公司、玩色創意國際有限公司民國104年6月27日在八仙樂園辦彩色派對,發生粉塵爆炸,造成15人死亡、400多人輕重傷,呂忠吉判刑5年定讞。",True,institution_only,False,,False,DROP,0.20436632633209229,DROP,-0.004435598850250244,False,REVIEW
_5a3420bb4a31,_5a3420bb4a31_u006,"另外,債務問題對苗栗縣不公平,應該平反、還縣民一個公道,全力協助解決財政困難,幫苗栗人完成夢想。",context,"侯友宜指出,陳超明在地服務30年,用生命為苗栗打拚,邱鎮軍希望替苗栗打造有科技夢的城市,他若當選總統,對於2人政見一定逐一落實;","侯友宜說,民進黨口口聲聲稱民主,但過去8年來,一黨獨大專制,立法院法案說過就過、說不過就不過,百姓痛苦指數升高、貧富差距越來越大,日子難過,人民一直等、一直忍,卻看不到希望,「該讓民進黨下台了」。",[],[],False,,67f6291c1985c62092d58978f5b7f703,False,01_Ho_chinatimes_news,2023-12-05 22:35:00,"另外,債務問題對苗栗縣不公平,應該平反、還縣民一個公道,全力協助解決財政困難,幫苗栗人完成夢想。",True,institution_only,False,,False,KEEP,0.46782833337783813,,,False,REVIEW
_73efa5757704,_73efa5757704_u012,"透過 Google News 第4個主張是升級文資防護系統,加強文資安全防護工作,實施防災演練,並強化安全監視系統。",claim,"公私合作閱讀計畫,讓圖書館升級與轉型。","最後,侯友宜主張透過加強兩岸與國際文化交流,與世界各大博物館合作策展,重新擦亮「金馬獎」成為華人影壇重心,協助流行文化根留台灣、前進世界市場,達成讓台灣成為亞洲流行文化基地、中華文化中心的目標。",[],[],False,,0c0b937053f17b9ce74502f5bd61ea08,False,01_Ho_chinatimes_news,2023-11-08 14:15:00,"透過 Google News 第4個主張是升級文資防護系統,加強文資安全防護工作,實施防災演練,並強化安全監視系統。",True,institution_only,False,,False,REVIEW,0.2805422842502594,,,False,REVIEW
_01f6fdd49199,_01f6fdd49199_u007,"至於目前支持度偏低的郭台銘即使參選,對大局也不會有太大影響。",claim,"如果明天就投票,還是綠、藍、白三腳督機率較高;","賴清德陣營10月進入熱戰 圍攻柯侯慎防藍白合 侯友宜強化組織動員秀肌肉 尋求整合柯文哲郭台銘 清理染黑染虹戰場 柯文哲要對綠營轉守為攻 藍營防堵 郭台銘造浪拚突圍 回顧歷年總統選舉三腳督案例,最激烈一役,莫過於2000年國民黨連戰與出走籌組親民黨的宋楚瑜決裂,對戰民進黨陳水扁。",[],[],False,,abaa929a8c2632da03246722b48bcebd,False,01_Ho_chinatimes_news,2023-10-05 18:03:00,"至於目前支持度偏低的郭台銘即使參選,對大局也不會有太大影響。",True,institution_only,False,,False,KEEP,0.4872416853904724,,,False,REVIEW
_01f6fdd49199,_01f6fdd49199_u022,"且按照台灣過去8年政黨輪替的政治文化,很多中間選民或年輕人會認為可換人做做看,因此選票多少會有侷限性。",claim,"沈有忠說,民進黨執政近8年,最近也面臨雞蛋等議題,對於賴清德來說是先天包袱。","就像賴清德在年輕選票一開始就落後柯文哲,現在雖然有拉起來,但與過去蔡總統表現仍有落差。",[],[],False,,90262969c67d3fbc5bd164121b5427a7,False,01_Ho_chinatimes_news,2023-10-05 18:03:00,"且按照台灣過去8年政黨輪替的政治文化,很多中間選民或年輕人會認為可換人做做看,因此選票多少會有侷限性。",True,institution_only,False,,False,KEEP,0.5925166606903076,,,False,REVIEW
_b38e5b84ec5e,_b38e5b84ec5e_u005,"何欣純指出,大里區人口增長,教育文化、工商發展、藝文表演、各項地方建設需求非常大,她會全力向中央爭取各項資源,希望能夠促進在地就業、活絡當地經濟。",claim,"細數過去政績,何欣純說,工商發展好居住,交通要先行,台74線是大台中的交通動脈,也是大里出入的重要動線,經過她多年爭取、中央全力支持下,草湖匝道今年10月底已經通車,另外銜接國道1號工程明年5月也將完工、六順橋匝道正工程中。","(編輯:郭諭儒)1121202 台74線十九甲北出匝道動土 115年2月完工造福大里 參拜台中宮廟 蔡英文力薦綠營立委進國會 賴清德盼民眾選對的人 在民主路上穩健走下去 侯友宜:賴清德指黑金 對我是很大侮辱 2024/01/30 15:12 2024/01/30 10:38 2024/01/29 11:34 2024/01/29 10:46 2024/01/28 15:57 2024/01/28 15:17 本網站之文字、圖片及影音,非經授權,不得轉載、公開播送或公開傳輸及利用。",[],[],False,,11d9d4a8ee626c382b7d865419258df7,False,01_Ho_chinatimes_news,2023-12-02 20:38:00,"何欣純指出,大里區人口增長,教育文化、工商發展、藝文表演、各項地方建設需求非常大,她會全力向中央爭取各項資源,希望能夠促進在地就業、活絡當地經濟。",True,institution_only,False,,False,REVIEW,0.3382788300514221,,,True,REVIEW
_7c02ed36607a,_7c02ed36607a_u007,"新北市民政局長林耀長表示,為便利民眾就近參加,今日各區也同步辦理升旗典禮,許多公所結合活動、表演,讓民眾可以同樂。",claim,"升旗典禮後,馬英九等人先行離場,並未接受媒體訪問,侯友宜則一一與民眾致意及合影後離去。","另外,各公所發送活力蔬果包等限量好禮,吸引民眾參與。",[],[],True,,85c7ade8530b74cd7f22827f3c162010,False,01_Ho_chinatimes_news,2023-10-10 10:30:00,"新北市民政局長林耀長表示,為便利民眾就近參加,今日各區也同步辦理升旗典禮,許多公所結合活動、表演,讓民眾可以同樂。",True,institution_only,False,,False,REVIEW,0.3792106807231903,,,True,REVIEW
_bfae3d8fea3c,_bfae3d8fea3c_u026,"從2000年到現在,台灣的GDP成長120 %,但實質薪資只增加4%,我們的總工時還是全世界第6高。",context,"低薪、通膨沒有緩解,產業轉型緩慢,高房價更是嚴重。","勞保即將破產,健保費用無法控制,政府負債大幅增加,過去兩黨也都沒有有效的對策。",[],[],False,,bb4c7149af1d1322cc196f016af99ad4,False,01_Ho_chinatimes_news,2023-12-30 14:43:00,"從2000年到現在,台灣的GDP成長120 %,但實質薪資只增加4%,我們的總工時還是全世界第6高。",True,institution_only,False,,False,REVIEW,0.1702272742986679,KEEP,0.25511032342910767,False,REVIEW
_bfae3d8fea3c,_bfae3d8fea3c_u035,"更重要的是台灣應該由一個清廉、勤政、愛民、愛鄉土的政府領導,而不是一個意識形態、喊口號、大撒幣、沒有長期規劃,只會製造分裂和仇恨的政府來領導。",context,台灣應該是一個團結和諧的國家、不應該是分裂仇恨的國家。,"這幾年來,台灣因為地緣政治的緊張而被世界關注。",[],[],False,,b24cbed9ae6925e3e97989705b6e7f9c,False,01_Ho_chinatimes_news,2023-12-30 14:43:00,"更重要的是台灣應該由一個清廉、勤政、愛民、愛鄉土的政府領導,而不是一個意識形態、喊口號、大撒幣、沒有長期規劃,只會製造分裂和仇恨的政府來領導。",True,institution_only,False,,False,KEEP,0.4740656912326813,,,False,REVIEW
_266612717aaa,_266612717aaa_u002,"柯美蘭為籌措競選經費,她捐出珍藏的墨寶字畫拍賣。",context,"柯美蘭立委競選總部今天成立,前內政部長李鴻源、前新竹縣長范振宗等人到場站台,柯文哲父母也出席力挺。","李鴻源致詞表示,2024年的總統選舉很重要,但也要有好的人選進入立法院,否則會一黨獨大,若柯美蘭能進入立法院,他願意協助柯美蘭,提供立法及行政經驗。",[],[],False,,b21f02da4ee47494754859e9a88f6027,False,01_Ho_chinatimes_news,2023-11-11 15:46:00,"柯美蘭為籌措競選經費,她捐出珍藏的墨寶字畫拍賣。",True,institution_only,False,,False,DROP,0.20079362392425537,REVIEW,0.0707165002822876,False,REVIEW
_dac1e68cf3ac,_dac1e68cf3ac_u001,"他兩度鞠躬表示,努力不夠,非常遺憾未能完成政黨輪替,「我讓大家失望了,我在這裡深深表達十二萬分歉意,抱歉,對不起大家」。",claim,侯友宜承認敗選:沒有完成政黨輪替 我讓大家失望了[影] 2024/1/13 19:58 (1/14 10:18 更新) (中央社記者高華謙新北13日電)國民黨總統候選人侯友宜今天自行宣布敗選。,現場支持者紛紛高喊加油、揮舞國旗表達支持。,[],[],False,,47daf36ad9eb73d3bf26d563a64537fe,False,01_Ho_chinatimes_news,2024-01-13 19:58:00,"他兩度鞠躬表示,努力不夠,非常遺憾未能完成政黨輪替,「我讓大家失望了,我在這裡深深表達十二萬分歉意,抱歉,對不起大家」。",True,institution_only,False,,False,KEEP,0.42546528577804565,,,False,REVIEW
_dac1e68cf3ac,_dac1e68cf3ac_u002,現場支持者紛紛高喊加油、揮舞國旗表達支持。,claim,"他兩度鞠躬表示,努力不夠,非常遺憾未能完成政黨輪替,「我讓大家失望了,我在這裡深深表達十二萬分歉意,抱歉,對不起大家」。","賴清德勝選:國家走在正確路上 告訴世界台灣站在民主這邊 柯文哲承認敗選但不放棄:4年後再把票投給柯文哲、投給民眾黨 總統立委選舉今天投開票,國民黨正副總統候選人侯友宜、趙少康今天晚間7時49分抵達板橋第一運動場前廣場的開票現場,包括侯辦執行長金溥聰、副執行長謝政達、國民黨主席朱立倫都一起上台。",[],"[""國旗|symbol""]",True,,c443426cbc3dae998b64098a0d8d5661,False,01_Ho_chinatimes_news,2024-01-13 19:58:00,現場支持者紛紛高喊加油、揮舞國旗表達支持。,True,institution_only,False,,False,REVIEW,0.2852228879928589,,,True,REVIEW
_720a2b92c2a1,_720a2b92c2a1_u015,"維護校園安全,不用等家長委員到場,可以事後再向家長委員會備查。",context,"在緊急情形下,老師就可以逕行檢查。","賴清德則強調,最重要的是要有決心避免類似不幸事件,在台灣任何一個學校再度發生,未來他會來協助落實各項的檢討工作,同時積極落實社會安全網2.0,也就是要普及預防、及早介入並且提供受扶助的個案連續性的幫助,讓受害者能夠度過每一個生活階段,走出困境。",[],[],False,,2aba399c114a42aedcb508264851aeeb,False,01_Ho_chinatimes_news,2023-12-28 21:19:00,"維護校園安全,不用等家長委員到場,可以事後再向家長委員會備查。",True,institution_only,False,,False,REVIEW,0.2403864860534668,KEEP,0.3130607604980469,False,REVIEW
_d6722e8bc410,_d6722e8bc410_u009,"台灣外國記者會(TFCC)會長周浩霖(Thompson Chau)說,台灣是亞洲重要民主政體、全球的晶片製造中心,處於中國侵略擴張的前線。",claim,"鄒宗翰說,國民黨、民進黨的兩岸立場眾所皆知,外媒關注民眾黨總統候選人柯文哲的政策,但尚未看到他有清楚表態,柯對北京的立場讓人「霧裡看花」。","下任總統的外交、國防和安全政策將對台灣、區域及全球供應鏈產生巨大影響,成為外媒關注焦點。",[],[],False,,fb2700c10f18c80b0cb33f57cdc27983,False,01_Ho_chinatimes_news,2023-12-15 16:10:00,"台灣外國記者會(TFCC)會長周浩霖(Thompson Chau)說,台灣是亞洲重要民主政體、全球的晶片製造中心,處於中國侵略擴張的前線。",True,institution_only,False,,False,KEEP,0.5292418003082275,,,False,REVIEW
_d6722e8bc410,_d6722e8bc410_u012,近期多國記者詢問大選結果及影響的信件更是如雪片般飛來。,context,"周浩霖說,多位外媒記者也關注中國的假訊息宣傳、介選及認知戰「如何在台灣上演」。","日本共同社台北支局長渡邊靖仁指出,「日本可以說是最關心台灣選舉的國家之一」,因為台海及區域安全對日本有很大的影響。",[],[],False,,4e5711639d5dd52524a64f6463efb7ea,False,01_Ho_chinatimes_news,2023-12-15 16:10:00,近期多國記者詢問大選結果及影響的信件更是如雪片般飛來。,True,institution_only,False,,False,KEEP,0.4715510308742523,,,True,REVIEW
_d6722e8bc410,_d6722e8bc410_u014,"瑞士廣播電視集團新聞網站瑞士資訊(SWI swissinfo.ch)記者考夫曼(Bruno Kaufmann)說,台灣因地緣政治受到重視,但瑞士多數人對台灣知之甚少,也不熟脈絡,比較關注台灣如何回應中國威脅、台灣高科技業在全球的地位等議題。",claim,"日本共同社台北支局長渡邊靖仁指出,「日本可以說是最關心台灣選舉的國家之一」,因為台海及區域安全對日本有很大的影響。","菲律賓UNTV新聞網駐台記者巴斯克華(Amiel Reyes Pascual)說,UNTV關注候選人的移工政策,也關切兩岸關係,當中國用經濟等各種手段「霸凌」台灣時,移工及在故鄉的家人也受到影響,例如,中國暫停進口部分台灣商品,導致訂單減少,移工就得縮減工時,薪資也縮水。",[],[],False,,8f7494e4f10601204d3dbc8bb5017236,False,01_Ho_chinatimes_news,2023-12-15 16:10:00,"瑞士廣播電視集團新聞網站瑞士資訊(SWI swissinfo.ch)記者考夫曼(Bruno Kaufmann)說,台灣因地緣政治受到重視,但瑞士多數人對台灣知之甚少,也不熟脈絡,比較關注台灣如何回應中國威脅、台灣高科技業在全球的地位等議題。",True,institution_only,False,,False,REVIEW,0.3303355574607849,,,False,REVIEW
_35411f402d8c,_35411f402d8c_u005,中華民國國旗定為青天白日滿地紅。,context,中華民國主權屬於國民全體;,"侯友宜表示,憲法不僅乘載中華民國開國精神,更是國家法治根本、全體人民權利保障,如果沒有憲法,國家失了根、沒了魂,中華民國又何以是個國家。",[],"[""國旗|symbol""]",False,,b97b4e6cca5a3c098a7c8a2502f5d895,False,01_Ho_chinatimes_news,2023-12-25 16:56:00,中華民國國旗定為青天白日滿地紅。,True,institution_only,False,,False,REVIEW,0.19131222367286682,KEEP,0.7096430659294128,True,REVIEW
_b37aa607fc6b,_b37aa607fc6b_u005,"有個名詞叫「政治文化」,回顧美國歷史,當年五月花號航行時,第一個冬天就死了不少人,但沒有人有怨恨,因為美國文化就是個人主義、競爭主義,因此他們不戴口罩、槍禁不掉。",context,"透過 Google News 柯文哲表示,他有次去歐洲議會,議員一直來遊說,直指台灣希望受到幫忙,且表態願意遵守兩公約,卻執行死刑;","柯文哲接著說,不論大陸還是台灣,死刑都有文化基礎,是我們很特殊的文化,但要面對世界壓力怎麼辦,他目前想出的折衷方案是不執行死刑,就終身監禁,不能判死刑,結果一直關、關15年,甚至關不到15年就放出來,這讓大家不滿意。",[],[],False,,fe9e6677b8ce445fa30c5c26eecda122,False,01_Ho_chinatimes_news,2023-12-30 16:47:00,"有個名詞叫「政治文化」,回顧美國歷史,當年五月花號航行時,第一個冬天就死了不少人,但沒有人有怨恨,因為美國文化就是個人主義、競爭主義,因此他們不戴口罩、槍禁不掉。",True,institution_only,False,,False,DROP,0.21763190627098083,REVIEW,0.06484506465494633,False,REVIEW
_cd181c3764f2,_cd181c3764f2_u011,"另外,朱立倫也指出,登革熱的疫情已經非常嚴重,至昨日為止已經超過8400多件。",claim,"農業部長陳吉仲雖然願意下台,但民眾要的是真正的負責與真相,該負責的是整個民進黨政府。","單在台南就已接近8000件,根據國內的標準,任何一個城市超過5000件就是疫情非常的嚴重。",[],[],False,,40d87ef4c3019375e922fbc5b38c1cda,False,01_Ho_chinatimes_news,2023-09-20 15:31:00,"另外,朱立倫也指出,登革熱的疫情已經非常嚴重,至昨日為止已經超過8400多件。",True,institution_only,False,,False,REVIEW,0.10358838737010956,KEEP,0.6609461009502411,False,REVIEW
_cd181c3764f2,_cd181c3764f2_u012,"單在台南就已接近8000件,根據國內的標準,任何一個城市超過5000件就是疫情非常的嚴重。",context,"另外,朱立倫也指出,登革熱的疫情已經非常嚴重,至昨日為止已經超過8400多件。","呼籲民進黨不要每天把重心放在打擊在野黨,真正把民眾的健康照顧好,才是真正民意所需要。",[],[],False,,4f7de8acad70daf3d2537640efd192a7,False,01_Ho_chinatimes_news,2023-09-20 15:31:00,"單在台南就已接近8000件,根據國內的標準,任何一個城市超過5000件就是疫情非常的嚴重。",True,institution_only,False,,False,REVIEW,0.15146863460540771,KEEP,0.7959118038415909,False,REVIEW
_c7f822526cc6,_c7f822526cc6_u009,"(編輯:蕭博文)1120611 三重台1線往忠孝橋估2個月修復 往忠孝橋尖峰車流穩定略有堵塞 台1線往忠孝橋聯結車超載鋼梁翻落 駕駛公共危險罪嫌移送 防暑假COVID-19疫情升溫 新北18責任醫院總動員 議員盼增加食安稽查人力 新北市:規劃再增編7人 2024/08/22 17:54 2023/06/12 00:21 2023/06/11 23:06 2023/06/11 22:14 2023/06/11 19:08 2023/06/11 18:07 本網站之文字、圖片及影音,非經授權,不得轉載、公開播送或公開傳輸及利用。",context,"她表示,市府積極請示檢方,希望能把需要檢驗的名單交給檢調單位採檢,若採檢上有需要醫療單位協助,目前已有台北榮總願協助到院採檢,但仍要先請示檢察官以了解整體狀況。",,[],[],True,,0cb3b3e37a191a57949e3869458027f4,False,01_Ho_chinatimes_news,2023-06-11 22:14:00,"(編輯:蕭博文)1120611 三重台1線往忠孝橋估2個月修復 往忠孝橋尖峰車流穩定略有堵塞 台1線往忠孝橋聯結車超載鋼梁翻落 駕駛公共危險罪嫌移送 防暑假COVID-19疫情升溫 新北18責任醫院總動員 議員盼增加食安稽查人力 新北市:規劃再增編7人 2024/08/22 17:54 2023/06/12 00:21 2023/06/11 23:06 2023/06/11 22:14 2023/06/11 19:08 2023/06/11 18:07 本網站之文字、圖片及影音,非經授權,不得轉載、公開播送或公開傳輸及利用。",True,institution_only,False,,False,REVIEW,0.407680869102478,,,False,REVIEW
_177bf3bef19a,_177bf3bef19a_u007,"在夜市掃街時,有支持民眾送上鳳梨、蘋果等象徵好運的水果。",claim,"過程中不乏年輕民眾主動與侯友宜拍照,侯友宜也展現親民,接過民眾手機一起自拍合影。","侯友宜等人逐攤懇託、握手,爭取更多選民支持。",[],[],True,campaigning,5302d9fae5a6a62b434287a79e2a0522,False,01_Ho_chinatimes_news,2023-12-13 19:29:00,"在夜市掃街時,有支持民眾送上鳳梨、蘋果等象徵好運的水果。",True,institution_only,False,,False,DROP,0.11472667008638382,DROP,-0.0353623628616333,False,REVIEW
_a6fe284d68cb,_a6fe284d68cb_u007,"郭台銘向來被認為是親中派系,為何中國會想要動搖他的參選?",claim,"郭台銘原本打算代表國民黨出馬競選總統但未獲提名,於8月宣布以無黨籍身分參選。","日經指出,中國方面警惕的是,若郭台銘加入,他將和侯友宜與柯文哲競爭選票,反而讓民進黨處於有利狀態。",[],[],False,,00d15170163576e24158511a66bfff0e,False,01_Ho_chinatimes_news,2023-11-25 21:17:00,"郭台銘向來被認為是親中派系,為何中國會想要動搖他的參選?",True,institution_only,False,,False,KEEP,0.598275899887085,,,False,REVIEW
_564e616f0f7c,_564e616f0f7c_u006,"特別是美國近來積極倡議的「印太經濟架構」,台灣身為地區的一份子,一定會善盡責任,希望美國能夠協助台灣共同參與,以及其他區域性的經濟整合倡議。",context,"至於美台關係,侯友宜表示,美國是長期支持台灣的最重要盟友,美國對台灣的軍售,或是雙方的軍事合作與交流,都是台灣自主防衛上的關鍵角色,這樣的關係,一定會持續並且深化;","對於兩岸的未來發展,趙少康指出,和平是唯一的選擇,和平必須要以實力做後盾,台灣的防衛實力,需要美國的支持和協助,而民主,則是台灣面對中國大陸,最重要也是最好的武器。",[],[],False,,465fcb67ee8c10af1afd8ca0529c43a3,False,01_Ho_chinatimes_news,2023-12-09 22:25:00,"特別是美國近來積極倡議的「印太經濟架構」,台灣身為地區的一份子,一定會善盡責任,希望美國能夠協助台灣共同參與,以及其他區域性的經濟整合倡議。",True,institution_only,False,,False,REVIEW,0.3395967483520508,,,True,REVIEW
_e883ffea8932,_e883ffea8932_u004,"郭台銘透過臉書發文指出,現在已有千萬人和他同樣希望改變,他一定不會讓大家失望,會給大選與政治帶來新的風格。",claim,"國民黨上午在新北市召開第21屆第3次全國代表大會,通過提名侯友宜參選總統;","郭台銘的臉書發文,被外界解讀為參選意志堅定。",[],[],False,,a6e01014ef3b2644c177a750aa8fc00c,False,01_Ho_chinatimes_news,2023-07-23 12:46:00,"郭台銘透過臉書發文指出,現在已有千萬人和他同樣希望改變,他一定不會讓大家失望,會給大選與政治帶來新的風格。",True,institution_only,False,,False,KEEP,0.5024362206459045,,,True,REVIEW
_386a0ebb3efd,_386a0ebb3efd_u004,"一名與會者說,父母習慣在台生活,台海如爆發危機,她還是想回台貢獻一己之力。",claim,"座談半個多小時期間,侯友宜特地詢問在場台青對台海局勢的看法,也想知道台青眼中的美國人怎麼看台灣。","至於美方對台立場,另一人說,美國民主、共和黨都挺台,但部分國會議員對中國很強硬,與行政部門鼓勵兩岸對話不同調;",[],[],False,,1aa143c0a684ef633597b5ae8f579690,False,01_Ho_chinatimes_news,2023-09-17 02:26:00,"一名與會者說,父母習慣在台生活,台海如爆發危機,她還是想回台貢獻一己之力。",True,institution_only,False,,False,REVIEW,0.27364668250083923,,,True,REVIEW
_386a0ebb3efd,_386a0ebb3efd_u008,"32歲的Yumpling老闆余大榕小學畢業後移民美國,2020年COVID-19(2019冠狀病毒疾病)疫情爆發後餐廳開業,把鹽酥雞、牛肉麵、炸豬排等台菜引進與曼哈頓隔著東河相望、年輕族群不斷湧入的長島市。",context,"此外,侯友宜也和台青討論紐約近年物價、租金高漲等生活難題。","他接受中央社訪問談及現任新北市長的侯友宜說:「市長很親民,要當總統的話,我覺得這很重要。而且他很親近年輕人,個性很好。」 透過 Google News 余大榕有意讓餐廳連鎖化,希望再打拚6年就退休,以陪伴雙親、雲遊四海。",[],[],False,,5d8f58c729d9189f0681b36e66488296,False,01_Ho_chinatimes_news,2023-09-17 02:26:00,"32歲的Yumpling老闆余大榕小學畢業後移民美國,2020年COVID-19(2019冠狀病毒疾病)疫情爆發後餐廳開業,把鹽酥雞、牛肉麵、炸豬排等台菜引進與曼哈頓隔著東河相望、年輕族群不斷湧入的長島市。",True,institution_only,False,,False,REVIEW,0.2759634256362915,,,False,REVIEW
_5722c39c336d,_5722c39c336d_u002,"主辦單位認為新世代的想法與意見,將在這場大選中扮演舉足輕重的角色,希望參選人們能與會,一同以「馬拉松」的方式世代接棒,攜手向前。",claim,"「校園總統馬拉松」邀請各黨總統參選人分享對青年發展、近期政策議題的看法,並與青年對話。","主辦單位原邀請3黨總統參選人,分別在明天上午、下午、晚間舉辦3場次的活動,地點選在集思台大會議中心,柯文哲場次為早上10時開始,賴清德場次為傍晚5時開始。",[],[],False,,1d37aa0feb4b0938c84d039a163847e8,False,01_Ho_chinatimes_news,2023-05-27 20:59:00,"主辦單位認為新世代的想法與意見,將在這場大選中扮演舉足輕重的角色,希望參選人們能與會,一同以「馬拉松」的方式世代接棒,攜手向前。",True,institution_only,False,,False,KEEP,0.43804511427879333,,,True,REVIEW
_ecabcded7d07,_ecabcded7d07_u004,"但「台灣民主實驗室」(Doublethink Lab)研究負責人尼溫(Tim Niven)說,現在假訊息活動已經在地化,中國宣傳人員被鼓勵擴大實際存在的在地爭論和分歧,「讓台灣的兩極分化更嚴重」。",claim,"東海大學政治學系教授張峻豪說:「若能影響3%至5%的人民,就能影響選舉結果...就算影響不了選舉結果,也還是推進了統一的運動。」 以下是中國被控企圖干預台灣今年總統選舉的4種主要手法: 中國在台灣散播的假訊息以前很容易被發現,當時新聞報導或社群媒體貼文笨拙地以中國用語或簡體字寫成,而不是台灣慣用的正體字。","過去一年,台灣充斥各種謠言,例如謬稱台灣官員在美國指示下採集公民血液樣本,以製造對付中國的基因武器;",[],[],False,,a60fb0178728b81516977418bcc3e2f7,False,01_Ho_chinatimes_news,2024-01-12 14:58:00,"但「台灣民主實驗室」(Doublethink Lab)研究負責人尼溫(Tim Niven)說,現在假訊息活動已經在地化,中國宣傳人員被鼓勵擴大實際存在的在地爭論和分歧,「讓台灣的兩極分化更嚴重」。",True,institution_only,False,,False,KEEP,0.4584495425224304,,,False,REVIEW
_ecabcded7d07,_ecabcded7d07_u025,"在台灣大選之前,中國似乎使出新的「灰色地帶」戰略,採取不引發公開衝突又能達到威嚇意圖的激烈措施。",context,"研究國際關係的陽明交通大學通識教育中心副教授邱奕宏說:「目的是告訴那些與中國有經濟關係的選民,他們最好把票投給(北京)中意的候選人。」 中國選前又動ECFA腦筋 陸委會:勿低估台灣人智慧 去年對中出口衰退18%史上最差 對美歐逆勢創高 中國人民解放軍過去一年增加了在台灣周圍的軍事侵擾次數,反覆提醒台灣人,北京當局必要時不排除以武力「統一」台灣。","自去年12月以來,中國至少釋放31顆高空氣球到台灣空域。",[],[],False,,7326ce5ca641562384a4499d9416a9fa,False,01_Ho_chinatimes_news,2024-01-12 14:58:00,"在台灣大選之前,中國似乎使出新的「灰色地帶」戰略,採取不引發公開衝突又能達到威嚇意圖的激烈措施。",True,institution_only,False,,False,KEEP,0.48377174139022827,,,True,REVIEW
_ecabcded7d07,_ecabcded7d07_u029,"但警報英譯版誤將飛行物體稱為「飛彈」,引發民眾恐慌。",claim,"選前空飄台灣中國氣球激增 專家:蓄意隱晦警告選民 國防部:中國發射衛星火箭軌跡異常 發警報不受政治干擾 中國本月9日發射衛星,台灣的國防部表示,火箭飛行軌跡異常,意外在進入太空之前飛越台灣南部,因此發布國家級警報。","華郵指出,這些企圖的成敗對台灣以及台灣以外的國家都很重要。",[],[],False,,4fb57d9e094cf2beafb3d92fd8be4c68,False,01_Ho_chinatimes_news,2024-01-12 14:58:00,"但警報英譯版誤將飛行物體稱為「飛彈」,引發民眾恐慌。",True,institution_only,False,,False,REVIEW,0.21854525804519653,KEEP,0.4927137792110443,False,REVIEW
_06224168a57d,_06224168a57d_u004,"因為,中國目前包括國內經濟停滯等,有很多問題待解決,所以中國的本意是不希望台灣問題掀波。",context,"松田指出,中國或許表面上會對台灣加強施壓,但可能嘗試檯面下與台灣進行對話。","明年美國將舉行總統選舉,美國不論哪一位總統候選人都不能做得讓選民覺得對中國軟弱。",[],[],False,,66bc64951320184e25f335b1a9cf0773,False,01_Ho_chinatimes_news,2023-12-19 06:28:00,"因為,中國目前包括國內經濟停滯等,有很多問題待解決,所以中國的本意是不希望台灣問題掀波。",True,institution_only,False,,False,REVIEW,0.3806607723236084,,,True,REVIEW
_06224168a57d,_06224168a57d_u025,"不論台灣新政府對日本、中國的態度如何,與日本國家利益有關的領域要好好地持續對話,努力拉近雙方的看法。",context,"松田說,不論結果如何,就是尊重台灣民眾的民主選擇。",(編輯:陳彥鈞)1121219 外媒報大選:兩岸未來、政壇魔咒、選民激情添看點 小笠原欣幸:選戰態勢膠著賴仍領先 侯緊追、柯略下滑 卜睿哲:台灣大選各陣營難過半 新政府治理難度高 日經亞洲:2024亞洲最重要選舉在台灣 決定兩岸關係 台灣選後第3天 美媒聚焦三黨,[],[],False,,b384b68193b64311d6d4b84c39af4396,False,01_Ho_chinatimes_news,2023-12-19 06:28:00,"不論台灣新政府對日本、中國的態度如何,與日本國家利益有關的領域要好好地持續對話,努力拉近雙方的看法。",True,institution_only,False,,False,REVIEW,0.37307992577552795,,,False,REVIEW
_a1f14a187242,_a1f14a187242_u007,"此外,有媒體報導,郭台銘連署「一人拉百人、一票四百元」傳聞,郭台銘競選辦公室今天透過聲明重申連署「三不三要」原則,呼籲支持者守法,不要聽信謠言,連署支持郭賴配,用具體行動破除傳言。",claim,"郭台銘直接將「中華民國」和「台獨」對立,並且在法理上要求中共「不武」,也承諾「組成跨黨派、跨族群、跨世代的談判團隊,重新開啟兩岸和平前景的談判大門」,呼應柯文哲的「聯合政府」構想。","(編輯:翟思嘉)1120929 侯友宜提新三民主義 強調當選會傾聽民意解決問題 黃士修:藍停止攻擊郭柯 放下本位主義才能合作 黃士修:國民黨頻放話攻擊 是在野整合破壞者 郭台銘談藍白合:北風冷颼颼 民心越來越遠 赴靈堂給殉職勇消上香 郭台銘喊心痛盼悲劇不發生 2025/05/23 12:48 2023/09/30 15:18 2023/09/29 18:10 2023/09/29 12:35 2023/09/28 22:57 2023/09/27 19:26 本網站之文字、圖片及影音,非經授權,不得轉載、公開播送或公開傳輸及利用。",[],[],False,,aa20024f6c2e7c02fc8798b5b7d14af7,False,01_Ho_chinatimes_news,2023-09-29 12:35:00,"此外,有媒體報導,郭台銘連署「一人拉百人、一票四百元」傳聞,郭台銘競選辦公室今天透過聲明重申連署「三不三要」原則,呼籲支持者守法,不要聽信謠言,連署支持郭賴配,用具體行動破除傳言。",True,institution_only,False,,False,KEEP,0.6019511222839355,,,False,REVIEW
_a677a37b8ff0,_a677a37b8ff0_u003,"邱奕勝表示,議長盃路跑已邁入第13屆,成為民眾心中的「萬人馬拉松」品牌形象,活動分為21公里及10公里競賽組,還有4.5公里的休閒組,透過活動不但能展現市民的健康活力,也讓參賽者在賽道沿途,見證青埔地區現代化與國際化的建設成果。",claim,"透過 Google News 侯友宜說,2市聯盟不僅是生活共同圈也要共同愛健康,剛剛邱奕勝和參與民眾鼓勵他,可以從桃園跑進總統府,他不僅要跑進總統府,也要從總統府帶動全台灣,讓大家都健康,帶著大家一起運動。","(編輯:張銘坤)1121015 藍白政黨協商30日登場 朱立倫:不是為個別政黨考量 選出最強總統參選人 朱立倫:我與侯柯一起坐下來談 2025/05/24 10:37 2025/05/20 12:58 2025/05/20 10:36 2025/05/15 14:21 2025/05/15 14:16 2025/05/15 13:34 本網站之文字、圖片及影音,非經授權,不得轉載、公開播送或公開傳輸及利用。",[],[],False,,5608b238eb0f15cdba2adbeaca45b2f0,False,01_Ho_chinatimes_news,2023-10-15 09:49:00,"邱奕勝表示,議長盃路跑已邁入第13屆,成為民眾心中的「萬人馬拉松」品牌形象,活動分為21公里及10公里競賽組,還有4.5公里的休閒組,透過活動不但能展現市民的健康活力,也讓參賽者在賽道沿途,見證青埔地區現代化與國際化的建設成果。",True,institution_only,False,,False,REVIEW,0.307101845741272,,,False,REVIEW
_2a9e0cf8940f,_2a9e0cf8940f_u008,"他個人認為,核廢料的問題無解,目前不適合重啟核四。",claim,"長期關注核能議題的恆春在地民眾鍾乙豪告訴中央社記者,核三廠內的核廢已是當地不可承受之重,政治人物所關心的回饋金只是糖衣,存在的風險及任何可能發生的意外,都是全民要面對的夢魘,且核電廠除役是國家政策,「挑戰國家既定政策,是不會深得人民的心。」 核四所在地的貢寮區龍門里長吳世揚說,只要詢問在地工作者與民眾就知道,核四現有機組根本不適合重啟,且地方居民的意見是反核不反電;","改制為新北市前的台北縣貢寮鄉前鄉長陳世男,以往被視為反核大將之一,他接受電訪表示,侯友宜在擔任新北市副市長及競選市長時,態度都是反對核四重啟,現在卻大轉彎。",[],[],False,,baebc19a907b619ab5410a23a71ec573,False,01_Ho_chinatimes_news,2023-08-09 19:05:00,"他個人認為,核廢料的問題無解,目前不適合重啟核四。",True,institution_only,False,,False,REVIEW,0.3654681444168091,,,True,REVIEW
_9b115fa91652,_9b115fa91652_u011,在台灣議題上的歧見是美中關係一大引爆點。,context,"美國受國內法律約束,有對台灣提供防衛所需武器的義務。","法新社報導,共組擬議的跨黨聯盟拉下執政民進黨的計畫於最後一刻戲劇性破局後,台灣兩個在野黨今天分別登記參加明年1月的總統大選。",[],[],False,,66db1cce7d6cfd3bdcad716cde453d3c,False,01_Ho_chinatimes_news,2023-11-24 19:45:00,在台灣議題上的歧見是美中關係一大引爆點。,True,institution_only,False,,False,REVIEW,0.34084880352020264,,,False,REVIEW
_bacd33913586,_bacd33913586_u020,"(譯者:劉淑琴/核稿:嚴思祺)1130110 左宗棠雞到鐵路便當 BBC從美食剖析台灣身分認同變化 美媒關注台灣大選 世代身分認同差異成焦點 金融時報:中國陰影下 台灣認同漸趨凝聚 大選將至 在台港人首投族:票投下去成100%台灣人 李淳:中國形塑大選是戰爭與和平選擇 意在恐嚇台灣 本網站之文字、圖片及影音,非經授權,不得轉載、公開播送或公開傳輸及利用。",context,台灣的民主對中國共產黨的統一大計而言是一大威脅。,,[],[],False,,60de9c4e8b304c5e7239586a7a32b3a1,False,01_Ho_chinatimes_news,2024-01-10 19:25:00,"(譯者:劉淑琴/核稿:嚴思祺)1130110 左宗棠雞到鐵路便當 BBC從美食剖析台灣身分認同變化 美媒關注台灣大選 世代身分認同差異成焦點 金融時報:中國陰影下 台灣認同漸趨凝聚 大選將至 在台港人首投族:票投下去成100%台灣人 李淳:中國形塑大選是戰爭與和平選擇 意在恐嚇台灣 本網站之文字、圖片及影音,非經授權,不得轉載、公開播送或公開傳輸及利用。",True,institution_only,False,,False,KEEP,0.6652167439460754,,,True,REVIEW
_741aec17322a,_741aec17322a_u008,"其中,imB吸金自救會發言人上台發言表示,謝謝大家到場一起救台灣,高呼imB詐騙案是一場與執政當局、司法體系腐敗脫不了干係的龐氏騙局,今天站出來要讓社會和政府知道應嚴懲黑金毒詐,司法漏洞讓詐騙猖獗。",claim,"今天艷陽高照,但有許多年輕人穿著白上衣揮汗到凱道響應集會,包括多個民團也到場響應。","黃國昌也說,希望面對不公不義時,司法能還人民公道,政府說要和黑道宣戰,但人民看到的卻非如此,質疑政府為何打詐越打越詐。",[],[],False,,b17089fa334893e1beffe1bc80a234f7,False,01_Ho_chinatimes_news,2023-07-16 17:46:00,"其中,imB吸金自救會發言人上台發言表示,謝謝大家到場一起救台灣,高呼imB詐騙案是一場與執政當局、司法體系腐敗脫不了干係的龐氏騙局,今天站出來要讓社會和政府知道應嚴懲黑金毒詐,司法漏洞讓詐騙猖獗。",True,institution_only,False,,False,KEEP,0.4565598666667938,,,False,REVIEW
_741aec17322a,_741aec17322a_u009,"黃國昌也說,希望面對不公不義時,司法能還人民公道,政府說要和黑道宣戰,但人民看到的卻非如此,質疑政府為何打詐越打越詐。",claim,"其中,imB吸金自救會發言人上台發言表示,謝謝大家到場一起救台灣,高呼imB詐騙案是一場與執政當局、司法體系腐敗脫不了干係的龐氏騙局,今天站出來要讓社會和政府知道應嚴懲黑金毒詐,司法漏洞讓詐騙猖獗。","「館長」陳之漢緊接其後表示,看到大家頂著太陽天到場支持,除了感謝還是感謝,並指民進黨全代會在室內吹冷氣,卻未指派任何一人到現場,現場大問年輕人這幾年過得好嗎,並指活動被污衊成政治造勢活動,無法接受。",[],[],False,,f83cc8a16769503d04f5cbadf6b9232e,False,01_Ho_chinatimes_news,2023-07-16 17:46:00,"黃國昌也說,希望面對不公不義時,司法能還人民公道,政府說要和黑道宣戰,但人民看到的卻非如此,質疑政府為何打詐越打越詐。",True,institution_only,False,,False,KEEP,0.46858009696006775,,,False,REVIEW
_741aec17322a,_741aec17322a_u012,"活動現場不斷高喊「落實居住正義、喚回司法公正」口號,出席活動者也紛紛簽下承諾意願書。",claim,"隨後,郭台銘、侯友宜和柯文哲也輪番上台發表演說。","由於天氣過熱,集會活動有2名民眾中暑,現場休息後已無礙。",[],[],False,,b98e0577babb8d64186c1b565ba9cd54,False,01_Ho_chinatimes_news,2023-07-16 17:46:00,"活動現場不斷高喊「落實居住正義、喚回司法公正」口號,出席活動者也紛紛簽下承諾意願書。",True,institution_only,False,,False,REVIEW,0.3342258334159851,,,True,REVIEW
_104d7f7f1443,_104d7f7f1443_u006,"邱鎮軍指出,自己擔任過民意代表、地方鄉鎮首長,深感地方進步需要跨鄉鎮整合,才能全方面發展,苗南、苗北要齊頭並進,包括頭份鄉親希望的圖書館、頭份交流道改善以及三灣南庄的觀光建設,未來都會全力爭取及協助。",claim,"透過 Google News 韓國瑜表示,苗栗縣53萬鄉親只有2席立委,山、海線立委要如狼似虎,如果不能在立法院大聲疾呼為苗栗縣爭取地方建設,縣長再有辦法,可能資源也不夠,希望選民全力支持邱鎮軍,讓他代表苗栗在中央如狼似虎發出客家人的心聲、苗栗人的需要,配合縣長鍾東錦打造光榮苗栗。","(編輯:林恕暉)1121125 2024苗栗𪹚龍活動暖身 結合9農會行銷在地特產 曾玟學批民調漏洞百出 邱鎮軍陣營提「3問」 蔣經國逝世36週年紀念 朱立倫率侯友宜頭寮獻花 習近平稱統一是歷史必然 朱立倫:永遠捍衛中華民國 2024/01/30 15:12 2024/01/30 10:38 2024/01/29 11:34 2024/01/29 10:46 2024/01/28 15:57 2024/01/28 15:17 本網站之文字、圖片及影音,非經授權,不得轉載、公開播送或公開傳輸及利用。",[],[],False,,f14859911269de92412367731f681d35,False,01_Ho_chinatimes_news,2023-11-25 14:02:00,"邱鎮軍指出,自己擔任過民意代表、地方鄉鎮首長,深感地方進步需要跨鄉鎮整合,才能全方面發展,苗南、苗北要齊頭並進,包括頭份鄉親希望的圖書館、頭份交流道改善以及三灣南庄的觀光建設,未來都會全力爭取及協助。",True,institution_only,False,,False,KEEP,0.48700717091560364,,,False,REVIEW
_e22e6a43f6b0,_e22e6a43f6b0_u002,二、經濟安全是國家安全;,context,"投書內容指出,「和平四大支柱」包括一、我們必須建立台灣的威懾力;",三、第三支柱是基於與全世界民主國家建立夥伴關係;,[],[],False,,8417dbbfe374b354c9c6f63e4e65d3ca,False,01_Ho_chinatimes_news,2023-07-05 05:06:00,二、經濟安全是國家安全;,True,institution_only,False,,False,REVIEW,0.3590998351573944,,,True,REVIEW
_5461654a2dab,_5461654a2dab_u004,"他提到,從警打擊犯罪維護治安,讓他看見人性的光明與良善,並可為人洗刷冤屈、討公道並實現正義。",claim,"當時他空手進入現場與陳進興協商,陳進興才答應釋放武官小女兒,讓侯友宜抱著女嬰走出官邸。","尤其,他在全台灣遇到形形色色的基層百姓,瞭解民眾的生活、需求、期待是什麼,他希望台灣不要向下沉淪,更要向上迎善。",[],[],False,,5d9b9a7cd16715d6c3b3726b3a71a685,False,01_Ho_chinatimes_news,2023-05-21 01:03:00,"他提到,從警打擊犯罪維護治安,讓他看見人性的光明與良善,並可為人洗刷冤屈、討公道並實現正義。",True,institution_only,False,,False,DROP,0.2193847894668579,REVIEW,0.0703386664390564,False,REVIEW
_5461654a2dab,_5461654a2dab_u009,"市政建設上,地方政府所獲得的資源也比別人少。",context,"侯友宜細數市政建設成果,提到參選動機時說,很多人問他,為何要擔負起更大的責任,主要是在COVID-19(2019冠狀病毒疾病)疫情期間的防疫經驗,許多建議都不被中央採納;","他說,新北是台灣的縮影,只要國家安全,新北就會安全。",[],[],False,,a70ba9096fa507e57e8ed07b36560a51,False,01_Ho_chinatimes_news,2023-05-21 01:03:00,"市政建設上,地方政府所獲得的資源也比別人少。",True,institution_only,False,,False,REVIEW,0.2555125057697296,,,False,REVIEW
_82d74a65a46a,_82d74a65a46a_u013,"再來是要跟國際刑警合作,也要提供警察足夠查驗毒品的儀器。",context,"總統選舉第2場電視政見會下午2時舉行 柯侯賴再交鋒 總統選舉首場政見發表會 侯友宜賴清德柯文哲發言一覽 侯友宜說,掃毒方面,兩岸與國際打擊要強化,尤其毒品侵入校園問題非常嚴重,所以他要仿造美國聯邦緝毒局模式,建立緝毒署,由專責單位查緝毒品;","掃槍部分,侯友宜表示,黑槍要鼓勵自首減刑;",[],[],False,,9f10354f6f42e42c2509545902fcbadd,False,01_Ho_chinatimes_news,2023-12-26 15:11:00,"再來是要跟國際刑警合作,也要提供警察足夠查驗毒品的儀器。",True,institution_only,False,,False,REVIEW,0.15485167503356934,KEEP,0.8881929442286491,False,REVIEW
_43b9877cdc9c,_43b9877cdc9c_u014,"過去8年,大家辛苦了,我知道詐騙讓大家非常困擾,貪污讓大家非常憤慨,低薪讓你們無奈。",context,"我們面對這一切的打擊,我們勇敢的向前走,民進黨就沒有步了,他只有這一步。","民主倒退讓我們家非常的灰心,兩岸緊張讓你非常的驚慌,過2天就是我們中華民國113年新的開始。",[],[],False,,5ec7e480b0c891d478270b32959673d4,False,01_Ho_chinatimes_news,2023-12-30 17:17:00,"過去8年,大家辛苦了,我知道詐騙讓大家非常困擾,貪污讓大家非常憤慨,低薪讓你們無奈。",True,institution_only,False,,False,REVIEW,0.2704082727432251,,,False,REVIEW
_93ee8519910b,_93ee8519910b_u010,"2018年到現在,台商回流、外資加碼,股市屢創新高,未來將善用台灣人才豐沛創意,讓台灣朝向全面創新型國家,",context,"賴清德表示,要打造創新繁榮台灣,過去國民黨執政經濟停滯、動能不足,悶經濟時代已結束。","同時運用數位轉型、淨零轉型,兩股轉型力量,形塑智慧、永續的新台灣 他說,還要打造公義永續台灣,過去國民黨時代,把照顧責任丟給個人、丟給家庭,蔡總統對社會投資是歷任總統最多,他將在這基礎上,推動0到6歲國家一起養2.0,長照3.0,減輕三明治家庭負擔,讓婦女不必因為養兒育女、照顧父母離開職場;",[],[],False,,4d777c1bbbea43e29e34a435225aa6a8,False,01_Ho_chinatimes_news,2023-12-30 14:49:00,"2018年到現在,台商回流、外資加碼,股市屢創新高,未來將善用台灣人才豐沛創意,讓台灣朝向全面創新型國家,",True,institution_only,False,,False,REVIEW,0.28193312883377075,,,False,REVIEW
_4ae14fa0fb29,_4ae14fa0fb29_u005,"她笑說,從3歲就開始學習擔任國際橋梁,幫台灣阿嬤翻譯美國外婆的英語,幫美國外婆翻譯台灣阿嬤的台語。",claim,"她說,最近媒體有諸多討論她到底是哪國人,「當然我要選中華民國副總統,我是中華民國人。」 蕭美琴表示,父親是台灣人、媽媽是美國人,台灣阿嬤聽不懂英文、美國外婆聽不懂台語。","蕭美琴回憶,2006年她是第一個在立法院提案台灣性別平權法案,但當時國民黨立委賴士葆把法案擋下來。",[],[],False,,6ebd6b5db59bba0251c304f454039288,False,01_Ho_chinatimes_news,2023-12-12 21:39:00,"她笑說,從3歲就開始學習擔任國際橋梁,幫台灣阿嬤翻譯美國外婆的英語,幫美國外婆翻譯台灣阿嬤的台語。",True,institution_only,False,,False,DROP,0.17470517754554749,REVIEW,0.01779806613922119,False,REVIEW
_4ae14fa0fb29,_4ae14fa0fb29_u014,"她說,台灣不得不跟國際社會找到最大公約數,維持現狀是現階段最大公約數,在這基礎上爭取更多國際友人對台灣支持,而確實這幾年國際支持力道越來越強。",claim,"總統蔡英文多次提出主張,現在國際社會最支持的就是維持現狀,維持現狀已成為國際最大公約數,現狀未必是大家最滿意狀況,也不是對岸滿意的狀態,對岸滿意的狀態是把台灣變成香港,但那是大家不能接受的狀態。","蕭美琴認為,台海和平與安全是大家所共同關注,大家在意的是如何確保和平穩定現狀持續下去,「對岸也好或是很多對手都很喜歡找到一個可以持續分化我們社會或是製造對立的語言」,但蔡總統這幾年舖陳出來的是台灣社會的最大公約數這個方案。",[],[],False,,4135aef38c35dfdd1bcc39e897f02b0a,False,01_Ho_chinatimes_news,2023-12-12 21:39:00,"她說,台灣不得不跟國際社會找到最大公約數,維持現狀是現階段最大公約數,在這基礎上爭取更多國際友人對台灣支持,而確實這幾年國際支持力道越來越強。",True,institution_only,False,,False,KEEP,0.43122076988220215,,,False,REVIEW
_08d24bcdc338,_08d24bcdc338_u007,"根據競選團隊統計,現場湧入萬名支持者。",claim,侯友宜上午與國民黨主席朱立倫、前高雄市長韓國瑜一同出席黨籍新竹縣第1選區立委參選人徐欣瑩、第2選區立委參選人林思銘的聯合競總成立大會。,"此外,國民黨新竹市立委參選人鄭正鈐上午成立侯友宜、鄭正鈐聯合競選總部,邀請前總統馬英九、朱立倫到場助講。",[],[],False,,bed0cf212464adca572873e001160a77,False,01_Ho_chinatimes_news,2023-11-12 14:13:00,"根據競選團隊統計,現場湧入萬名支持者。",True,institution_only,False,,False,REVIEW,0.25154322385787964,KEEP,0.18204247951507568,False,REVIEW
_daa6607bae29,_daa6607bae29_u003,"這次訪問行程包括拜會國會議員、日本台灣交流協會,以及接受日本NHK、朝日新聞專訪。",context,"侯友宜競選辦公室今天發布新聞稿指出,侯友宜31日將率團搭乘長榮BR192班機從松山機場出發,預計中午抵達東京羽田機場。","侯競辦指出,侯友宜訪日期間將與台僑請益交流,並參觀由台僑募資興建、香火鼎盛的東京媽祖廟,由董事長詹德薰導覽。",[],[],False,,753623abb33e19d188e2fd17f7076c6d,False,01_Ho_chinatimes_news,2023-07-24 16:26:00,"這次訪問行程包括拜會國會議員、日本台灣交流協會,以及接受日本NHK、朝日新聞專訪。",True,institution_only,False,,False,REVIEW,0.331112802028656,,,False,REVIEW
_cba74330bb60,_cba74330bb60_u020,"江丙坤出任海基會董事長,處理台商的大量陳情並提供協助。",context,"專題/進入協商時代 國共關係與九二共識同在 在馬英九政府的第一任期中,兩岸關係迅速改善,簽訂一系列經濟協議,促使兩岸經濟走向一體化。","在馬英九政府的第二任期中,國共兩黨合作更為深化,造成民間不安與反彈導致2014年爆發「太陽花學運」。",[],[],False,,37045793011f77207e3e0febcf96c1a0,False,01_Ho_chinatimes_news,2023-05-22 23:19:00,"江丙坤出任海基會董事長,處理台商的大量陳情並提供協助。",True,institution_only,False,,False,REVIEW,0.38389649987220764,,,False,REVIEW
_cba74330bb60,_cba74330bb60_u021,"在馬英九政府的第二任期中,國共兩黨合作更為深化,造成民間不安與反彈導致2014年爆發「太陽花學運」。",context,"江丙坤出任海基會董事長,處理台商的大量陳情並提供協助。","學生占據立法院,要求撤回正在審議的兩岸服貿協議。",[],[],False,,d2eb4abd17f5fb888528b5ff6284a761,False,01_Ho_chinatimes_news,2023-05-22 23:19:00,"在馬英九政府的第二任期中,國共兩黨合作更為深化,造成民間不安與反彈導致2014年爆發「太陽花學運」。",True,institution_only,False,,False,KEEP,0.42117640376091003,,,False,REVIEW
_d5359fef1487,_d5359fef1487_u007,"吳沛憶競選總部下午4時左右湧入支持者一同看開票,隨著票數拉鋸,支持者不斷揮舞旗幟、喊口號加油;",claim,"吳沛憶表示,于美人是可敬的對手,願意挺身而出地投入公共事務,她給予肯定並向于美人致意「辛苦了」。","現場除了國內媒體,也有國外媒體進行採訪。",[],[],False,,57fa9426c6fe2a1f4f90c282c4297bde,False,01_Ho_chinatimes_news,2024-01-13 20:59:00,"吳沛憶競選總部下午4時左右湧入支持者一同看開票,隨著票數拉鋸,支持者不斷揮舞旗幟、喊口號加油;",True,institution_only,False,,False,KEEP,0.5496269464492798,,,False,REVIEW
_9b035dc8a530,_9b035dc8a530_u009,"老實講,只要選出一位正常人,認真工作,意識形態不要太強,最重要是不要貪污,要讓國家正常,很誠實面對每天遇到的問題,一條一條改過。",context,"柯文哲表示,但抱怨沒有用,他要利用這機會跟全國人民說,不是要選個好總統,從此就王子與公主做過著幸福快樂之日。","透過 Google News 他說,不可能一天改變這個國家,但也不能幻想什麼事都不做,國家就會改變。",[],[],False,,5e6ee352c5f61c66693d723a1a059fc9,False,01_Ho_chinatimes_news,2023-12-30 16:59:00,"老實講,只要選出一位正常人,認真工作,意識形態不要太強,最重要是不要貪污,要讓國家正常,很誠實面對每天遇到的問題,一條一條改過。",True,institution_only,False,,False,KEEP,0.42086076736450195,,,False,REVIEW
_8fd8747aa1de,_8fd8747aa1de_u015,"另外,以前是銀行怕貸款還不出來,但如果政府擔保就不用怕,且現在有多間公營、國營銀行,到時候民營銀行也會搶著做。",context,"趙少康也說,專家與學者對這個政見有不同看法,「但我要問,你們這麼有本事,這麼多年來年輕人買不起房子,你們找出方法解決了嗎,什麼方法也沒有,光批評」,且專家對房價漲跌有不同說法,「我們真的不管那麼多,我們管的是讓年輕人買得起房」。","對於趙少康直接與青年直球對決,還答應要上賀瓏夜夜秀。",[],[],False,,82f80c64593c3f8d48d8257133573048,False,01_Ho_chinatimes_news,2023-12-11 14:48:00,"另外,以前是銀行怕貸款還不出來,但如果政府擔保就不用怕,且現在有多間公營、國營銀行,到時候民營銀行也會搶著做。",True,institution_only,False,,False,REVIEW,0.2876928746700287,,,False,REVIEW
_eae131b23a8c,_eae131b23a8c_u011,"111政府專屬短碼簡訊平台啟動 助民眾快速辨別詐騙訊息 杜絕偽冒網站 唐鳳:停止解析機制可防民眾連上假網頁 關於電子遊戲點數,數位部今年持續針對重點業者加強輔導,促使業者推出「遊戲延遲入點」並搭配「點數防詐鎖卡平台」服務,當玩家察覺遭受點數詐騙,可到點數防詐鎖卡平台進行鎖定,鎖定成功可到原購買店家進行退費。",context,"目前國內主要電商業者都已陸續引入,此外,電商也配合於網購必要程序節點增加詐騙手法防詐警示以提醒消費者。","李懷仁表示,數位部落實各項源頭阻詐措施之下,內政部警政署通報電商疑似個資外洩家數,從最高峰平均每月超過17家次已顯著下降,且近1個月警政署165公告的高風險賣場中,數位部所轄大型電商平台已歸零;",[],[],False,,c2ee81303176c9c739564927435bdf15,False,01_Ho_chinatimes_news,2023-12-20 22:30:00,"111政府專屬短碼簡訊平台啟動 助民眾快速辨別詐騙訊息 杜絕偽冒網站 唐鳳:停止解析機制可防民眾連上假網頁 關於電子遊戲點數,數位部今年持續針對重點業者加強輔導,促使業者推出「遊戲延遲入點」並搭配「點數防詐鎖卡平台」服務,當玩家察覺遭受點數詐騙,可到點數防詐鎖卡平台進行鎖定,鎖定成功可到原購買店家進行退費。",True,institution_only,False,,False,DROP,0.25259560346603394,REVIEW,0.054227232933044434,False,REVIEW
_eae131b23a8c,_eae131b23a8c_u014,"另外,為讓民眾判別政府資訊的真實性,數位部已建立111政府專屬短碼簡訊平台,做為行政部門發送簡訊的信賴管道,藉此避免民眾被假冒政府機關的簡訊所騙,保護自身財產安全。",context,"整體遊戲點數詐騙案件數也已自單月最高1600件,下降至10月約200餘件。","數位部表示,期盼有意領導國家的總統參選人,應先了解實際狀況再評論,數位部官網都有清楚資訊可供查證,勿持續散布錯誤訊息。",[],[],False,,ffbfa238a7f5542671c2e8b8e743befa,False,01_Ho_chinatimes_news,2023-12-20 22:30:00,"另外,為讓民眾判別政府資訊的真實性,數位部已建立111政府專屬短碼簡訊平台,做為行政部門發送簡訊的信賴管道,藉此避免民眾被假冒政府機關的簡訊所騙,保護自身財產安全。",True,institution_only,False,,False,REVIEW,0.24968712031841278,KEEP,0.4289502501487732,False,REVIEW
_d5ec8d04f6cc,_d5ec8d04f6cc_u003,"為此,軍系社團中央軍事校友會上午在台北市政府前廣場,舉辦「黃埔建軍/建校迎百年」啟幕式活動。",context,"明年是黃埔軍校建校一百週年,數個退伍軍官社團此前傳出,將號召500名黃埔軍校校友赴中國大陸參加黃埔軍校99週年活動,引發兩岸黃埔「正統」話語權之爭;","這場活動的出席人員,分別有前陸軍總司令陳廷寵、侯友宜、前立委陳鎮湘、前國防大學校長夏瀛洲、前國防大學校長費鴻波、前聯勤總司令季麟連、國民黨籍立委吳斯懷、前國安會秘書長胡為真、退輔會副主委李文忠、前海軍總司令苗永慶、前空軍司令雷玉其;",[],[],False,,e16d986cd4023f9eebb770aad6046822,False,01_Ho_chinatimes_news,2023-06-18 12:50:00,"為此,軍系社團中央軍事校友會上午在台北市政府前廣場,舉辦「黃埔建軍/建校迎百年」啟幕式活動。",True,institution_only,False,,False,REVIEW,0.36349332332611084,,,False,REVIEW
_2bd1a4eb2532,_2bd1a4eb2532_u003,"徐巧芯在臉書(Facebook)貼文指出,檢調要對她出手,把例行性活動抹黑成賄選。",claim,"北市松山、信義2名里長被檢舉涉嫌舉辦餐會、發放壽麵等為特定立委參選人賄選,台北地檢署指揮調查局約談包括2名里長等8人說明。","侯友宜與徐巧芯今天上午舉辦聯合競選總部成立大會,朱立倫、台北市長蔣萬安等人皆到場造勢。",[],[],False,,9a5a9d27228e06c7339cbcfc4902899a,False,01_Ho_chinatimes_news,2023-12-02 10:46:00,"徐巧芯在臉書(Facebook)貼文指出,檢調要對她出手,把例行性活動抹黑成賄選。",True,institution_only,False,,False,REVIEW,0.34691962599754333,,,False,REVIEW
_4664f26174a4,_4664f26174a4_u011,"最後他以蔣經國曾說過的「逆境堅定力、風雨生信心」,強調要找回中華民國的美,找回台灣人的好,讓政黨輪替,找回下一代共同希望與未來。",claim,"侯友宜表示,他已經做好準備,要回應民心思變、政黨輪替的聲音,未來他會在所有行程中,拿出符合台灣的作法,順應世界潮流,贏回人民對政府的信心;",(編輯:郭無患)1120520 蔡總統拋領導人5大條件 肯定賴清德很多特質適合 柯文哲:年輕人看不見希望 我們不能這樣就算了 「柯珊配」無望?,[],[],False,,787f84ab0ef2e4db5873a133458d65a1,False,01_Ho_chinatimes_news,2023-05-20 11:53:00,"最後他以蔣經國曾說過的「逆境堅定力、風雨生信心」,強調要找回中華民國的美,找回台灣人的好,讓政黨輪替,找回下一代共同希望與未來。",True,institution_only,False,,False,KEEP,0.5506603717803955,,,False,REVIEW
_3f2da8ecbb64,_3f2da8ecbb64_u008,"政府應充分保障非典型聘僱、承攬及派遣人力權益,並制定「外送平台從業人員權益保障法」。",context,"柯文哲指出,其次是「友善環境,保障勞權」,應增加勞工家庭照顧假,並增訂以小時為單位的「親職假」,教師節與勞動節都列國定假日,避免「一家兩制」怪現象;","談及勞保年金改革,柯文哲承諾,保證每年撥補勞保1000億元,若有超徵稅金則優先撥補勞保;",[],[],False,,ee2dc4285d651946ed64b94c516b3624,False,01_Ho_chinatimes_news,2023-12-05 14:38:00,"政府應充分保障非典型聘僱、承攬及派遣人力權益,並制定「外送平台從業人員權益保障法」。",True,institution_only,False,,False,REVIEW,0.16413894295692444,KEEP,0.20279163122177124,False,REVIEW
_64f250fd77c9,_64f250fd77c9_u007,"讓相關津貼能隨著物價指數調高以滿足國人基本生活所需,普遍照顧民眾的生活。",context,老年農民福利津貼也從每月7550元達到每月8080元。,"林楚茵強調,民進黨始終跟農民站在一起,積極爭取提升從農環境。",[],[],False,,6a6256712349fdf9f514795c17bef2ce,False,01_Ho_chinatimes_news,2023-09-26 13:24:00,"讓相關津貼能隨著物價指數調高以滿足國人基本生活所需,普遍照顧民眾的生活。",True,institution_only,False,,False,DROP,0.1784944236278534,DROP,-0.0021085739135742188,True,REVIEW
_7c255af2d597,_7c255af2d597_u001,"同區競選對手林國春表示,若沒證據,就是以惡劣與卑劣手段污衊抹黑競選對手。",claim,"張宏陸赴市調處檢舉賄選 林國春批沒證據是抹黑 2024/1/5 13:32 (1/5 14:21 更新) (中央社記者黃旭昇新北5日電)民進黨新北市立委候選人張宏陸今天赴調查局新北市調查處檢舉,要求查察賄選傳聞,盼盡速調查。","民進黨新北市立委選舉第6選區(板橋西區)候選人張宏陸上午前往新北市調處檢舉,指控板橋地區候選人疑似賄選的傳聞不斷,希望司法機關能盡快調查。",[],[],False,,2f911b163d96ba1482d87d4d86ee4d1b,False,01_Ho_chinatimes_news,2024-01-05 13:32:00,"同區競選對手林國春表示,若沒證據,就是以惡劣與卑劣手段污衊抹黑競選對手。",True,institution_only,False,,False,REVIEW,0.31458309292793274,,,False,REVIEW
_7c255af2d597,_7c255af2d597_u007,"林國春指出,他是警察出身,張宏陸僅以1段錄音檔內容,也無對價關係及實際證據,就在網路直播、街頭巷尾指控別人賄選,若這樣的證據能力可致人於罪、抹黑對手,顯然法治觀念薄弱。",claim,"張宏陸騎虎難下,乾脆假戲真做,煞有其事到市調處檢舉。","林國春表示,參政17年,正當與實在做事,禁得起考驗;",[],[],False,,408e258b4e0c8e30e856df65fa6c2310,False,01_Ho_chinatimes_news,2024-01-05 13:32:00,"林國春指出,他是警察出身,張宏陸僅以1段錄音檔內容,也無對價關係及實際證據,就在網路直播、街頭巷尾指控別人賄選,若這樣的證據能力可致人於罪、抹黑對手,顯然法治觀念薄弱。",True,institution_only,False,,False,REVIEW,0.34802955389022827,,,False,REVIEW
_01e641755976,_01e641755976_u002,"第15屆海峽論壇16日起在中國福建省舉行,夏立言率團與會,他18日與國台辦主任宋濤會面時表示,台東縣政府及農民為改善鳳梨釋迦的品質也做了相當多努力,希望儘快爭取恢復輸陸。",claim,"他也強調,兩岸同文同種,相處應該就像家人,不要變成仇人。","宋濤則指出,經國民黨反映及看到台東縣府和農民的努力,陸方高度重視,將作出妥善安排。",[],[],False,,f1218ad02951808513d0a53bde43d989,False,01_Ho_chinatimes_news,2023-06-21 14:43:00,"第15屆海峽論壇16日起在中國福建省舉行,夏立言率團與會,他18日與國台辦主任宋濤會面時表示,台東縣政府及農民為改善鳳梨釋迦的品質也做了相當多努力,希望儘快爭取恢復輸陸。",True,institution_only,False,,False,KEEP,0.47540372610092163,,,False,REVIEW
_b3340d58c38d,_b3340d58c38d_u001,"甘思德則認為,儘管台海仍有衝突的可能,但不論誰勝出,戰爭的可能性仍然很低。",claim,"美專家:若民進黨再贏大選 意味中國對台政策失敗 2024/1/6 08:19 (1/6 09:28 更新) (中央社記者江今葉華盛頓5日專電)華府智庫中國事務專家賀博然今天指出,若民進黨史無前例地連續第3次贏得總統大選,將是中國對台政策失敗的象徵。",台灣即將在13日投票選出下任總統。,[],[],False,,d3f3e4435571115c219daed6298c654e,False,01_Ho_chinatimes_news,2024-01-06 08:19:00,"甘思德則認為,儘管台海仍有衝突的可能,但不論誰勝出,戰爭的可能性仍然很低。",True,institution_only,False,,False,REVIEW,0.23698493838310242,KEEP,0.7406843900680542,True,REVIEW
_b3340d58c38d,_b3340d58c38d_u009,"北京也意識到軍事層面衝突將對經濟、政權帶來嚴重後果,這讓北京在某種程度上陷入困境,試圖作為卻未能取得成果。",context,"甘思德透露與中國官員的對話指出,中國官員對沒有在台灣議題上取得更多進展感到極度沮喪,這表明北京缺乏評估自身行為如何影響兩岸關係的能力。","CSIS費和中國研究項目(CSIS Freeman Chair in China Studies)副主任麥艾維(Lily McElwee)說,美國在台灣選舉上並未採取立場,美國總統拜登(Joe Biden)傳遞的訊息是,選舉的神聖性至關重要,這將由台灣人民做出選擇,而非其他人。",[],[],False,,95b1411b1bf6f7186ddb7f3b8a641dec,False,01_Ho_chinatimes_news,2024-01-06 08:19:00,"北京也意識到軍事層面衝突將對經濟、政權帶來嚴重後果,這讓北京在某種程度上陷入困境,試圖作為卻未能取得成果。",True,institution_only,False,,False,REVIEW,0.36603593826293945,,,True,REVIEW
_b3340d58c38d,_b3340d58c38d_u014,"拜登政府充分利用溝通管道,不斷重申和平、穩定與維持現狀的重要性。",context,華府清楚這次選舉可能影響雙邊緊張局勢。,"CSIS中國實力計畫(China Power Project)研究員賀博然(Brian Hart)則談到,部分學者認為不論誰當選,兩岸關係都會持續緊張,即使國民黨獲勝,也不太可能回到北京認為的前總統馬英九時期的高位,因此北京無論如何都不太樂觀。",[],[],False,,d0423d33c27c9a81ad33d772b1c01708,False,01_Ho_chinatimes_news,2024-01-06 08:19:00,"拜登政府充分利用溝通管道,不斷重申和平、穩定與維持現狀的重要性。",True,institution_only,False,,False,REVIEW,0.3418441116809845,,,False,REVIEW
_b3340d58c38d,_b3340d58c38d_u017,"透過 Google News 他表示,一個大問題在於中國將如何行動,許多美國學者與卸任官員擔心,中國將在大選後數週、數個月內進行軍事演習;",claim,"從北京角度看,更像是兩害或是三害中取其輕。","關鍵在於北京何時採取行動,是選後立即採取行動,還是等待就職典禮時,或是會無限期等候新任總統的言行。",[],[],False,,c65e04a66ff2354b526700a6d0d40126,False,01_Ho_chinatimes_news,2024-01-06 08:19:00,"透過 Google News 他表示,一個大問題在於中國將如何行動,許多美國學者與卸任官員擔心,中國將在大選後數週、數個月內進行軍事演習;",True,institution_only,False,,False,KEEP,0.5128017663955688,,,True,REVIEW
_b79329944155,_b79329944155_u001,競選辦公室的後續籌組作業由前新北市副市長謝政達負責。,context,"侯友宜成立競選工作室 公布首波發言團隊成員 2023/6/1 10:11 (6/1 11:11 更新) (中央社記者劉冠廷台北1日電)獲國民黨徵召參選2024總統選舉的新北市長侯友宜,今天成立競選工作室,競選工作室執行長由前新北市府副秘書長張其強擔任;","國民黨在5月17日徵召侯友宜參選總統,侯友宜競選工作室今天發出新聞稿指出,競選工作室今天成立,即日起作為新聞發佈與回應、媒體聯繫、以及選舉相關行程規劃等窗口。",[],[],False,,523f7b2a7879b0b0164f30f79a5de936,False,01_Ho_chinatimes_news,2023-06-01 10:11:00,競選辦公室的後續籌組作業由前新北市副市長謝政達負責。,True,institution_only,False,,False,KEEP,0.4728606045246124,,,False,REVIEW
_b79329944155,_b79329944155_u003,"工作室為臨時性質,將以此為基礎,人員逐步到位,日後將擴充成為競選辦公室。",context,"國民黨在5月17日徵召侯友宜參選總統,侯友宜競選工作室今天發出新聞稿指出,競選工作室今天成立,即日起作為新聞發佈與回應、媒體聯繫、以及選舉相關行程規劃等窗口。","侯友宜競選工作室表示,工作室首波發言團隊成員,皆為「7、8年級生」,包括2名青年世代議員,江怡臻、呂家愷;",[],[],False,,aa8773611ba283b6eaef73046fc61105,False,01_Ho_chinatimes_news,2023-06-01 10:11:00,"工作室為臨時性質,將以此為基礎,人員逐步到位,日後將擴充成為競選辦公室。",True,institution_only,False,,False,REVIEW,0.22936385869979858,KEEP,0.7438366413116455,False,REVIEW
_b79329944155,_b79329944155_u009,競選工作室執行長由請辭獲准的前新北市副秘書長張其強擔任;,context,"工作室指出,工作室的籌組是在國民黨正式通過徵召侯友宜後才開始進行,包括地點的尋覓,人員的組成,都在2個禮拜內完成。","工作室為臨時性質,未來將擴充為競選辦公室,後續籌組競選辦公室作業由請辭獲准的前新北市副市長謝政達負責。",[],[],False,,584e015489bc57d290405ed009a6d2b5,False,01_Ho_chinatimes_news,2023-06-01 10:11:00,競選工作室執行長由請辭獲准的前新北市副秘書長張其強擔任;,True,institution_only,False,,False,REVIEW,0.3606628179550171,,,False,REVIEW
_b79329944155,_b79329944155_u010,"工作室為臨時性質,未來將擴充為競選辦公室,後續籌組競選辦公室作業由請辭獲准的前新北市副市長謝政達負責。",context,競選工作室執行長由請辭獲准的前新北市副秘書長張其強擔任;,"競選工作室也吸引來自台大、輔大和台北大學等大學和研究生的參與,會以「政治實習生」的方式,包括行程設計、街頭宣講、台上演說等不同的形式,實際參與整個選舉過程, 透過 Google News 工作室表示,侯友宜生長於南台灣,是菜市場裡長大的孩子,從警官學校畢業後,隨著辦案的需要,足跡遍及全台灣,相當了解基層民眾的心聲,對於是非善惡,更是絕不妥協,侯友宜2018年投入人生第一場選舉,就是希望團結台灣,不分黨派、不分族群,一起讓國家、社會更和諧,減少政治對立下的衝突與撕裂。",[],[],False,,ac2581ff347cdd2ec966b33cb971e7d2,False,01_Ho_chinatimes_news,2023-06-01 10:11:00,"工作室為臨時性質,未來將擴充為競選辦公室,後續籌組競選辦公室作業由請辭獲准的前新北市副市長謝政達負責。",True,institution_only,False,,False,REVIEW,0.3658963739871979,,,False,REVIEW
_3996935bbccb,_3996935bbccb_u005,"政府應參照日本、韓國經驗,尤其針對重大犯罪部份,重新檢視年齡、管束、刑責等規定。",context,"他並提出4點呼籲,首先是面對家屬及許多民眾的心聲,希望對現行「少年事件處理法」不足進行檢討。","侯友宜說,第二,面對校園暴力與霸凌現象高度關聯,政府應參考日本訂定「防止校園霸凌對策推進法」的精神,包括加強道德教育、早日發現校園霸凌行為措施、注意利用網路的校園霸凌行為、對受霸凌兒少和監護人提供援助、對霸凌者進行懲戒及輔導,如果認為校園霸凌行為可作犯罪行為對待,應與當地警方開展合作。",[],[],False,,eb80b64131e3be5c9b206c960666c2e2,False,01_Ho_chinatimes_news,2023-12-28 13:11:00,"政府應參照日本、韓國經驗,尤其針對重大犯罪部份,重新檢視年齡、管束、刑責等規定。",True,institution_only,False,,False,REVIEW,0.2660791873931885,,,False,REVIEW
_3996935bbccb,_3996935bbccb_u008,"第三,在校園安全檢查部分,教育部應立刻檢討現行規範與實務上的落差,挹注更多資源在校園輔導、親職及家庭教育的不足,提升人力、經費,提供孩子成長過程更細緻的同理與關懷,健全孩子身心發展及家庭功能。",context,"他呼籲以更積極態度面對校園霸凌問題,提供更多資源,協助預防、儘早發現及事發處理,給予高關懷對象更多輔導作為。","同時也要強化社會安全網絡,串聯公私互助力量,做好各系統間的整合及轉銜,以預防代替補破網。",[],[],False,,229a257b18c9b85fe040fc974ba8aab5,False,01_Ho_chinatimes_news,2023-12-28 13:11:00,"第三,在校園安全檢查部分,教育部應立刻檢討現行規範與實務上的落差,挹注更多資源在校園輔導、親職及家庭教育的不足,提升人力、經費,提供孩子成長過程更細緻的同理與關懷,健全孩子身心發展及家庭功能。",True,institution_only,False,,False,REVIEW,0.21375107765197754,KEEP,0.4033198952674866,False,REVIEW
_3996935bbccb,_3996935bbccb_u010,"第四,校園安全事件並非單一地區或單一事件,而是全國必須一起面對的嚴肅問題。",context,"同時也要強化社會安全網絡,串聯公私互助力量,做好各系統間的整合及轉銜,以預防代替補破網。","尤其面對黑幫侵入校園、吸引青少年犯罪的嚴重趨勢,政府必須對於吸收未成年的幫派分子,不論主從,都要加重量刑,一定要防止犯罪行為進入校園,侵害下一代。",[],[],False,,b2cdfd362e6d3f2e8ff6987ae4d10ff5,False,01_Ho_chinatimes_news,2023-12-28 13:11:00,"第四,校園安全事件並非單一地區或單一事件,而是全國必須一起面對的嚴肅問題。",True,institution_only,False,,False,REVIEW,0.3833324909210205,,,False,REVIEW
_3996935bbccb,_3996935bbccb_u011,"尤其面對黑幫侵入校園、吸引青少年犯罪的嚴重趨勢,政府必須對於吸收未成年的幫派分子,不論主從,都要加重量刑,一定要防止犯罪行為進入校園,侵害下一代。",context,"第四,校園安全事件並非單一地區或單一事件,而是全國必須一起面對的嚴肅問題。","侯友宜最後說,面對遺憾事件,要以同理與關懷的力量避免傷痛繼續擴大,同時一起面對問題、解決困境、彌補不足,竭盡全力減少遺憾、不再發生,還給孩子們平安環境。",[],[],False,,6a6b820e0b3b286ca6590dfa19ee3671,False,01_Ho_chinatimes_news,2023-12-28 13:11:00,"尤其面對黑幫侵入校園、吸引青少年犯罪的嚴重趨勢,政府必須對於吸收未成年的幫派分子,不論主從,都要加重量刑,一定要防止犯罪行為進入校園,侵害下一代。",True,institution_only,False,,False,REVIEW,0.26891422271728516,,,False,REVIEW
_8ce4e5edaa08,_8ce4e5edaa08_u007,"郭台銘致詞表示,他知道大家很辛苦,收入扣掉油錢所剩不多,COVID-19疫情期間更慘。",claim,"何頂立說,雙北計程車數量就占全台近6成,司機1天跑10小時,扣掉開銷月收入只剩新台幣2萬多元,希望這次COVID-19(2019冠狀病毒疾病)疫情解封後可以有更多人到台灣,大家都有客人載,也感謝郭台銘先前捐贈BNT疫苗。","政府沒照顧基層民眾生活,計程車司機是交通最重要一環,投資捷運或高鐵都要百億、千億,投資在計程車司機身上的安全、保險、AI與平台等也很重要,但科技部等單位都沒有建立平台,讓大家減少空跑時間、增加收入。",[],[],False,,d66bf0e9c3f054fe957c24f1d543d363,False,01_Ho_chinatimes_news,2023-09-03 21:17:00,"郭台銘致詞表示,他知道大家很辛苦,收入扣掉油錢所剩不多,COVID-19疫情期間更慘。",True,institution_only,False,,False,REVIEW,0.2921696603298187,,,False,REVIEW
_335e93de68ef,_335e93de68ef_u004,"他說,礦區內的每一間房子都沒有特權,只有滿屋子的辛酸,這些房子都在區域計畫法施行前就已經合法存在,礦權廢止後,政府並沒有妥善處理他們的居住權,無法可申請,年久失修,自行修建是很自然的事情。",claim,"以及礦工後代安居的問題,合理的解決才是正道,不是在多年後只做到認定「既存違建,拍照存檔」就當作解決。","所以這些房子應該是既存建築,和都市計畫內的違建概念不同,應該要獲得合理解決。",[],[],False,,1e592c4a4f3ef4e626cf73eef47ec81d,False,01_Ho_chinatimes_news,2023-12-20 20:51:00,"他說,礦區內的每一間房子都沒有特權,只有滿屋子的辛酸,這些房子都在區域計畫法施行前就已經合法存在,礦權廢止後,政府並沒有妥善處理他們的居住權,無法可申請,年久失修,自行修建是很自然的事情。",True,institution_only,False,,False,REVIEW,0.34732645750045776,,,False,REVIEW
_335e93de68ef,_335e93de68ef_u008,"在礦區的居住權獲得保障之後,為了紀念那個年代礦工對台灣經濟的貢獻,他願意把房子交付公益信託,優先做為「礦工生活紀念館」。",context,"他有責任協助大家,找出一條道路,保障大家的居住權益。","侯友宜:兩岸護國神山是中華民國憲法 不要抹紅 柯文哲主攻財政紀律 拋杜絕特別預算浮編將修財劃法 他並說,侯友宜的大群館、現在的凱旋苑遊走在法律邊緣,竟然申請99個門號企圖逃漏稅,還向學生收取高價租金。",[],[],False,,11081f63a669d4585806ab978d5b4c96,False,01_Ho_chinatimes_news,2023-12-20 20:51:00,"在礦區的居住權獲得保障之後,為了紀念那個年代礦工對台灣經濟的貢獻,他願意把房子交付公益信託,優先做為「礦工生活紀念館」。",True,institution_only,False,,False,REVIEW,0.302025705575943,,,True,REVIEW
_f7f2dd079d21,_f7f2dd079d21_u001,"也將成立「核四總體安全審查委員會」,在安全無虞下,推動核四安全重啟。",context,"侯友宜公布能源政策 核一二三延役、安全重啟核四 2023/8/9 11:27 (10/19 21:05 更新) (中央社記者劉冠廷台北9日電)國民黨總統參選人侯友宜今天推出能源政策,主張將核電正式列入能源選項,並承諾當選總統後,第一任期內將完成核一、核二、核三檢查檢修工作,安全延役;","侯友宜今天上午召開記者會,說明能源政策,宣示2050年能源願景,包括環境永續、國家安全、人民健康、有序轉型等4大方向;",[],[],False,,ccc0c091a63c1bc714d38096a1aab693,False,01_Ho_chinatimes_news,2023-08-09 11:27:00,"也將成立「核四總體安全審查委員會」,在安全無虞下,推動核四安全重啟。",True,institution_only,False,,False,REVIEW,0.2930576503276825,,,True,REVIEW
_f7f2dd079d21,_f7f2dd079d21_u011,"「以核減煤」是要與國際同步,善用既存核電的價值,作為降低碳排及空污的關鍵選項;",context,"透過 Google News 至於在5大能源政策主張方面,侯友宜說,「以綠永續」是要穩健務實持續增加再生能源發電,作為台灣未來主要的能源支柱;","「邁向無煤」是要初期運用燃煤發電作為能源安全與電價穩定的關鍵少數,但將逐漸減少燃煤發電,至2030年占比減少至14%,2040年完全停止燃煤發電,達成2040無煤台灣的目標。",[],[],False,,88eb0f46d1039fcc5ddcd7876fe211d9,False,01_Ho_chinatimes_news,2023-08-09 11:27:00,"「以核減煤」是要與國際同步,善用既存核電的價值,作為降低碳排及空污的關鍵選項;",True,institution_only,False,,False,REVIEW,0.25468909740448,KEEP,0.9295828454196453,False,REVIEW
_97851f5d39c8,_97851f5d39c8_u006,"杜奕瑾強調,有些協同團體的操作是為了激化台灣民眾的對立,拿最不堪言論互相攻擊,讓台灣民眾無法理性討論,產生對台灣媒體和政府的不信任。",claim,"台灣人工智慧實驗室(Taiwan AI Labs)創辦人杜奕瑾今天出席認知操作觀察會議表示,國家級警報事件發生後,在社群平台上出現大量協同帳號(具有協同行為的帳號)活動,試圖誤導民眾、批評政府兩岸政策,在台灣製造混亂。","在這次選舉期間,透過短影音操作的介入很明顯,協同團體在網路上會設法創造新名詞、帶領潮流,但不見得能成功。",[],[],False,,c0dfd46b4d5f2021481390b905dd45c3,False,01_Ho_chinatimes_news,2024-01-10 14:09:00,"杜奕瑾強調,有些協同團體的操作是為了激化台灣民眾的對立,拿最不堪言論互相攻擊,讓台灣民眾無法理性討論,產生對台灣媒體和政府的不信任。",True,institution_only,False,,False,KEEP,0.46035036444664,,,False,REVIEW
_97851f5d39c8,_97851f5d39c8_u011,"透過分析觀察到疑似假帳號創立的臉書粉專,以影音吸引一般人後,再分享政治議題,影響閱讀者。",context,"透過 Google News 台灣人工智慧實驗室指出,上週中國官媒主打「台灣兵凶戰危」、「高端疫苗弊案」等主題,協同群跟進官媒操作目標,放大相關議題的輿論操作。","台灣人工智慧實驗室也發現,曾同時操作國內外事件、論述與中國官媒高度相似,且積極參與本次總統大選的2個臉書協同群Facebook #61009、Facebook #61019,上週比較不操作民眾黨總統候選人柯文哲粉專,主要在特定候選人與現任總統粉專下進行操作,論述主要為攻擊特定政黨。",[],[],False,,4eea0c341c256227d6846eb6a13c57ab,False,01_Ho_chinatimes_news,2024-01-10 14:09:00,"透過分析觀察到疑似假帳號創立的臉書粉專,以影音吸引一般人後,再分享政治議題,影響閱讀者。",True,institution_only,False,,False,REVIEW,0.26891571283340454,,,False,REVIEW
_2c2c90665960,_2c2c90665960_u009,"韓國瑜致詞時現場民眾嗨翻,韓國瑜說,自己離開高雄3年,無時無刻不在懷念高雄,也時常擔憂台灣,希望聰明的高雄人要記得,要和平的高雄、經濟發達的高雄和明確定位的高雄。",claim,"盧秀燕說,每到選舉大家都說愛台灣,國家領導人應有化危為安的能力,唯一經過考驗的人就是侯友宜,他證明自己面對社會案件時連死都不怕。","韓國瑜說明,打仗起來第一危險是首都,第二危險就是軍事要塞高雄;",[],[],False,,96c22d69972a1c4efb951a9ee498345b,False,01_Ho_chinatimes_news,2023-10-28 21:43:00,"韓國瑜致詞時現場民眾嗨翻,韓國瑜說,自己離開高雄3年,無時無刻不在懷念高雄,也時常擔憂台灣,希望聰明的高雄人要記得,要和平的高雄、經濟發達的高雄和明確定位的高雄。",True,institution_only,False,,False,KEEP,0.4672747552394867,,,True,REVIEW
_2c2c90665960,_2c2c90665960_u011,"而高雄負債全台最高、經濟弱,一定要全力拚經濟;",context,"韓國瑜說明,打仗起來第一危險是首都,第二危險就是軍事要塞高雄;","最後明確定位則是未來在台灣,政治在台北總統府、行政院、立法院,但是工商業最發達,一定要在高雄。",[],[],False,,75aa63ae9e7644db5ada63a25721eaed,False,01_Ho_chinatimes_news,2023-10-28 21:43:00,"而高雄負債全台最高、經濟弱,一定要全力拚經濟;",True,institution_only,False,,False,REVIEW,0.4061434268951416,,,True,REVIEW
_54fec37dacb7,_54fec37dacb7_u014,"台灣沒有顏色,只有國家的顏色,只有青天白日滿地紅的國旗,所以大家一起守護中華民國,愛台灣所有人。",context,"侯友宜說,他反對台獨與一國兩制,國家已有中華民國憲法與兩岸人民關係條例,更重要的是在中華民國下,大家不要搞分裂。","(編輯:方沛清)1120523 中國施壓聯合國 拒中央社記者領取WHA採訪證[影] 中央社採訪WHA被拒 外交部譴責中國傷害台灣人惡行 中國及巴基斯坦帶頭反對 世衛排除台灣參與WHA 台外籍記者聯誼會挺中央社:WHA不應以國籍決定採訪權[影] 侯友宜不排斥侯習會 促賴清德說清楚贊成或反對台獨 傳柯侯郭下週見面 侯友宜:謝謝關心 涉行賄案 趙藤雄延長限境8個月放寬警局報到 2025/05/25 07:30 2023/05/23 19:47 2023/05/23 19:13 2023/05/23 11:35 2023/05/23 10:38 2023/05/23 07:33 本網站之文字、圖片及影音,非經授權,不得轉載、公開播送或公開傳輸及利用。",[],"[""國旗|symbol""]",False,,73dc3901f4c1097fc72fc4ddeeb27575,False,01_Ho_chinatimes_news,2023-05-23 11:35:00,"台灣沒有顏色,只有國家的顏色,只有青天白日滿地紅的國旗,所以大家一起守護中華民國,愛台灣所有人。",True,institution_only,False,,False,REVIEW,0.2758329510688782,,,True,REVIEW
_287520ce1955,_287520ce1955_u000,"報告:選前網路社群協同群體加強散布錯假訊息 2024/1/3 14:10 (1/3 14:21 更新) 如何辨別資訊真偽、可信度,同時評量報導立場與脈絡,已成為當代閱聽人及媒體最重大挑戰。",context,,"中央社「媒體識讀」新聞分類,集結事實查核與媒體素養相關新聞,期待以媒體角色為提供正確資訊盡一分心力。",[],[],False,,616cbfc54e19fef6fc597538e0effb47,False,01_Ho_chinatimes_news,2024-01-03 14:10:00,"報告:選前網路社群協同群體加強散布錯假訊息 2024/1/3 14:10 (1/3 14:21 更新) 如何辨別資訊真偽、可信度,同時評量報導立場與脈絡,已成為當代閱聽人及媒體最重大挑戰。",True,institution_only,False,,False,REVIEW,0.3737448453903198,,,False,REVIEW
_287520ce1955,_287520ce1955_u003,"辨別真偽成媒體挑戰 中央社「媒體識讀」專題提供正確資訊 台灣人工智慧實驗室(Taiwan AI Labs)並表示,去年12月21日至28日期間,協同群(具有協同行為的群體)在社群平台臉書(Facebook)操作新北國中生割頸案,連結為支持台灣廢除死刑的結果,試圖增強對蔡英文政府的不信任。",claim,"(中央社記者吳家豪台北3日電)總統大選進入倒數,台灣人工智慧實驗室今天發布觀察報告指出,上週協同群在BBS社群平台PTT使用扭曲事實框架的手法,散播民進黨與中國共產黨有關聯、總統候選人賴清德撒謊,以及散布錯誤訊息等論述,影響人們對於事實的認知。","台灣人工智慧實驗室發現,在短影音平台TikTok上,支持國民黨的協同群上週加強操作力道,參與多項與國民黨相關的議題,包括總統候選人侯友宜凱旋苑爭議、副總統候選人趙少康電視政見會口誤等;",[],[],False,,da6de9547cd794e3dd0a7330493f148c,False,01_Ho_chinatimes_news,2024-01-03 14:10:00,"辨別真偽成媒體挑戰 中央社「媒體識讀」專題提供正確資訊 台灣人工智慧實驗室(Taiwan AI Labs)並表示,去年12月21日至28日期間,協同群(具有協同行為的群體)在社群平台臉書(Facebook)操作新北國中生割頸案,連結為支持台灣廢除死刑的結果,試圖增強對蔡英文政府的不信任。",True,institution_only,False,,False,REVIEW,0.3957519233226776,,,False,REVIEW
_287520ce1955,_287520ce1955_u007,"台灣人工智慧實驗室透過人工智慧技術,可以找出哪些是透過公關公司控制的帳號、用程式產生大量虛假言論的帳號,並了解協同帳號在哪些新聞議題下進行論述操作。",context,"台灣人工智慧實驗室創辦人杜奕瑾以線上方式與會表示,網路上有非常多帳號是一個口令、一個動作,跟隨「指揮官」。","杜奕瑾表示,大部分民主國家現階段對虛假言論不具備防禦能力,協同帳號不只在台灣進行認知操作,也在美國操作言論,攻擊拜登政府民生議題。",[],[],False,,056bf2c30dd9e9b4628e4b8fc7d6273d,False,01_Ho_chinatimes_news,2024-01-03 14:10:00,"台灣人工智慧實驗室透過人工智慧技術,可以找出哪些是透過公關公司控制的帳號、用程式產生大量虛假言論的帳號,並了解協同帳號在哪些新聞議題下進行論述操作。",True,institution_only,False,,False,REVIEW,0.16779369115829468,KEEP,0.3498750925064087,False,REVIEW
_10f59ea249bf,_10f59ea249bf_u006,"台灣應不應該再走回頭路,把經濟再鎖回中國市場,答案不言而喻,大家都很清楚。",context,"柯文哲循蔡總統外交路線 侯友宜:我主張親美和中 日經亞洲:2024亞洲最重要選舉在台灣 決定兩岸關係 賴清德說,香港被中國收回去、被迫走進中國,就失去了全世界,導致香港經濟不斷下滑,當中國的大運已經走完,香港就跟著倒霉;","謝金河提到,新加坡總理李顯龍曾說,華人要「落地生根」,不要「落葉歸根」,要求華人完全融入新加坡。",[],[],False,,8c87c001911210c24e03d7004a0db2ee,False,01_Ho_chinatimes_news,2023-12-17 22:26:00,"台灣應不應該再走回頭路,把經濟再鎖回中國市場,答案不言而喻,大家都很清楚。",True,institution_only,False,,False,REVIEW,0.3502694368362427,,,True,REVIEW
_8e30e07ae933,_8e30e07ae933_u010,"但不幸的是,台灣政治上沒有長期規劃,政府都是現在缺少什麼就補助什麼,都是在短線操作;",context,這需要科學;,"COVID-19(2019冠狀病毒疾病)疫情期間,政府先後發放振興三倍券、振興五倍券與現金6000元,但這對台灣產業結構有何改變?",[],[],False,,1f978b9ac4cdcd90947cc7caad5de951,False,01_Ho_chinatimes_news,2024-01-10 22:24:00,"但不幸的是,台灣政治上沒有長期規劃,政府都是現在缺少什麼就補助什麼,都是在短線操作;",True,institution_only,False,,False,KEEP,0.537609338760376,,,False,REVIEW
_8e30e07ae933,_8e30e07ae933_u012,"他認為,台灣什麼技術都有,但政府都是短線操作,沒有徹底解決問題。",claim,"COVID-19(2019冠狀病毒疾病)疫情期間,政府先後發放振興三倍券、振興五倍券與現金6000元,但這對台灣產業結構有何改變?","「執政不難,找回良心而已」,當執政者若對民眾的痛苦無所謂,那就沒有資格再當政治人物。",[],[],False,,13a48e197587ffedd18f89337c5d87ab,False,01_Ho_chinatimes_news,2024-01-10 22:24:00,"他認為,台灣什麼技術都有,但政府都是短線操作,沒有徹底解決問題。",True,institution_only,False,,False,REVIEW,0.3461729884147644,,,False,REVIEW
_8e30e07ae933,_8e30e07ae933_u017,"這場大選到底是要走向新政治、新文化,還是停留在過去藍綠惡鬥?",context,大概還是不變。,選民應好好思考。,[],[],False,,1ae619d1ee86d3f1b4e56b7db18ec328,False,01_Ho_chinatimes_news,2024-01-10 22:24:00,"這場大選到底是要走向新政治、新文化,還是停留在過去藍綠惡鬥?",True,institution_only,False,,False,KEEP,0.49857082962989807,,,True,REVIEW
_2eddc42b7926,_2eddc42b7926_u011,"宋承恩強調,中國並在台灣培養許多政治代理人,在台灣內部散播「台灣抵抗無用論」、「疑美論」、「台灣經濟需依賴中國」、「中國體制優越」等論調,選民若無法慎思明辨,容易被矇騙。",claim,"第2,經濟手段以商逼政,高舉台灣經濟需中國論調,並打壓特定候選人,第3透過網路影響選情。","透過 Google News 宋承恩指出,台灣近年拒絕依靠中國,選擇擁抱世界,已成全球產業鏈不可或缺角色,而藍白合(國民黨、民眾黨)忙於政治算計跟分贓,完全無心考慮如何帶領台灣面對世界,因此他們只有「倚靠中國」一招,因此選藍白就是選擇倚靠中國,就是走回頭路,而唯一有在思考國政藍圖的,僅賴清德與蕭美琴。",[],[],False,,7ff9ba6908cf37222653f44b1522527f,False,01_Ho_chinatimes_news,2023-11-27 12:52:00,"宋承恩強調,中國並在台灣培養許多政治代理人,在台灣內部散播「台灣抵抗無用論」、「疑美論」、「台灣經濟需依賴中國」、「中國體制優越」等論調,選民若無法慎思明辨,容易被矇騙。",True,institution_only,False,,False,KEEP,0.5761404037475586,,,True,REVIEW
_88280a9e72a8,_88280a9e72a8_u011,"李乾龍說,不可能實現,棄保效應未來會不會成真還在觀察,大家對侯康配支持度有很高期待;",claim,"國民黨前秘書長李乾龍到板橋力挺侯友宜並接受媒體聯訪,針對民眾黨總統候選人柯文哲寫信給國民黨支持指自己已重回第二,柯文哲競選總幹事黃珊珊則說棄侯保柯是關鍵。","他也認為侯康配在北北基桃要贏約100萬票,才有勝選機會。",[],[],False,,812883e2aecfe80ebecff3b68bd01308,False,01_Ho_chinatimes_news,2024-01-02 10:20:00,"李乾龍說,不可能實現,棄保效應未來會不會成真還在觀察,大家對侯康配支持度有很高期待;",True,institution_only,False,,False,KEEP,0.5874143838882446,,,False,REVIEW
_3352dfb01c61,_3352dfb01c61_u004,"郭台銘說,他非常支持朱立倫的看法,在野大聯盟、非綠團隊一定要贏得大選,唯一方法就是要團結;",claim,"針對國民黨主席朱立倫今天表示,國民黨不是提名一個人,是一個最強的戰隊與團隊。","只有團結在黨中央的帶領和在野大聯盟的團結之下,來改變國家、社會,不能讓民進黨繼續執政。",[],[],False,,0845da93ca0890a1ee01527e44db6bc9,False,01_Ho_chinatimes_news,2023-04-30 22:41:00,"郭台銘說,他非常支持朱立倫的看法,在野大聯盟、非綠團隊一定要贏得大選,唯一方法就是要團結;",True,institution_only,False,,False,REVIEW,0.40633252263069153,,,True,REVIEW
_3352dfb01c61,_3352dfb01c61_u012,"郭台銘指出,肺癌在過去18年是癌症死亡之首,國際權威自然雜誌研究顯示,這是因為空污所造成的肺癌;",claim,"他認為應改善能源結構,如果認同他的做法、就投給他。","他的癌醫有數據,很多年輕肺腺癌患者不抽菸、不煮飯,為何得到肺腺癌,就是因為空污所造成。",[],[],False,,b3f691e0ecbdea3b8e09d680db2d4d43,False,01_Ho_chinatimes_news,2023-04-30 22:41:00,"郭台銘指出,肺癌在過去18年是癌症死亡之首,國際權威自然雜誌研究顯示,這是因為空污所造成的肺癌;",True,institution_only,False,,False,REVIEW,0.12304385006427765,KEEP,0.46998634934425354,False,REVIEW
_7fcc7dfac6e0,_7fcc7dfac6e0_u006,"而台灣也要走自己的路,若當選也會成立經濟內閣,把農漁產品賣得出去、觀光客進得來,讓台灣經濟可以跟世界比拚。",context,"侯友宜說,戰爭絕對不能發生,他能讓兩岸和平穩定、讓大家過平安日子;","周典論強調,他與侯友宜過去並不認識,但最近見過2次面,發現侯友宜作風才是「大家需要的總統」,全力相挺,因為唯有支持侯友宜,才能下架民進黨。",[],[],False,,49a95c0a5bea37786753e2b6558c0c20,False,01_Ho_chinatimes_news,2023-12-17 20:39:00,"而台灣也要走自己的路,若當選也會成立經濟內閣,把農漁產品賣得出去、觀光客進得來,讓台灣經濟可以跟世界比拚。",True,institution_only,False,,False,REVIEW,0.37838590145111084,,,True,REVIEW
_edf077b76bf7,_edf077b76bf7_u008,"郭台銘強調,讓年輕世代與全民治國的力量抬頭,為全民擘劃出新的理想與願景,再沒有藍與白的問題,背後所代表的只有「台灣」兩個字,是一個全新的政治共同體,結合這一切的元素就是「台灣人民」。",claim,"郭台銘表示,台灣被藍綠兩大黨的政黨框架限制太久了,明年的總統選舉不該只是政黨的未來發展,而是攸關台灣的未來發展,只有打破政黨框架,透過在野聯盟的結合,把國家的控制權交還給人民,大破大立地籌建聯合政府,才是最好的方式。","(編輯:翟思嘉)1121123 柯辦:柯文哲邀請郭台銘侯友宜下午會面 柯文哲指郭台銘為戰友 柯辦:非指「柯郭」配 侯友宜赴馬辦等待 相信柯文哲會來 柯文哲赴郭台銘家促三方會面 侯友宜:隨時在馬辦等候 郭台銘公開與柯文哲侯友宜溝通過程 柯同意今見面談整合 黃珊珊:柯文哲將以民眾黨總統候選人身分拚戰到底 侯辦:最後48小時等待柯文哲 要不要一句話 侯辦:極度遺憾民眾黨不願重新檢視民調 是否接受柯侯配 柯文哲:符合最強組合條件就ok 郭辦:郭台銘與柯文哲持續商談 任何結果都可能 賴佩霞領表 郭霞配是否參選到底笑而不答 柯郭邀赴君悅三方會面 侯派幕僚前往盼到馬辦 柯郭邀侯赴君悅三方會面 朱立倫盼不要再堅持地點 郭辦盼在野3方整合共推候選人 備倒數計時器等侯友宜 侯友宜馬英九朱立倫抵君悅 與柯文哲郭台銘會面 侯朱柯談民調爭議 郭台銘賴佩霞離場喝咖啡 周典論表態挺侯:全力動員打贏選戰是最大目標 王金平宴請挺郭派 盼郭台銘回歸藍營 趙少康:當選推內閣制 一年內沒推動辭職 喻九二共識如盤尼西林 柯文哲:有人過敏建議換藥 2024/01/22 16:57 2024/01/15 11:44 2024/01/14 21:26 2024/01/14 20:59 2024/01/14 20:34 2024/01/14 20:09 本網站之文字、圖片及影音,非經授權,不得轉載、公開播送或公開傳輸及利用。",[],[],False,,e4ca7e9af945628af56ec5fa0c06ddea,False,01_Ho_chinatimes_news,2023-11-23 13:47:00,"郭台銘強調,讓年輕世代與全民治國的力量抬頭,為全民擘劃出新的理想與願景,再沒有藍與白的問題,背後所代表的只有「台灣」兩個字,是一個全新的政治共同體,結合這一切的元素就是「台灣人民」。",True,institution_only,False,,False,KEEP,0.4863806664943695,,,True,REVIEW
_90fe4930ce26,_90fe4930ce26_u002,"霍華德(Dwight Howard)今天上午前往宜蘭縣東澳國小參加活動,他與學生們體驗原住民傳統樂器,並分享打球的人生歷程。",context,"他今天解釋,自己不是政治人物,本意也不想傷害任何人。","對於中國網友的攻擊言論,霍華德指出,對此表示歉意,傷害任何人並非他的本意;",[],[],False,,a41fbe414583f911870e9f834cf23d0d,False,01_Ho_chinatimes_news,2023-05-12 14:31:00,"霍華德(Dwight Howard)今天上午前往宜蘭縣東澳國小參加活動,他與學生們體驗原住民傳統樂器,並分享打球的人生歷程。",True,institution_only,False,,False,DROP,0.07342112809419632,DROP,-0.08297848701477051,True,REVIEW
_d56a00cb10f0,_d56a00cb10f0_u024,"我在臺北市政府服務的8年,與我在台大醫院的日子一樣,面對眼前的問題,直視它、處理它,然後打起精神,再次迎接明天。",context,政治應該落實在人民生活的每一天。,"柯文哲在台灣政壇所代表的,就是理性、務實、科學,將我們相信的價值與理念,透過每一天的實踐,落實在人民每一天的生活之中。",[],[],False,,f7065b8380f720241ddc3f98eb65cc57,False,01_Ho_chinatimes_news,2023-12-30 16:46:00,"我在臺北市政府服務的8年,與我在台大醫院的日子一樣,面對眼前的問題,直視它、處理它,然後打起精神,再次迎接明天。",True,institution_only,False,,False,REVIEW,0.2949513792991638,,,False,REVIEW
_dfee657a8900,_dfee657a8900_u006,"他說,若該土地整合成功,再加上新北市政府提供的種種容積獎勵,恐怕原地可以直接再蓋一棟「新莊凱旋苑」,該地段獲利預估恐高達上億元。",claim,"張錦豪表示,侯友宜就任新北市長後,針對距離全市共56處捷運站及火車站周邊150或300公尺建案,提供公益性設施者,可享用容積獎勵,前年更擴大適用範圍至400或500公尺,而侯家持有的復興段土地,距離捷運站正恰巧大約500公尺,侯友宜是否就是看準這項獎勵容積,才選擇收購整合。","對於侯辦指新莊復興段土地不具都更條件,戴瑋姍質疑,該地段位處新莊精華熱鬧區域,鄰近新莊站、頭前庄站等捷運沿線,擁有相同地理位置條件、緊鄰侯家持有的253、254地號旁的249-1地號,今年初已經由一家建設公司,以每坪75萬元價值買進。",[],[],False,,97001459ace7aacbe9aa52b922d3ebce,False,01_Ho_chinatimes_news,2023-12-29 12:06:00,"他說,若該土地整合成功,再加上新北市政府提供的種種容積獎勵,恐怕原地可以直接再蓋一棟「新莊凱旋苑」,該地段獲利預估恐高達上億元。",True,institution_only,False,,False,REVIEW,0.3863147497177124,,,False,REVIEW
_dfee657a8900,_dfee657a8900_u007,"對於侯辦指新莊復興段土地不具都更條件,戴瑋姍質疑,該地段位處新莊精華熱鬧區域,鄰近新莊站、頭前庄站等捷運沿線,擁有相同地理位置條件、緊鄰侯家持有的253、254地號旁的249-1地號,今年初已經由一家建設公司,以每坪75萬元價值買進。",context,"他說,若該土地整合成功,再加上新北市政府提供的種種容積獎勵,恐怕原地可以直接再蓋一棟「新莊凱旋苑」,該地段獲利預估恐高達上億元。","戴瑋姍說,根據新北市政府都市更新處網站資料顯示,附近有多筆復興段土地申請都更中,意味該處是建商獵地兵家必爭之地,狠狠打臉侯辦稱「該地不具都更條件」。",[],[],False,,3bb1368fb9d3f74d3b4c0a8d854ac5e0,False,01_Ho_chinatimes_news,2023-12-29 12:06:00,"對於侯辦指新莊復興段土地不具都更條件,戴瑋姍質疑,該地段位處新莊精華熱鬧區域,鄰近新莊站、頭前庄站等捷運沿線,擁有相同地理位置條件、緊鄰侯家持有的253、254地號旁的249-1地號,今年初已經由一家建設公司,以每坪75萬元價值買進。",True,institution_only,False,,False,REVIEW,0.38235241174697876,,,False,REVIEW
_dfee657a8900,_dfee657a8900_u011,"侯家積極收購新莊精華地段,距離成功整合只差一步之遙,是不是已經規劃好後續都更計畫。",context,"新莊區復興段253地號產權複雜,侯友宜出任新北市副市長期間開始出手獵地,是否為有計畫性的買地;","她說,侯辦為什麼要說謊附近沒有都更案、該地不具都更條件;",[],[],False,,56249cbbb94b521c214577f4f8875ea3,False,01_Ho_chinatimes_news,2023-12-29 12:06:00,"侯家積極收購新莊精華地段,距離成功整合只差一步之遙,是不是已經規劃好後續都更計畫。",True,institution_only,False,,False,REVIEW,0.36160382628440857,,,False,REVIEW
_dfee657a8900,_dfee657a8900_u012,"她說,侯辦為什麼要說謊附近沒有都更案、該地不具都更條件;",claim,"侯家積極收購新莊精華地段,距離成功整合只差一步之遙,是不是已經規劃好後續都更計畫。",又昱實業公司底下到底還藏有多少土地、多少資產。,[],[],False,,f4a49eead7f5ade36276010d374d593c,False,01_Ho_chinatimes_news,2023-12-29 12:06:00,"她說,侯辦為什麼要說謊附近沒有都更案、該地不具都更條件;",True,institution_only,False,,False,REVIEW,0.27525949478149414,,,False,REVIEW
_52c83a91636d,_52c83a91636d_u011,"透過 Google News 此外,王金平在會後接受媒體聯訪時表示,水利會自從被政府接管後,水利會會員、主其事者都非常不滿,農民也覺得權益受損很大,所以都期待能夠回歸專業,把水利會恢復到過去自治的體制。",claim,"黃金春表示,他以前說邪不勝正,結果民進黨卻以邪勝正,現在機會來了,他要呼籲180萬農民自救,把選票投給公道的候選人,全力支持侯友宜,替農民討公道,侯友宜一定是好人、一定會照顧大家,期望侯友宜高票當選,維護農民權益。","王金平指出,只要侯友宜當選,會極力推動水利會回歸到原狀,這是大家共同的心聲,今天侯友宜也公開承諾,未來大家支持侯友宜當選總統,相信水利會、農民的心聲一定會獲得重視,願望也會達成。",[],[],False,,93a37a912881fce3217c5cf8439d7d8d,False,01_Ho_chinatimes_news,2023-12-25 20:50:00,"透過 Google News 此外,王金平在會後接受媒體聯訪時表示,水利會自從被政府接管後,水利會會員、主其事者都非常不滿,農民也覺得權益受損很大,所以都期待能夠回歸專業,把水利會恢復到過去自治的體制。",True,institution_only,False,,False,REVIEW,0.4158794581890106,,,False,REVIEW
_6d48c754c6f0,_6d48c754c6f0_u006,"透過 Google News 江健興也提到,台灣目前有些企業僱用不到勞工,應先反省自己是否薪資給太低,像旅宿業「要求英文、日文都要會,卻只給每個月新台幣3萬元薪資」,就是因為給的薪資太低才找不到勞工。",claim,"全產總理事長江健興今天接受媒體聯訪也指出,台灣在前總統馬英九執政時就簽署聯合國人權「兩公約」,侯友宜提出本外勞薪資脫鉤,這是嚴重違反兩公約的政見,恐讓國際認為台灣違反人權、讓台灣的國際處境更艱難。","台北市產業總工會理事長邱奕淦則說,本外勞薪資脫鉤對國內薪資影響大,脫鉤以後移工薪資比較低時,老闆就會只想聘移工,國內就業機會就減少,台灣旅宿業之前說缺工要移工,癥結點就是薪資給太低,世界各國勞工都是平等的,若真的本外勞薪資脫鉤恐影響台灣國際形象。",[],[],False,,f56aa78e3ae27c06933580e1b90474f9,False,01_Ho_chinatimes_news,2024-01-10 15:59:00,"透過 Google News 江健興也提到,台灣目前有些企業僱用不到勞工,應先反省自己是否薪資給太低,像旅宿業「要求英文、日文都要會,卻只給每個月新台幣3萬元薪資」,就是因為給的薪資太低才找不到勞工。",True,institution_only,False,,False,REVIEW,0.2584655284881592,,,False,REVIEW
_576eeea03a4e,_576eeea03a4e_u001,"經濟部表示,進口商地址若標示「中國台灣」或同義外文,進口來台時將依現行規定辦理,廠商應將中國或同義外文去除。",claim,"自有品牌啤酒印「中國台灣」 統一超:已立即停售 2023/6/7 17:43 (6/8 18:29 更新) (中央社記者曾智怡台北7日電)針對自有品牌iseLect iBEER生釀啤酒外箱進口商標示「中國台灣」,統一超商表示,當地代理將該商品委託製造商於深圳生產,未注意標示問題,商品已立即停止銷售。","統一超商自有品牌iseLect iBEER生釀啤酒頗受消費者喜愛,有網友發文指出,啤酒外箱上進口商竟打上「中國台灣」,引發議論。",[],[],False,,23b818cb910ca8e959395b3a509203be,False,01_Ho_chinatimes_news,2023-06-07 17:43:00,"經濟部表示,進口商地址若標示「中國台灣」或同義外文,進口來台時將依現行規定辦理,廠商應將中國或同義外文去除。",True,institution_only,False,,False,REVIEW,0.16175104677677155,KEEP,0.3650246858596802,True,REVIEW
_70efba6829e1,_70efba6829e1_u005,"與其講政治語言,不如早日依照法院判決「要求新北市府應准予核定的行政處分」,呼籲新北市政府依照司法判決行事。",claim,"台電指出,核一2019年進入除役階段,陸續拆除電廠主變壓器至開關場的連絡鐵塔、輸電線路與氣渦輪發電機組等運轉關鍵設備,實質上不具備發電條件,侯友宜恐怕沒清楚了解實際情況;","至於侯友宜提出核二延役,台電說明,2015年時就開始向新北市政府申請核二乾貯工程啟動所需的逕流廢水污染削減計畫,但始終未獲同意以致乾貯無法興建,導致最後核廢料無處放置,反應爐無法更換燃料,核二1號機甚至提早半年停機;",[],[],False,,72ae00fc92bb44fd9854a1f50214cdba,False,01_Ho_chinatimes_news,2023-07-02 21:29:00,"與其講政治語言,不如早日依照法院判決「要求新北市府應准予核定的行政處分」,呼籲新北市政府依照司法判決行事。",True,institution_only,False,,False,KEEP,0.44743090867996216,,,False,REVIEW
_70efba6829e1,_70efba6829e1_u009,"台電也希望新北市政府能儘速核准核一水保計畫,協助展開核廢料處理工作。",context,"台電強調,侯友宜競選辦公室曾表示,核廢料已經放在新北市40年,是新北人數十年的痛,代表侯友宜非常關切核廢料處理。","台電表示,侯友宜政見雖改為主張延役,台電仍期待能誠實面對核廢料處理的急迫問題。",[],[],False,,9c95eb903e7536d3ec31d2ae9b10f36d,False,01_Ho_chinatimes_news,2023-07-02 21:29:00,"台電也希望新北市政府能儘速核准核一水保計畫,協助展開核廢料處理工作。",True,institution_only,False,,False,REVIEW,0.2802620530128479,,,False,REVIEW
_70efba6829e1,_70efba6829e1_u011,"核廢料處理需要地方政府共同協力,而非一再放話。",context,"台電表示,侯友宜政見雖改為主張延役,台電仍期待能誠實面對核廢料處理的急迫問題。","(編輯:蘇志宗)1120702 賴清德提停機核機組維持緊急效能 經部:待討論需有共識 核廢料處理 侯友宜:乾式貯存場應轉為室內 乾貯卡關凸顯社會溝通難 核廢最終處置3大重點一次看 侯友宜:核一廠只要經專家評估安全 就會再啟用 侯友宜不排斥侯習會 促賴清德說清楚贊成或反對台獨 傳柯侯郭下週見面 侯友宜:謝謝關心 本網站之文字、圖片及影音,非經授權,不得轉載、公開播送或公開傳輸及利用。",[],[],False,,0c3366ea65f43eec02b72f98cbc02e85,False,01_Ho_chinatimes_news,2023-07-02 21:29:00,"核廢料處理需要地方政府共同協力,而非一再放話。",True,institution_only,False,,False,REVIEW,0.30833733081817627,,,False,REVIEW
_76dd791be316,_76dd791be316_u006,"售地價格過高是造成房價高漲原因之一,建商標到高價的土地蓋房子,賣出的絕對是每戶超過1500萬元的房價,且帶動周邊房價上漲。",context,"戴瑋姍指出,塭仔圳市地重劃397公頃,市府可分回32公頃用地自由規劃,以市價出售,財團標下後會用更高價格出售。","她批評,侯友宜的「侯康貸」也是要幫建商找「盤子」,讓財團有足夠的買家脫手,讓年輕人淪入買不起房的惡夢,對照侯友宜僅願意釋出0.4%的地蓋2100戶的青年社宅,以行政案規劃的5%土地來算,至少可以蓋2萬戶的公宅,這才是治本,不是像侯康貸只能治標,呼籲侯友宜不要將土地賣給財團,淪炒房的兇手。",[],[],False,,babf56ea296ce5223d3d89ddde36f1eb,False,01_Ho_chinatimes_news,2023-12-18 13:21:00,"售地價格過高是造成房價高漲原因之一,建商標到高價的土地蓋房子,賣出的絕對是每戶超過1500萬元的房價,且帶動周邊房價上漲。",True,institution_only,False,,False,REVIEW,0.14538544416427612,KEEP,0.8044147044420242,True,REVIEW
_b6bbc74547ea,_b6bbc74547ea_u004,"並喊出「一定當選」、「一定留國會」、「不二人選」等口號,盼望當選。",context,"新北市立委選舉共12個選區,除部分參選人因故無法前往,由選委會或委託他人代抽外,其餘人都在支持者陪同下前往抽籤;","新北市第1選舉區(石門區、三芝區、淡水區、八里區、林口區、泰山區) 1號徐百弟(台灣維新)2號何博文(民主進步黨)3號游清池(制度救世島)4號洪孟楷(中國國民黨)5號翁藤原(中華統一促進黨) 新北市第2選舉區(五股區、蘆洲區及三重區16里) 1號林淑芬(民進黨)2號何淯笙(統促黨)3號李有宜(台灣民眾黨) 新北市第3選舉區(三重) 1號蔡明堂(國民黨)2號蘇卿彥(無黨籍)3號李坤城(民進黨)4號陳東雲(無黨籍) 新北市第4選舉區(新莊) 1號洪懿馥(無黨籍)2號吳秉叡(民進黨)3號蘇輝湟(無黨籍)4號蔣欣璋(國民黨)5號邱吉均(制度救世島) 新北市第5選舉區(樹林、鶯歌、新莊西盛9里) 1號蘇巧慧(民進黨)2號洪佳君(國民黨) 新北市第6選舉區(板橋西區65里) 1號黃淑珍(司法改革黨)2號林國春(國民黨)3號張宏陸(民進黨) 新北市第7選舉區(板橋東區61里) 1號葉元之(國民黨)2號羅致政(民進黨)3號劉書婷(小民參政歐巴桑聯盟) 新北市第8選舉區(中和76里) 1號吳崢(民進黨)2號邱臣遠(民眾黨)3號張智倫(國民黨) 新北市第9選舉區(永和、中和17里) 1號林德福(國民黨)2號莊銘淵(民進黨)3號陳愷寧(台灣維新) 新北市第10選舉區(土城、三峽) 1號孟藹倫(人民最大黨)2號袁興(復康聯盟黨)3號吳琪銘(民進黨)4號林金結(國民黨) 新北市第11選舉區(新店、深坑、石碇、坪林、烏來) 1號羅明才(國民黨)2號鄭添泉(無黨籍)3號魏趨安(制度救世島)4號張家榛(人民最大黨)5號陳聖(中華婦女黨)6號曾柏瑜(民進黨) 新北市第12選舉區(汐止、金山、萬里、瑞芳、平溪、雙溪、貢寮) 透過 Google News 1號黃瑞傳(無黨籍)2號楊木火(無黨籍)3號李佳蒨(台灣雙語無法黨)4號陳長志(台灣維新)5號賴品妤(民進黨)6號廖先翔(國民黨) (編輯:李錫璋)1121220 不分區立委政黨號次 民進黨6國民黨9民眾黨12 北市區域立委抽籤 8選區名單號次一次看 2024立委選舉 國民黨民進黨民眾黨提名名單一次看【不斷更新】 不分區立委國民黨抽9號韓國瑜喊長長久久 黃珊珊盼民眾黨破10席 高雄8選區立委號次抽籤 參選人帶黑猩猩助陣、跳舞搶曝光 原住民立委候選人號次出爐 5人尋求連霸 賴品妤質疑論文有問題 廖先翔:歡迎檢舉 2024/01/30 15:12 2024/01/30 10:38 2024/01/29 11:34 2024/01/29 10:46 2024/01/28 15:57 2024/01/28 15:17 本網站之文字、圖片及影音,非經授權,不得轉載、公開播送或公開傳輸及利用。",[],[],False,,85132a97e78b9bb03937e607e114cb90,False,01_Ho_chinatimes_news,2023-12-20 12:55:00,"並喊出「一定當選」、「一定留國會」、「不二人選」等口號,盼望當選。",True,institution_only,False,,False,KEEP,0.6173474192619324,,,False,REVIEW
_47793e36d6c7,_47793e36d6c7_u013,"不過,政治分析人士認為,由於郭台銘在主要參選人當中的支持率墊底,預估他棄選的決定不會撼動大選局勢。",claim,"郭台銘的發言人今天指出,郭台銘沒有登記參選的計畫,這可能會使北京當局感到高興,這代表他會退選,並避免拉到其他兩位在野黨參選人的選票。","澳洲國立大學講師宋文笛指出:「民進黨總統大選勝券在握。」然而,他表示,民進黨可能難以保住立法院多數席次,進而產生分立政府,這會讓台灣跟美國與中國的關係變得複雜。",[],[],False,,192d8b03fcd908cec2759cbf5cd8fe70,False,01_Ho_chinatimes_news,2023-11-24 22:16:00,"不過,政治分析人士認為,由於郭台銘在主要參選人當中的支持率墊底,預估他棄選的決定不會撼動大選局勢。",True,institution_only,False,,False,KEEP,0.5352479219436646,,,True,REVIEW
