doc_id,unit_id,sentence,role,prev,next,speakers,targets,proc_symbolic_flag,event_phase,unit_hash,unit_dup_flag,source,date,preprocessed_text,hard_rule_keep,hard_rule_reason,policy_gate,policy_gate_reason,priority_keep,semantic_status,semantic_similarity,nli_status,nli_score,key_hit,final_status,_source_file,_corpus_tier
柯文哲专访_a0a69a5bb2f6,柯文哲专访_a0a69a5bb2f6_u009,"范琪斐: 那今天阿姨想知道我们请到的是民众党党主席柯文哲也就是这个总统参选人现在是候选人,候选人, 总统候选人这样子,这个是我们第一位邀请到的总统候选人那我们其实接下来还会访问这个民进党的萧美琴然后为什么要做这个系列?",context,,范琪斐: 我觉得对我来讲比较重要的是让大家多了解一下这些候选人其实这些候选人大家也都其实都蛮熟的。,"[{""name"": ""柯文哲"", ""party"": ""TPP""}]",[],FALSE,,624fdc2aabc063838570e17eb92348dc,FALSE,柯文哲专访,,"范琪斐: 那今天阿姨想知道我们请到的是民众党党主席柯文哲也就是这个总统参选人现在是候选人,候选人, 总统候选人这样子,这个是我们第一位邀请到的总统候选人那我们其实接下来还会访问这个民进党的萧美琴然后为什么要做这个系列?",TRUE,cooccur: actor×institution,TRUE,gate: actor×inst,FALSE,KEEP,0.689427733,,,FALSE,KEEP,02_conference_datasets/Interview_ko_units.csv,3
柯文哲专访_a0a69a5bb2f6,柯文哲专访_a0a69a5bb2f6_u010,范琪斐: 我觉得对我来讲比较重要的是让大家多了解一下这些候选人其实这些候选人大家也都其实都蛮熟的。,context,"范琪斐: 那今天阿姨想知道我们请到的是民众党党主席柯文哲也就是这个总统参选人现在是候选人,候选人, 总统候选人这样子,这个是我们第一位邀请到的总统候选人那我们其实接下来还会访问这个民进党的萧美琴然后为什么要做这个系列?",我想要再进一步的跟这些候选人谈一谈。,"[{""name"": ""柯文哲"", ""party"": ""TPP""}]",[],FALSE,,73d22b30cdc91136682a899da3b3f9d4,FALSE,柯文哲专访,,范琪斐: 我觉得对我来讲比较重要的是让大家多了解一下这些候选人其实这些候选人大家也都其实都蛮熟的。,TRUE,institution_only,TRUE,gate: core_election,FALSE,KEEP,0.499816447,,,FALSE,KEEP,02_conference_datasets/Interview_ko_units.csv,3
柯文哲专访_a0a69a5bb2f6,柯文哲专访_a0a69a5bb2f6_u012,我想要再进一步的跟这些候选人谈一谈。,context,范琪斐: 我觉得对我来讲比较重要的是让大家多了解一下这些候选人其实这些候选人大家也都其实都蛮熟的。,"范琪斐: 所以说我觉得候选人的民主素养,这件事情对我来讲是重要的。","[{""name"": ""柯文哲"", ""party"": ""TPP""}]",[],FALSE,,0faacce67fe7a781343f9869da692983,FALSE,柯文哲专访,,我想要再进一步的跟这些候选人谈一谈。,TRUE,institution_only,TRUE,gate: core_election,FALSE,KEEP,0.493754208,,,FALSE,KEEP,02_conference_datasets/Interview_ko_units.csv,3
柯文哲专访_a0a69a5bb2f6,柯文哲专访_a0a69a5bb2f6_u014,"范琪斐: 所以说我觉得候选人的民主素养,这件事情对我来讲是重要的。",claim,我想要再进一步的跟这些候选人谈一谈。,"我想知道,Luisa莎,你对于候选人来讲你最好奇的是什么 路易莎莎: 范姊可能比较在意民主啦。","[{""name"": ""柯文哲"", ""party"": ""TPP""}]",[],FALSE,,9fbf04930facf2881abd9ad5e3fb0f3b,FALSE,柯文哲专访,,"范琪斐: 所以说我觉得候选人的民主素养,这件事情对我来讲是重要的。",TRUE,institution_only,TRUE,gate: core_election,FALSE,KEEP,0.638457239,,,FALSE,KEEP,02_conference_datasets/Interview_ko_units.csv,3
柯文哲专访_a0a69a5bb2f6,柯文哲专访_a0a69a5bb2f6_u016,"我想知道,Luisa莎,你对于候选人来讲你最好奇的是什么 路易莎莎: 范姊可能比较在意民主啦。",context,"范琪斐: 所以说我觉得候选人的民主素养,这件事情对我来讲是重要的。","那我自己是比较在意就是候选人的人格特质就是这个人是一个怎么样的人就像是你工作,你会选老板然后你会看一下这个老板会怎么样。","[{""name"": ""柯文哲"", ""party"": ""TPP""}]",[],FALSE,,23f41dcbcf5f547985080feeb75fbe39,FALSE,柯文哲专访,,"我想知道,Luisa莎,你对于候选人来讲你最好奇的是什么 路易莎莎: 范姊可能比较在意民主啦。",TRUE,institution_only,TRUE,gate: core_election,FALSE,KEEP,0.55885756,,,FALSE,KEEP,02_conference_datasets/Interview_ko_units.csv,3
柯文哲专访_a0a69a5bb2f6,柯文哲专访_a0a69a5bb2f6_u017,"那我自己是比较在意就是候选人的人格特质就是这个人是一个怎么样的人就像是你工作,你会选老板然后你会看一下这个老板会怎么样。",context,"我想知道,Luisa莎,你对于候选人来讲你最好奇的是什么 路易莎莎: 范姊可能比较在意民主啦。","那如果当你要把就是你的执政权利,你的民主等,你要把你的权利,民权,交给一个人的时候你会希望这个人的人格特质是你可以信赖或是你觉得比较相近的东西。","[{""name"": ""柯文哲"", ""party"": ""TPP""}]",[],FALSE,,1814483d6a3d6566f63b866bbca5390c,FALSE,柯文哲专访,,"那我自己是比较在意就是候选人的人格特质就是这个人是一个怎么样的人就像是你工作,你会选老板然后你会看一下这个老板会怎么样。",TRUE,institution_only,TRUE,gate: core_election,FALSE,REVIEW,0.433987051,,,FALSE,KEEP,02_conference_datasets/Interview_ko_units.csv,3
柯文哲专访_a0a69a5bb2f6,柯文哲专访_a0a69a5bb2f6_u018,"那如果当你要把就是你的执政权利,你的民主等,你要把你的权利,民权,交给一个人的时候你会希望这个人的人格特质是你可以信赖或是你觉得比较相近的东西。",context,"那我自己是比较在意就是候选人的人格特质就是这个人是一个怎么样的人就像是你工作,你会选老板然后你会看一下这个老板会怎么样。","路易莎莎: 那所以说我记得那时候在反抗设计的时候我们就会讨论,说喔,那好,那我们要怎么样访问,要怎么样呈现候选人的人格特质那这是我比较在意的东西。","[{""name"": ""柯文哲"", ""party"": ""TPP""}]",[],FALSE,,64303d17306f99c82d5c4be3ebdb89be,FALSE,柯文哲专访,,"那如果当你要把就是你的执政权利,你的民主等,你要把你的权利,民权,交给一个人的时候你会希望这个人的人格特质是你可以信赖或是你觉得比较相近的东西。",TRUE,institution_only,FALSE,,FALSE,KEEP,0.537275553,,,FALSE,REVIEW,02_conference_datasets/Interview_ko_units.csv,3
柯文哲专访_a0a69a5bb2f6,柯文哲专访_a0a69a5bb2f6_u019,"路易莎莎: 那所以说我记得那时候在反抗设计的时候我们就会讨论,说喔,那好,那我们要怎么样访问,要怎么样呈现候选人的人格特质那这是我比较在意的东西。",claim,"那如果当你要把就是你的执政权利,你的民主等,你要把你的权利,民权,交给一个人的时候你会希望这个人的人格特质是你可以信赖或是你觉得比较相近的东西。","那第一个其实在谈到这个蓝白和要不要谈这件事情的时候我跟路易莎莎,我们两个就又一次激烈的辩论这样子好。","[{""name"": ""柯文哲"", ""party"": ""TPP""}]",[],FALSE,,d461456abcf9e196387e24b5fbc33f0b,FALSE,柯文哲专访,,"路易莎莎: 那所以说我记得那时候在反抗设计的时候我们就会讨论,说喔,那好,那我们要怎么样访问,要怎么样呈现候选人的人格特质那这是我比较在意的东西。",TRUE,institution_only,TRUE,gate: core_election,FALSE,KEEP,0.477418363,,,FALSE,KEEP,02_conference_datasets/Interview_ko_units.csv,3
柯文哲专访_a0a69a5bb2f6,柯文哲专访_a0a69a5bb2f6_u021,"那第一个其实在谈到这个蓝白和要不要谈这件事情的时候我跟路易莎莎,我们两个就又一次激烈的辩论这样子好。",context,"路易莎莎: 那所以说我记得那时候在反抗设计的时候我们就会讨论,说喔,那好,那我们要怎么样访问,要怎么样呈现候选人的人格特质那这是我比较在意的东西。","假设总统大选选不好,那有没有可能会变成下一个新党或是下一个台联或是下一个亲民党,这样子的一个状况那我们想知道柯主席自己是怎么评估这样的局势。","[{""name"": ""柯文哲"", ""party"": ""TPP""}]","[""辩论|procedure""]",TRUE,debate/manifesto,7a0a26a3880478bd28d03e52dd9c061d,FALSE,柯文哲专访,,"那第一个其实在谈到这个蓝白和要不要谈这件事情的时候我跟路易莎莎,我们两个就又一次激烈的辩论这样子好。",TRUE,cooccur: actor×institution,TRUE,gate: actor×inst,FALSE,REVIEW,0.361516058,,,FALSE,KEEP,02_conference_datasets/Interview_ko_units.csv,3
柯文哲专访_a0a69a5bb2f6,柯文哲专访_a0a69a5bb2f6_u058,"假设总统大选选不好,那有没有可能会变成下一个新党或是下一个台联或是下一个亲民党,这样子的一个状况那我们想知道柯主席自己是怎么评估这样的局势。",context,"那第一个其实在谈到这个蓝白和要不要谈这件事情的时候我跟路易莎莎,我们两个就又一次激烈的辩论这样子好。","另外就是在立法院将来的合作的时候,比如说跟国民党的合作有没有可能支持韩国瑜当立法院院长像这些问题我们都会问他这样子好 那么在听柯文哲怎么讲之前,我们先来看一下今天的干爹吧。","[{""name"": ""柯文哲"", ""party"": ""TPP""}]",[],FALSE,,1ae0d81a5646b8362af063c5ba4bfb9e,FALSE,柯文哲专访,,"假设总统大选选不好,那有没有可能会变成下一个新党或是下一个台联或是下一个亲民党,这样子的一个状况那我们想知道柯主席自己是怎么评估这样的局势。",TRUE,cooccur: actor×institution,TRUE,gate: actor×inst,FALSE,KEEP,0.656521618,,,FALSE,KEEP,02_conference_datasets/Interview_ko_units.csv,3
柯文哲专访_a0a69a5bb2f6,柯文哲专访_a0a69a5bb2f6_u062,"另外就是在立法院将来的合作的时候,比如说跟国民党的合作有没有可能支持韩国瑜当立法院院长像这些问题我们都会问他这样子好 那么在听柯文哲怎么讲之前,我们先来看一下今天的干爹吧。",claim,"假设总统大选选不好,那有没有可能会变成下一个新党或是下一个台联或是下一个亲民党,这样子的一个状况那我们想知道柯主席自己是怎么评估这样的局势。","范琪斐: 我专门爱看硬邦的这种国际关系平台上竟然多到可以让我挑欸,就举。","[{""name"": ""柯文哲"", ""party"": ""TPP""}]","[""立法院|institution""]",FALSE,,19767335b378876bcbb8702ab314dae6,FALSE,柯文哲专访,,"另外就是在立法院将来的合作的时候,比如说跟国民党的合作有没有可能支持韩国瑜当立法院院长像这些问题我们都会问他这样子好 那么在听柯文哲怎么讲之前,我们先来看一下今天的干爹吧。",TRUE,cooccur: actor×institution,TRUE,gate: actor×inst,TRUE,KEEP,1,KEEP,1,TRUE,KEEP,02_conference_datasets/Interview_ko_units.csv,3
柯文哲专访_a0a69a5bb2f6,柯文哲专访_a0a69a5bb2f6_u066,"范琪斐: 我专门爱看硬邦的这种国际关系平台上竟然多到可以让我挑欸,就举。",context,"另外就是在立法院将来的合作的时候,比如说跟国民党的合作有没有可能支持韩国瑜当立法院院长像这些问题我们都会问他这样子好 那么在听柯文哲怎么讲之前,我们先来看一下今天的干爹吧。","这次我特别针对国际关系的议题,挑选了五本书。","[{""name"": ""柯文哲"", ""party"": ""TPP""}]",[],FALSE,,c8fd84896037fc4aa8bd4930adc5974c,FALSE,柯文哲专访,,"范琪斐: 我专门爱看硬邦的这种国际关系平台上竟然多到可以让我挑欸,就举。",TRUE,institution_only,FALSE,,FALSE,KEEP,0.493700564,,,FALSE,REVIEW,02_conference_datasets/Interview_ko_units.csv,3
柯文哲专访_a0a69a5bb2f6,柯文哲专访_a0a69a5bb2f6_u075,"这次我特别针对国际关系的议题,挑选了五本书。",context,"范琪斐: 我专门爱看硬邦的这种国际关系平台上竟然多到可以让我挑欸,就举。",柯文哲: 他们是准备了一番民调做出来一个核起五个输。 五个输。,"[{""name"": ""柯文哲"", ""party"": ""TPP""}]",[],FALSE,,33ea640bb73a66bdc9fc7bf85091b8ce,FALSE,柯文哲专访,,"这次我特别针对国际关系的议题,挑选了五本书。",TRUE,institution_only,TRUE,gate: 2 inst terms,FALSE,REVIEW,0.286834657,,,FALSE,KEEP,02_conference_datasets/Interview_ko_units.csv,3
柯文哲专访_a0a69a5bb2f6,柯文哲专访_a0a69a5bb2f6_u107,柯文哲: 他们是准备了一番民调做出来一个核起五个输。 五个输。,context,"这次我特别针对国际关系的议题,挑选了五本书。","你有说过如果你选上总统,的话如果有人才其他党也可以用。","[{""name"": ""柯文哲"", ""party"": ""TPP""}]",[],FALSE,,7b4535ca6dc195b0584ffe8e01e32c50,FALSE,柯文哲专访,,柯文哲: 他们是准备了一番民调做出来一个核起五个输。 五个输。,TRUE,cooccur: actor×institution,TRUE,gate: actor×inst,FALSE,KEEP,0.496150494,,,FALSE,KEEP,02_conference_datasets/Interview_ko_units.csv,3
柯文哲专访_a0a69a5bb2f6,柯文哲专访_a0a69a5bb2f6_u125,"你有说过如果你选上总统,的话如果有人才其他党也可以用。",claim,柯文哲: 他们是准备了一番民调做出来一个核起五个输。 五个输。,"然后可是到譬如说如果就算没有选上总统在立法院里面将来民众党也是可能要跟譬如说国民党合作也有可能甚至譬如说这个民进党那可是这一次跟国民党,这一次搞成这个样子将来还有办法合作吗?","[{""name"": ""柯文哲"", ""party"": ""TPP""}]",[],FALSE,,a3947f07cd2d037619f6eaca85c48101,FALSE,柯文哲专访,,"你有说过如果你选上总统,的话如果有人才其他党也可以用。",TRUE,institution_only,TRUE,gate: core_election,FALSE,KEEP,0.668826938,,,FALSE,KEEP,02_conference_datasets/Interview_ko_units.csv,3
柯文哲专访_a0a69a5bb2f6,柯文哲专访_a0a69a5bb2f6_u126,"然后可是到譬如说如果就算没有选上总统在立法院里面将来民众党也是可能要跟譬如说国民党合作也有可能甚至譬如说这个民进党那可是这一次跟国民党,这一次搞成这个样子将来还有办法合作吗?",claim,"你有说过如果你选上总统,的话如果有人才其他党也可以用。","柯文哲: 所以我倒觉得这样,因为民众党在立法院也已经存在四年了。","[{""name"": ""柯文哲"", ""party"": ""TPP""}]","[""立法院|institution""]",FALSE,,c2568f95b17dafad99db040184a09e4a,FALSE,柯文哲专访,,"然后可是到譬如说如果就算没有选上总统在立法院里面将来民众党也是可能要跟譬如说国民党合作也有可能甚至譬如说这个民进党那可是这一次跟国民党,这一次搞成这个样子将来还有办法合作吗?",TRUE,cooccur: actor×institution,TRUE,gate: actor×inst,TRUE,KEEP,1,KEEP,1,TRUE,KEEP,02_conference_datasets/Interview_ko_units.csv,3
柯文哲专访_a0a69a5bb2f6,柯文哲专访_a0a69a5bb2f6_u128,"柯文哲: 所以我倒觉得这样,因为民众党在立法院也已经存在四年了。",context,"然后可是到譬如说如果就算没有选上总统在立法院里面将来民众党也是可能要跟譬如说国民党合作也有可能甚至譬如说这个民进党那可是这一次跟国民党,这一次搞成这个样子将来还有办法合作吗?","所以我说真的我们在不同的议题也跟人家要不同的合作就是说,你讲的这个有没有道理,有道理,都可以合作,没道理,谁理你?","[{""name"": ""柯文哲"", ""party"": ""TPP""}]","[""立法院|institution""]",FALSE,,b390e84f7ec4acaf0292aacb049e93c5,FALSE,柯文哲专访,,"柯文哲: 所以我倒觉得这样,因为民众党在立法院也已经存在四年了。",TRUE,cooccur: actor×institution,TRUE,gate: actor×inst,TRUE,KEEP,1,KEEP,1,TRUE,KEEP,02_conference_datasets/Interview_ko_units.csv,3
柯文哲专访_a0a69a5bb2f6,柯文哲专访_a0a69a5bb2f6_u129,"所以我说真的我们在不同的议题也跟人家要不同的合作就是说,你讲的这个有没有道理,有道理,都可以合作,没道理,谁理你?",claim,"柯文哲: 所以我倒觉得这样,因为民众党在立法院也已经存在四年了。","柯文哲: 所以事实上民众党在立法院的投票行为很清楚它没有像以前,那个叫小蓝,小绿,我们至少我们不是我们还是会问说这个到底有没有道理?","[{""name"": ""柯文哲"", ""party"": ""TPP""}]",[],FALSE,,07ff935bfedbca91803f1d109d472f76,FALSE,柯文哲专访,,"所以我说真的我们在不同的议题也跟人家要不同的合作就是说,你讲的这个有没有道理,有道理,都可以合作,没道理,谁理你?",TRUE,institution_only,FALSE,,FALSE,KEEP,0.506804466,,,FALSE,REVIEW,02_conference_datasets/Interview_ko_units.csv,3
柯文哲专访_a0a69a5bb2f6,柯文哲专访_a0a69a5bb2f6_u130,"柯文哲: 所以事实上民众党在立法院的投票行为很清楚它没有像以前,那个叫小蓝,小绿,我们至少我们不是我们还是会问说这个到底有没有道理?",claim,"所以我说真的我们在不同的议题也跟人家要不同的合作就是说,你讲的这个有没有道理,有道理,都可以合作,没道理,谁理你?","柯文哲: 所以我觉得这样,如果国会三党,不过半有两个意识形态很强的,有一个,它比较不是意识形态的。","[{""name"": ""柯文哲"", ""party"": ""TPP""}]","[""立法院|institution""]",FALSE,,72c3b7496b797d06269a11d92195452c,FALSE,柯文哲专访,,"柯文哲: 所以事实上民众党在立法院的投票行为很清楚它没有像以前,那个叫小蓝,小绿,我们至少我们不是我们还是会问说这个到底有没有道理?",TRUE,cooccur: actor×institution,TRUE,gate: actor×inst,TRUE,KEEP,1,KEEP,1,TRUE,KEEP,02_conference_datasets/Interview_ko_units.csv,3
柯文哲专访_a0a69a5bb2f6,柯文哲专访_a0a69a5bb2f6_u131,"柯文哲: 所以我觉得这样,如果国会三党,不过半有两个意识形态很强的,有一个,它比较不是意识形态的。",context,"柯文哲: 所以事实上民众党在立法院的投票行为很清楚它没有像以前,那个叫小蓝,小绿,我们至少我们不是我们还是会问说这个到底有没有道理?",柯文哲: 我觉得对将来整个国会的运作会应该是正面的。,"[{""name"": ""柯文哲"", ""party"": ""TPP""}]",[],FALSE,,ca2713c9e9f479281cc4ef4d09148e06,FALSE,柯文哲专访,,"柯文哲: 所以我觉得这样,如果国会三党,不过半有两个意识形态很强的,有一个,它比较不是意识形态的。",TRUE,cooccur: actor×institution,TRUE,gate: actor×inst,FALSE,KEEP,0.674565852,,,FALSE,KEEP,02_conference_datasets/Interview_ko_units.csv,3
柯文哲专访_a0a69a5bb2f6,柯文哲专访_a0a69a5bb2f6_u132,柯文哲: 我觉得对将来整个国会的运作会应该是正面的。,context,"柯文哲: 所以我觉得这样,如果国会三党,不过半有两个意识形态很强的,有一个,它比较不是意识形态的。","范琪斐: 那如果说这个民进党是国会最大党,那会同意由民进党来组阁吗?","[{""name"": ""柯文哲"", ""party"": ""TPP""}]",[],FALSE,,e06a553f142c7825639bfa038ea0256f,FALSE,柯文哲专访,,柯文哲: 我觉得对将来整个国会的运作会应该是正面的。,TRUE,cooccur: actor×institution,TRUE,gate: actor×inst,FALSE,KEEP,0.561153531,,,FALSE,KEEP,02_conference_datasets/Interview_ko_units.csv,3
柯文哲专访_a0a69a5bb2f6,柯文哲专访_a0a69a5bb2f6_u133,"范琪斐: 那如果说这个民进党是国会最大党,那会同意由民进党来组阁吗?",claim,柯文哲: 我觉得对将来整个国会的运作会应该是正面的。,柯文哲: 其实我跟你讲那是这样按照目前的宪法。,"[{""name"": ""柯文哲"", ""party"": ""TPP""}]",[],FALSE,,b2457e2bb07cd1be32179df48c6d189b,FALSE,柯文哲专访,,"范琪斐: 那如果说这个民进党是国会最大党,那会同意由民进党来组阁吗?",TRUE,cooccur: actor×institution,TRUE,gate: actor×inst,FALSE,KEEP,0.67301029,,,FALSE,KEEP,02_conference_datasets/Interview_ko_units.csv,3
柯文哲专访_a0a69a5bb2f6,柯文哲专访_a0a69a5bb2f6_u134,柯文哲: 其实我跟你讲那是这样按照目前的宪法。,context,"范琪斐: 那如果说这个民进党是国会最大党,那会同意由民进党来组阁吗?","不是最大党组阁,是要组阁的要得到国会的过半同意。","[{""name"": ""柯文哲"", ""party"": ""TPP""}]",[],FALSE,,d546a346a8b4c984596ff9bf650fcf2c,FALSE,柯文哲专访,,柯文哲: 其实我跟你讲那是这样按照目前的宪法。,TRUE,cooccur: actor×institution,TRUE,gate: actor×inst,FALSE,KEEP,0.684420943,,,FALSE,KEEP,02_conference_datasets/Interview_ko_units.csv,3
柯文哲专访_a0a69a5bb2f6,柯文哲专访_a0a69a5bb2f6_u137,"不是最大党组阁,是要组阁的要得到国会的过半同意。",context,柯文哲: 其实我跟你讲那是这样按照目前的宪法。,柯文哲: 应该这样讲我们不是要政党轮替吗。,"[{""name"": ""柯文哲"", ""party"": ""TPP""}]",[],FALSE,,913963a199d6859cf0efa9eb52d5f816,FALSE,柯文哲专访,,"不是最大党组阁,是要组阁的要得到国会的过半同意。",TRUE,institution_only,FALSE,,FALSE,KEEP,0.480439931,,,FALSE,REVIEW,02_conference_datasets/Interview_ko_units.csv,3
柯文哲专访_a0a69a5bb2f6,柯文哲专访_a0a69a5bb2f6_u147,柯文哲: 应该这样讲我们不是要政党轮替吗。,context,"不是最大党组阁,是要组阁的要得到国会的过半同意。","柯文哲: 政党轮替,我还走回去干什么。","[{""name"": ""柯文哲"", ""party"": ""TPP""}]",[],FALSE,,ac9bba2cb3041673b893680e776ddfa5,FALSE,柯文哲专访,,柯文哲: 应该这样讲我们不是要政党轮替吗。,TRUE,cooccur: actor×institution,TRUE,gate: actor×inst,FALSE,KEEP,0.782672167,,,FALSE,KEEP,02_conference_datasets/Interview_ko_units.csv,3
柯文哲专访_a0a69a5bb2f6,柯文哲专访_a0a69a5bb2f6_u149,"柯文哲: 政党轮替,我还走回去干什么。",context,柯文哲: 应该这样讲我们不是要政党轮替吗。,"但是我觉得就目前的氛围他是要一个政党轮替,不然这场选举你想干什么?","[{""name"": ""柯文哲"", ""party"": ""TPP""}]",[],FALSE,,05d739017792311b11c733e7ba3d9433,FALSE,柯文哲专访,,"柯文哲: 政党轮替,我还走回去干什么。",TRUE,cooccur: actor×institution,TRUE,gate: actor×inst,FALSE,KEEP,0.64342916,,,FALSE,KEEP,02_conference_datasets/Interview_ko_units.csv,3
柯文哲专访_a0a69a5bb2f6,柯文哲专访_a0a69a5bb2f6_u155,"但是我觉得就目前的氛围他是要一个政党轮替,不然这场选举你想干什么?",context,"柯文哲: 政党轮替,我还走回去干什么。","第一个是联合政府还是一个理想还是一个有人讲你要知道,联合政府在台湾的历史上,在华人的历史上,从来没有真的实验过。","[{""name"": ""柯文哲"", ""party"": ""TPP""}]",[],FALSE,,b4eb8ef8ae9902cf0ed49c4153d87366,FALSE,柯文哲专访,,"但是我觉得就目前的氛围他是要一个政党轮替,不然这场选举你想干什么?",TRUE,institution_only,TRUE,gate: core_election,FALSE,KEEP,0.649624646,,,FALSE,KEEP,02_conference_datasets/Interview_ko_units.csv,3
柯文哲专访_a0a69a5bb2f6,柯文哲专访_a0a69a5bb2f6_u161,"第一个是联合政府还是一个理想还是一个有人讲你要知道,联合政府在台湾的历史上,在华人的历史上,从来没有真的实验过。",context,"但是我觉得就目前的氛围他是要一个政党轮替,不然这场选举你想干什么?","我说不要这样讲,因为至少内阁制的精神大家听一听好像没什么反对联合政府,大家听一听,好像也可以。","[{""name"": ""柯文哲"", ""party"": ""TPP""}]",[],FALSE,,69874236cca891d8019b5f2067ffe0df,FALSE,柯文哲专访,,"第一个是联合政府还是一个理想还是一个有人讲你要知道,联合政府在台湾的历史上,在华人的历史上,从来没有真的实验过。",TRUE,institution_only,FALSE,,FALSE,KEEP,0.515003681,,,FALSE,REVIEW,02_conference_datasets/Interview_ko_units.csv,3
柯文哲专访_a0a69a5bb2f6,柯文哲专访_a0a69a5bb2f6_u163,"我说不要这样讲,因为至少内阁制的精神大家听一听好像没什么反对联合政府,大家听一听,好像也可以。",claim,"第一个是联合政府还是一个理想还是一个有人讲你要知道,联合政府在台湾的历史上,在华人的历史上,从来没有真的实验过。","而且老实讲对,我来讲他们说国民党的立委要叫我们去站台。","[{""name"": ""柯文哲"", ""party"": ""TPP""}]",[],FALSE,,58be36735f0f7497f3a0459dfb11c497,FALSE,柯文哲专访,,"我说不要这样讲,因为至少内阁制的精神大家听一听好像没什么反对联合政府,大家听一听,好像也可以。",TRUE,institution_only,FALSE,,FALSE,KEEP,0.630519271,,,FALSE,REVIEW,02_conference_datasets/Interview_ko_units.csv,3
柯文哲专访_a0a69a5bb2f6,柯文哲专访_a0a69a5bb2f6_u180,"而且老实讲对,我来讲他们说国民党的立委要叫我们去站台。",claim,"我说不要这样讲,因为至少内阁制的精神大家听一听好像没什么反对联合政府,大家听一听,好像也可以。",柯文哲: 没有人坚守财政纪律。 这么严格。,"[{""name"": ""柯文哲"", ""party"": ""TPP""}]",[],FALSE,,4a98ac488dca92152d86795a04353bd2,FALSE,柯文哲专访,,"而且老实讲对,我来讲他们说国民党的立委要叫我们去站台。",TRUE,cooccur: actor×institution,TRUE,gate: actor×inst,FALSE,KEEP,0.58191216,,,TRUE,KEEP,02_conference_datasets/Interview_ko_units.csv,3
柯文哲专访_a0a69a5bb2f6,柯文哲专访_a0a69a5bb2f6_u193,柯文哲: 没有人坚守财政纪律。 这么严格。,context,"而且老实讲对,我来讲他们说国民党的立委要叫我们去站台。","就是说 人家这样也可以选然后现在也不会说我一定要搞那个选一个总统要花两百亿,像2000年那个听说就是真的接近两百亿。","[{""name"": ""柯文哲"", ""party"": ""TPP""}]",[],FALSE,,51adb3b9d33368599adf8c627686ff85,FALSE,柯文哲专访,,柯文哲: 没有人坚守财政纪律。 这么严格。,TRUE,cooccur: actor×institution,TRUE,gate: actor×inst,FALSE,REVIEW,0.467391491,,,FALSE,KEEP,02_conference_datasets/Interview_ko_units.csv,3
柯文哲专访_a0a69a5bb2f6,柯文哲专访_a0a69a5bb2f6_u204,"就是说 人家这样也可以选然后现在也不会说我一定要搞那个选一个总统要花两百亿,像2000年那个听说就是真的接近两百亿。",claim,柯文哲: 没有人坚守财政纪律。 这么严格。,"柯文哲: 所以我每次讲说我待 我要卸任的时候,台北市政府的公文99.85%的是电子公文。 了不起主。","[{""name"": ""柯文哲"", ""party"": ""TPP""}]",[],FALSE,,67321cb33569d759f78ab66339044613,FALSE,柯文哲专访,,"就是说 人家这样也可以选然后现在也不会说我一定要搞那个选一个总统要花两百亿,像2000年那个听说就是真的接近两百亿。",TRUE,institution_only,TRUE,gate: core_election,FALSE,KEEP,0.581927955,,,FALSE,KEEP,02_conference_datasets/Interview_ko_units.csv,3
柯文哲专访_a0a69a5bb2f6,柯文哲专访_a0a69a5bb2f6_u212,"柯文哲: 所以我每次讲说我待 我要卸任的时候,台北市政府的公文99.85%的是电子公文。 了不起主。",claim,"就是说 人家这样也可以选然后现在也不会说我一定要搞那个选一个总统要花两百亿,像2000年那个听说就是真的接近两百亿。","我每次讲说我们是选台湾总统,又不是在选美国州长,也不是选中国的省长。","[{""name"": ""柯文哲"", ""party"": ""TPP""}]",[],FALSE,,08305ad0fb313d1da3e21ef04eeee5a3,FALSE,柯文哲专访,,"柯文哲: 所以我每次讲说我待 我要卸任的时候,台北市政府的公文99.85%的是电子公文。 了不起主。",TRUE,cooccur: actor×institution,TRUE,gate: actor×inst,FALSE,KEEP,0.481043339,,,FALSE,KEEP,02_conference_datasets/Interview_ko_units.csv,3
柯文哲专访_a0a69a5bb2f6,柯文哲专访_a0a69a5bb2f6_u241,"我每次讲说我们是选台湾总统,又不是在选美国州长,也不是选中国的省长。",claim,"柯文哲: 所以我每次讲说我待 我要卸任的时候,台北市政府的公文99.85%的是电子公文。 了不起主。","所以一个概念两岸关系不是台湾海峡,两岸是太平洋两岸。","[{""name"": ""柯文哲"", ""party"": ""TPP""}]",[],FALSE,,f2093b7881192e72f694417d66f08b9a,FALSE,柯文哲专访,,"我每次讲说我们是选台湾总统,又不是在选美国州长,也不是选中国的省长。",TRUE,institution_only,TRUE,gate: core_election,FALSE,KEEP,0.664096296,,,FALSE,KEEP,02_conference_datasets/Interview_ko_units.csv,3
柯文哲专访_a0a69a5bb2f6,柯文哲专访_a0a69a5bb2f6_u244,"所以一个概念两岸关系不是台湾海峡,两岸是太平洋两岸。",context,"我每次讲说我们是选台湾总统,又不是在选美国州长,也不是选中国的省长。","柯文哲: 我们都是想说两岸关系,用台湾当本位,再看来,看去。","[{""name"": ""柯文哲"", ""party"": ""TPP""}]","[""两岸|cross-strait""]",FALSE,,abfdcf6b169a6718fbdfea90f43b2e66,FALSE,柯文哲专访,,"所以一个概念两岸关系不是台湾海峡,两岸是太平洋两岸。",TRUE,institution_only,FALSE,,FALSE,REVIEW,0.446839511,,,TRUE,REVIEW,02_conference_datasets/Interview_ko_units.csv,3
柯文哲专访_a0a69a5bb2f6,柯文哲专访_a0a69a5bb2f6_u250,"柯文哲: 我们都是想说两岸关系,用台湾当本位,再看来,看去。",claim,"所以一个概念两岸关系不是台湾海峡,两岸是太平洋两岸。",范琪斐: 然后呢他说其实我感觉他们比较舒服支持而且他现在加引号柯 而不是其他两个好 就是说这个他有感受到中国会觉得支持柯。,"[{""name"": ""柯文哲"", ""party"": ""TPP""}]","[""两岸|cross-strait""]",FALSE,,575c6c7976059b8a6778eb24fe3d0078,FALSE,柯文哲专访,,"柯文哲: 我们都是想说两岸关系,用台湾当本位,再看来,看去。",TRUE,cooccur: actor×institution,TRUE,gate: actor×inst,FALSE,KEEP,0.748889387,,,TRUE,KEEP,02_conference_datasets/Interview_ko_units.csv,3
柯文哲专访_a0a69a5bb2f6,柯文哲专访_a0a69a5bb2f6_u271,范琪斐: 然后呢他说其实我感觉他们比较舒服支持而且他现在加引号柯 而不是其他两个好 就是说这个他有感受到中国会觉得支持柯。,claim,"柯文哲: 我们都是想说两岸关系,用台湾当本位,再看来,看去。",,"[{""name"": ""柯文哲"", ""party"": ""TPP""}]",[],FALSE,,510ab6c6d654a5f0f4b72a1c91598f7e,FALSE,柯文哲专访,,范琪斐: 然后呢他说其实我感觉他们比较舒服支持而且他现在加引号柯 而不是其他两个好 就是说这个他有感受到中国会觉得支持柯。,TRUE,institution_only,FALSE,,FALSE,KEEP,0.623403668,,,FALSE,REVIEW,02_conference_datasets/Interview_ko_units.csv,3
柯文哲专访_44bddcb36cd3,柯文哲专访_44bddcb36cd3_u019,所以我后来发现全世界没有外科医生当过总统。,context,,你以后要当总统。,"[{""name"": ""柯文哲"", ""party"": ""TPP""}]",[],FALSE,,51b8e6321fb14db0e844a8a267b0f3bf,FALSE,柯文哲专访,,所以我后来发现全世界没有外科医生当过总统。,TRUE,institution_only,TRUE,gate: core_election,FALSE,REVIEW,0.313147396,,,FALSE,KEEP,02_conference_datasets/Interview_ko_units.csv,3
柯文哲专访_44bddcb36cd3,柯文哲专访_44bddcb36cd3_u024,你以后要当总统。,context,所以我后来发现全世界没有外科医生当过总统。,范琪斐: 你要做杜特蒂那样的总统吗? 不是?,"[{""name"": ""柯文哲"", ""party"": ""TPP""}]",[],FALSE,,1628b5614ac9075f5a5b220b3765cd12,FALSE,柯文哲专访,,你以后要当总统。,TRUE,institution_only,TRUE,gate: core_election,FALSE,KEEP,0.558028936,,,FALSE,KEEP,02_conference_datasets/Interview_ko_units.csv,3
柯文哲专访_44bddcb36cd3,柯文哲专访_44bddcb36cd3_u028,范琪斐: 你要做杜特蒂那样的总统吗? 不是?,context,你以后要当总统。,"但是对美国政府来讲,他可以很有自信说这个人讲的话。","[{""name"": ""柯文哲"", ""party"": ""TPP""}]",[],FALSE,,d9c148763ba5378520d2894cc1071f60,FALSE,柯文哲专访,,范琪斐: 你要做杜特蒂那样的总统吗? 不是?,TRUE,institution_only,TRUE,gate: core_election,FALSE,KEEP,0.727083445,,,FALSE,KEEP,02_conference_datasets/Interview_ko_units.csv,3
柯文哲专访_44bddcb36cd3,柯文哲专访_44bddcb36cd3_u053,"但是对美国政府来讲,他可以很有自信说这个人讲的话。",claim,范琪斐: 你要做杜特蒂那样的总统吗? 不是?,,"[{""name"": ""柯文哲"", ""party"": ""TPP""}]",[],FALSE,,085231f6c9ace5372dad0cf84877ed20,FALSE,柯文哲专访,,"但是对美国政府来讲,他可以很有自信说这个人讲的话。",TRUE,institution_only,FALSE,,FALSE,KEEP,0.587665081,,,FALSE,REVIEW,02_conference_datasets/Interview_ko_units.csv,3
柯文哲专访_ef48a257ba5a,柯文哲专访_ef48a257ba5a_u007,"所以很多美国方一直在问我说你们三个人,谁当选总统对台,美关系会不会改变。",claim,,"如果北京政府把赖清德的当选视为是台独势力在台湾的成功或台湾的胜利,我跟你讲,连习近平都坐不稳,因为中国是一个很强调symbol的国家。","[{""name"": ""柯文哲"", ""party"": ""TPP""}]",[],FALSE,,29e0fc3eb8c74515a6034ea97b61f4c6,FALSE,柯文哲专访,,"所以很多美国方一直在问我说你们三个人,谁当选总统对台,美关系会不会改变。",TRUE,institution_only,TRUE,gate: core_election,FALSE,KEEP,0.582864881,,,FALSE,KEEP,02_conference_datasets/Interview_ko_units.csv,3
柯文哲专访_ef48a257ba5a,柯文哲专访_ef48a257ba5a_u023,"如果北京政府把赖清德的当选视为是台独势力在台湾的成功或台湾的胜利,我跟你讲,连习近平都坐不稳,因为中国是一个很强调symbol的国家。",claim,"所以很多美国方一直在问我说你们三个人,谁当选总统对台,美关系会不会改变。",柯文哲: 我20到29岁民调从70几%降到30几%。,"[{""name"": ""柯文哲"", ""party"": ""TPP""}]",[],FALSE,,cad85c67c7a1d0b38abf078184e85e80,FALSE,柯文哲专访,,"如果北京政府把赖清德的当选视为是台独势力在台湾的成功或台湾的胜利,我跟你讲,连习近平都坐不稳,因为中国是一个很强调symbol的国家。",TRUE,cooccur: actor×institution,TRUE,gate: actor×inst,FALSE,KEEP,0.692410469,,,FALSE,KEEP,02_conference_datasets/Interview_ko_units.csv,3
柯文哲专访_ef48a257ba5a,柯文哲专访_ef48a257ba5a_u027,柯文哲: 我20到29岁民调从70几%降到30几%。,context,"如果北京政府把赖清德的当选视为是台独势力在台湾的成功或台湾的胜利,我跟你讲,连习近平都坐不稳,因为中国是一个很强调symbol的国家。",范琪斐: 可是问题是这个跟台湾的民意差距太大了。,"[{""name"": ""柯文哲"", ""party"": ""TPP""}]",[],FALSE,,6b9e0d63a4550ad6f5d05a3585396d1b,FALSE,柯文哲专访,,柯文哲: 我20到29岁民调从70几%降到30几%。,TRUE,cooccur: actor×institution,TRUE,gate: actor×inst,FALSE,REVIEW,0.403835744,,,FALSE,KEEP,02_conference_datasets/Interview_ko_units.csv,3
柯文哲专访_ef48a257ba5a,柯文哲专访_ef48a257ba5a_u046,范琪斐: 可是问题是这个跟台湾的民意差距太大了。,context,柯文哲: 我20到29岁民调从70几%降到30几%。,"那我就开始要表述了他说你看,如果是内政问题,的话就内政部解决。","[{""name"": ""柯文哲"", ""party"": ""TPP""}]",[],FALSE,,db3740464e1a18f7409c1194acf753a2,FALSE,柯文哲专访,,范琪斐: 可是问题是这个跟台湾的民意差距太大了。,TRUE,institution_only,FALSE,,FALSE,KEEP,0.553036332,,,FALSE,REVIEW,02_conference_datasets/Interview_ko_units.csv,3
柯文哲专访_ef48a257ba5a,柯文哲专访_ef48a257ba5a_u054,"那我就开始要表述了他说你看,如果是内政问题,的话就内政部解决。",claim,范琪斐: 可是问题是这个跟台湾的民意差距太大了。,"柯文哲: 如果是国与国的外交关系,那是外交部。","[{""name"": ""柯文哲"", ""party"": ""TPP""}]",[],FALSE,,639d01912e9fae53d3b22e0bf165716f,FALSE,柯文哲专访,,"那我就开始要表述了他说你看,如果是内政问题,的话就内政部解决。",TRUE,institution_only,FALSE,,FALSE,KEEP,0.592540026,,,FALSE,REVIEW,02_conference_datasets/Interview_ko_units.csv,3
柯文哲专访_ef48a257ba5a,柯文哲专访_ef48a257ba5a_u055,"柯文哲: 如果是国与国的外交关系,那是外交部。",context,"那我就开始要表述了他说你看,如果是内政问题,的话就内政部解决。","啊,我们现在台湾有一个陆委会。","[{""name"": ""柯文哲"", ""party"": ""TPP""}]",[],FALSE,,1153705842712f031bfd1ede501a7810,FALSE,柯文哲专访,,"柯文哲: 如果是国与国的外交关系,那是外交部。",TRUE,cooccur: actor×institution,TRUE,gate: actor×inst,FALSE,KEEP,0.611076772,,,FALSE,KEEP,02_conference_datasets/Interview_ko_units.csv,3
柯文哲专访_ef48a257ba5a,柯文哲专访_ef48a257ba5a_u056,"啊,我们现在台湾有一个陆委会。",context,"柯文哲: 如果是国与国的外交关系,那是外交部。",有一点我我也很清楚台北市长的level跟总统的level有可能中国的要求会不一样。,"[{""name"": ""柯文哲"", ""party"": ""TPP""}]",[],FALSE,,8adcb682bce8368e3e14054ee2c18e4b,FALSE,柯文哲专访,,"啊,我们现在台湾有一个陆委会。",TRUE,institution_only,FALSE,,FALSE,KEEP,0.486743033,,,FALSE,REVIEW,02_conference_datasets/Interview_ko_units.csv,3
柯文哲专访_ef48a257ba5a,柯文哲专访_ef48a257ba5a_u059,有一点我我也很清楚台北市长的level跟总统的level有可能中国的要求会不一样。,context,"啊,我们现在台湾有一个陆委会。","所以当台北市长的时候他从来没有逼我这一句说你不接受九二共识,我送人论坛就断掉。","[{""name"": ""柯文哲"", ""party"": ""TPP""}]",[],FALSE,,b376a8b7724e7608e9362daa0c0507e1,FALSE,柯文哲专访,,有一点我我也很清楚台北市长的level跟总统的level有可能中国的要求会不一样。,TRUE,cooccur: actor×institution,TRUE,gate: actor×inst,FALSE,KEEP,0.659252882,,,FALSE,KEEP,02_conference_datasets/Interview_ko_units.csv,3
柯文哲专访_ef48a257ba5a,柯文哲专访_ef48a257ba5a_u060,"所以当台北市长的时候他从来没有逼我这一句说你不接受九二共识,我送人论坛就断掉。",claim,有一点我我也很清楚台北市长的level跟总统的level有可能中国的要求会不一样。,"我就跟刘结一讲说你不可以讲一国两制,你还是讲一国两制。","[{""name"": ""柯文哲"", ""party"": ""TPP""}]",[],FALSE,,fc7e130f431b8d8a23f022c796586665,FALSE,柯文哲专访,,"所以当台北市长的时候他从来没有逼我这一句说你不接受九二共识,我送人论坛就断掉。",TRUE,cooccur: actor×institution,TRUE,gate: actor×inst,FALSE,REVIEW,0.465344787,,,FALSE,KEEP,02_conference_datasets/Interview_ko_units.csv,3
柯文哲专访_ef48a257ba5a,柯文哲专访_ef48a257ba5a_u063,"我就跟刘结一讲说你不可以讲一国两制,你还是讲一国两制。",claim,"所以当台北市长的时候他从来没有逼我这一句说你不接受九二共识,我送人论坛就断掉。","柯文哲: 我就开始讲香港问题结果发现他非常克制自己为了表达一国两制,绕来,绕去,不过整个记者会开完。","[{""name"": ""柯文哲"", ""party"": ""TPP""}]",[],FALSE,,8a3d0bb5c919db98582a328682721988,FALSE,柯文哲专访,,"我就跟刘结一讲说你不可以讲一国两制,你还是讲一国两制。",TRUE,institution_only,FALSE,,FALSE,KEEP,0.618279755,,,TRUE,REVIEW,02_conference_datasets/Interview_ko_units.csv,3
柯文哲专访_ef48a257ba5a,柯文哲专访_ef48a257ba5a_u064,"柯文哲: 我就开始讲香港问题结果发现他非常克制自己为了表达一国两制,绕来,绕去,不过整个记者会开完。",context,"我就跟刘结一讲说你不可以讲一国两制,你还是讲一国两制。","柯文哲: 所以,2017世代,为什么蔡英文可以上去用中华民国总统,蔡英文,女士,她用这个态度上去开幕的台湾在哪一次国际会议。","[{""name"": ""柯文哲"", ""party"": ""TPP""}]",[],FALSE,,2e6a6ac0ae26db3eef3f09e8baddea1f,FALSE,柯文哲专访,,"柯文哲: 我就开始讲香港问题结果发现他非常克制自己为了表达一国两制,绕来,绕去,不过整个记者会开完。",TRUE,cooccur: actor×institution,TRUE,gate: actor×inst,FALSE,KEEP,0.59970963,,,TRUE,KEEP,02_conference_datasets/Interview_ko_units.csv,3
柯文哲专访_ef48a257ba5a,柯文哲专访_ef48a257ba5a_u068,"柯文哲: 所以,2017世代,为什么蔡英文可以上去用中华民国总统,蔡英文,女士,她用这个态度上去开幕的台湾在哪一次国际会议。",context,"柯文哲: 我就开始讲香港问题结果发现他非常克制自己为了表达一国两制,绕来,绕去,不过整个记者会开完。",说是台独他的选项。,"[{""name"": ""柯文哲"", ""party"": ""TPP""}]",[],FALSE,,bd761bd2c13c1206f3cdf681d678cf64,FALSE,柯文哲专访,,"柯文哲: 所以,2017世代,为什么蔡英文可以上去用中华民国总统,蔡英文,女士,她用这个态度上去开幕的台湾在哪一次国际会议。",TRUE,cooccur: actor×institution,TRUE,gate: actor×inst,FALSE,KEEP,0.730542302,,,FALSE,KEEP,02_conference_datasets/Interview_ko_units.csv,3
柯文哲专访_ef48a257ba5a,柯文哲专访_ef48a257ba5a_u080,说是台独他的选项。,claim,"柯文哲: 所以,2017世代,为什么蔡英文可以上去用中华民国总统,蔡英文,女士,她用这个态度上去开幕的台湾在哪一次国际会议。",他说九二共识。,"[{""name"": ""柯文哲"", ""party"": ""TPP""}]",[],FALSE,,2e73d17e594b615507c3b83adab7bb7c,FALSE,柯文哲专访,,说是台独他的选项。,TRUE,institution_only,FALSE,,FALSE,KEEP,0.569078267,,,FALSE,REVIEW,02_conference_datasets/Interview_ko_units.csv,3
柯文哲专访_ef48a257ba5a,柯文哲专访_ef48a257ba5a_u097,他说九二共识。,claim,说是台独他的选项。,他说一国两制。,"[{""name"": ""柯文哲"", ""party"": ""TPP""}]",[],FALSE,,dafd51b6e2888b11288ed002d84b5114,FALSE,柯文哲专访,,他说九二共识。,TRUE,institution_only,FALSE,,FALSE,REVIEW,0.442999184,,,FALSE,REVIEW,02_conference_datasets/Interview_ko_units.csv,3
柯文哲专访_ef48a257ba5a,柯文哲专访_ef48a257ba5a_u103,他说一国两制。,claim,他说九二共识。,柯文哲: 我说一国两制。,"[{""name"": ""柯文哲"", ""party"": ""TPP""}]",[],FALSE,,aa10af930c3765327c3dc7c2d571de3b,FALSE,柯文哲专访,,他说一国两制。,TRUE,institution_only,FALSE,,FALSE,KEEP,0.584337533,,,TRUE,REVIEW,02_conference_datasets/Interview_ko_units.csv,3
柯文哲专访_ef48a257ba5a,柯文哲专访_ef48a257ba5a_u104,柯文哲: 我说一国两制。,claim,他说一国两制。,"柯文哲: 所以他说你对九二共识的态度,我说我尊重而且了解你的用意。","[{""name"": ""柯文哲"", ""party"": ""TPP""}]",[],FALSE,,b4ef0555fd835f81f184b42b71a2fb2e,FALSE,柯文哲专访,,柯文哲: 我说一国两制。,TRUE,cooccur: actor×institution,TRUE,gate: actor×inst,FALSE,KEEP,0.730679214,,,TRUE,KEEP,02_conference_datasets/Interview_ko_units.csv,3
柯文哲专访_ef48a257ba5a,柯文哲专访_ef48a257ba5a_u109,"柯文哲: 所以他说你对九二共识的态度,我说我尊重而且了解你的用意。",claim,柯文哲: 我说一国两制。,,"[{""name"": ""柯文哲"", ""party"": ""TPP""}]",[],FALSE,,c1f5b0c40b4a3d03184313d77168f535,FALSE,柯文哲专访,,"柯文哲: 所以他说你对九二共识的态度,我说我尊重而且了解你的用意。",TRUE,cooccur: actor×institution,TRUE,gate: actor×inst,FALSE,KEEP,0.653107166,,,FALSE,KEEP,02_conference_datasets/Interview_ko_units.csv,3
柯文哲专访_090543cce554,柯文哲专访_090543cce554_u020,范琪斐: 好那我们现在再讲讲那个国防的部分。,context,,"我也想知道,主席,你怎么看这个东西,因为常常很多人跟我讲就是说国民党也说他是要加强国防,民进党也说,他要加强国防。","[{""name"": ""柯文哲"", ""party"": ""TPP""}]",[],FALSE,,b815693f2509a6dba3db49dcf90c7dcc,FALSE,柯文哲专访,,范琪斐: 好那我们现在再讲讲那个国防的部分。,TRUE,institution_only,FALSE,,TRUE,KEEP,1,KEEP,1,TRUE,KEEP,02_conference_datasets/Interview_ko_units.csv,3
柯文哲专访_090543cce554,柯文哲专访_090543cce554_u021,"我也想知道,主席,你怎么看这个东西,因为常常很多人跟我讲就是说国民党也说他是要加强国防,民进党也说,他要加强国防。",claim,范琪斐: 好那我们现在再讲讲那个国防的部分。,"主席,你今天才讲就是说有提到说保持大陆人民对台湾善意是最安全的国防。","[{""name"": ""柯文哲"", ""party"": ""TPP""}]",[],FALSE,,d4abef51790f466d3745dc7c930889bc,FALSE,柯文哲专访,,"我也想知道,主席,你怎么看这个东西,因为常常很多人跟我讲就是说国民党也说他是要加强国防,民进党也说,他要加强国防。",TRUE,cooccur: actor×institution,TRUE,gate: actor×inst,TRUE,KEEP,1,KEEP,1,TRUE,KEEP,02_conference_datasets/Interview_ko_units.csv,3
柯文哲专访_090543cce554,柯文哲专访_090543cce554_u023,"主席,你今天才讲就是说有提到说保持大陆人民对台湾善意是最安全的国防。",claim,"我也想知道,主席,你怎么看这个东西,因为常常很多人跟我讲就是说国民党也说他是要加强国防,民进党也说,他要加强国防。",柯文哲: 他说中国在所有候选人对柯文哲最comfortable.有几个理由。,"[{""name"": ""柯文哲"", ""party"": ""TPP""}]",[],FALSE,,0d1fbcd9bf633b92859be05b46eeb057,FALSE,柯文哲专访,,"主席,你今天才讲就是说有提到说保持大陆人民对台湾善意是最安全的国防。",TRUE,institution_only,FALSE,,TRUE,KEEP,1,KEEP,1,TRUE,KEEP,02_conference_datasets/Interview_ko_units.csv,3
柯文哲专访_090543cce554,柯文哲专访_090543cce554_u029,柯文哲: 他说中国在所有候选人对柯文哲最comfortable.有几个理由。,claim,"主席,你今天才讲就是说有提到说保持大陆人民对台湾善意是最安全的国防。",你要讲一国两制什么我现在看场合大家事先要知会好。,"[{""name"": ""柯文哲"", ""party"": ""TPP""}]",[],FALSE,,fdfb2ddf9eef31213c6140ef503e036a,FALSE,柯文哲专访,,柯文哲: 他说中国在所有候选人对柯文哲最comfortable.有几个理由。,TRUE,cooccur: actor×institution,TRUE,gate: actor×inst,FALSE,KEEP,0.632512391,,,FALSE,KEEP,02_conference_datasets/Interview_ko_units.csv,3
柯文哲专访_090543cce554,柯文哲专访_090543cce554_u037,你要讲一国两制什么我现在看场合大家事先要知会好。,context,柯文哲: 他说中国在所有候选人对柯文哲最comfortable.有几个理由。,"所以老实讲今天中国对大陆,对台湾的态度,你每天在讲什么中国统一,讲一大堆,讲到最后有一天哇, 这很难做结果你就下不了台,下不了台就惨了。","[{""name"": ""柯文哲"", ""party"": ""TPP""}]",[],FALSE,,dad8b80283bc80415975082c78ba17b1,FALSE,柯文哲专访,,你要讲一国两制什么我现在看场合大家事先要知会好。,TRUE,institution_only,FALSE,,FALSE,KEEP,0.611742258,,,TRUE,REVIEW,02_conference_datasets/Interview_ko_units.csv,3
柯文哲专访_090543cce554,柯文哲专访_090543cce554_u054,"所以老实讲今天中国对大陆,对台湾的态度,你每天在讲什么中国统一,讲一大堆,讲到最后有一天哇, 这很难做结果你就下不了台,下不了台就惨了。",context,你要讲一国两制什么我现在看场合大家事先要知会好。,"柯文哲: 所以我觉得我那句话我还是相信,就是说大陆人民,中国人民对台湾的喜欢跟羡慕对我们是很重要的国防保障。","[{""name"": ""柯文哲"", ""party"": ""TPP""}]",[],FALSE,,24f700bdc93f92319ba85519f9d2cba8,FALSE,柯文哲专访,,"所以老实讲今天中国对大陆,对台湾的态度,你每天在讲什么中国统一,讲一大堆,讲到最后有一天哇, 这很难做结果你就下不了台,下不了台就惨了。",TRUE,institution_only,FALSE,,FALSE,KEEP,0.572192013,,,FALSE,REVIEW,02_conference_datasets/Interview_ko_units.csv,3
柯文哲专访_090543cce554,柯文哲专访_090543cce554_u055,"柯文哲: 所以我觉得我那句话我还是相信,就是说大陆人民,中国人民对台湾的喜欢跟羡慕对我们是很重要的国防保障。",claim,"所以老实讲今天中国对大陆,对台湾的态度,你每天在讲什么中国统一,讲一大堆,讲到最后有一天哇, 这很难做结果你就下不了台,下不了台就惨了。",我觉得最重要的还是我们自己的实力要做起来OK. 所以我会觉得维持大陆我其实不在乎他对台湾的善意还是恶意我们的国防就是要做起来。,"[{""name"": ""柯文哲"", ""party"": ""TPP""}]",[],FALSE,,ad1bbc70975ddfb4377d556e5eec8538,FALSE,柯文哲专访,,"柯文哲: 所以我觉得我那句话我还是相信,就是说大陆人民,中国人民对台湾的喜欢跟羡慕对我们是很重要的国防保障。",TRUE,cooccur: actor×institution,TRUE,gate: actor×inst,TRUE,KEEP,1,KEEP,1,TRUE,KEEP,02_conference_datasets/Interview_ko_units.csv,3
柯文哲专访_090543cce554,柯文哲专访_090543cce554_u057,我觉得最重要的还是我们自己的实力要做起来OK. 所以我会觉得维持大陆我其实不在乎他对台湾的善意还是恶意我们的国防就是要做起来。,context,"柯文哲: 所以我觉得我那句话我还是相信,就是说大陆人民,中国人民对台湾的喜欢跟羡慕对我们是很重要的国防保障。","所以两岸通婚是一个蛮常见的,如果都已经到40万了。","[{""name"": ""柯文哲"", ""party"": ""TPP""}]",[],FALSE,,5261a97d9feff45e01a42840af45142d,FALSE,柯文哲专访,,我觉得最重要的还是我们自己的实力要做起来OK. 所以我会觉得维持大陆我其实不在乎他对台湾的善意还是恶意我们的国防就是要做起来。,TRUE,institution_only,FALSE,,TRUE,KEEP,1,KEEP,1,TRUE,KEEP,02_conference_datasets/Interview_ko_units.csv,3
柯文哲专访_090543cce554,柯文哲专访_090543cce554_u069,"所以两岸通婚是一个蛮常见的,如果都已经到40万了。",context,我觉得最重要的还是我们自己的实力要做起来OK. 所以我会觉得维持大陆我其实不在乎他对台湾的善意还是恶意我们的国防就是要做起来。,,"[{""name"": ""柯文哲"", ""party"": ""TPP""}]","[""两岸|cross-strait""]",FALSE,,83812f0312b4f3260dabb045be963230,FALSE,柯文哲专访,,"所以两岸通婚是一个蛮常见的,如果都已经到40万了。",TRUE,institution_only,FALSE,,FALSE,REVIEW,0.202504888,KEEP,0.798130497,TRUE,REVIEW,02_conference_datasets/Interview_ko_units.csv,3
柯文哲专访_d6b3e3046424,柯文哲专访_d6b3e3046424_u002,"柯文哲: 我跟你讲过去七十年,中国对台湾的野心从来没有改变可是 范琪斐: 这样子,你怎么样跟他两岸一家亲呢?",context,,"我觉得我每次在跟譬如说主张跟中国要谈的这个这些,不管是国民党的候选人或是以前我在听你的这个说法的时候我其实心里都一直有个疑问,就是说中国是不是个威胁,这个东西。","[{""name"": ""柯文哲"", ""party"": ""TPP""}]","[""两岸|cross-strait""]",FALSE,,4b1760007193a79caa78cfccaa22c2d2,FALSE,柯文哲专访,,"柯文哲: 我跟你讲过去七十年,中国对台湾的野心从来没有改变可是 范琪斐: 这样子,你怎么样跟他两岸一家亲呢?",TRUE,cooccur: actor×institution,TRUE,gate: actor×inst,FALSE,KEEP,0.694865227,,,TRUE,KEEP,02_conference_datasets/Interview_ko_units.csv,3
柯文哲专访_d6b3e3046424,柯文哲专访_d6b3e3046424_u014,"我觉得我每次在跟譬如说主张跟中国要谈的这个这些,不管是国民党的候选人或是以前我在听你的这个说法的时候我其实心里都一直有个疑问,就是说中国是不是个威胁,这个东西。",claim,"柯文哲: 我跟你讲过去七十年,中国对台湾的野心从来没有改变可是 范琪斐: 这样子,你怎么样跟他两岸一家亲呢?","范琪斐: 胁对 好,可是我觉得,如果真的觉得它是个威胁,我觉得我们的国防必须要反映出来对啊,这不是个口号,对啊。","[{""name"": ""柯文哲"", ""party"": ""TPP""}]",[],FALSE,,b86522eab718eb4891993b68a66a60f4,FALSE,柯文哲专访,,"我觉得我每次在跟譬如说主张跟中国要谈的这个这些,不管是国民党的候选人或是以前我在听你的这个说法的时候我其实心里都一直有个疑问,就是说中国是不是个威胁,这个东西。",TRUE,cooccur: actor×institution,TRUE,gate: actor×inst,FALSE,KEEP,0.5793733,,,FALSE,KEEP,02_conference_datasets/Interview_ko_units.csv,3
柯文哲专访_d6b3e3046424,柯文哲专访_d6b3e3046424_u016,"范琪斐: 胁对 好,可是我觉得,如果真的觉得它是个威胁,我觉得我们的国防必须要反映出来对啊,这不是个口号,对啊。",context,"我觉得我每次在跟譬如说主张跟中国要谈的这个这些,不管是国民党的候选人或是以前我在听你的这个说法的时候我其实心里都一直有个疑问,就是说中国是不是个威胁,这个东西。","范琪斐: 所以我想要知道你支持就是延长兵役吗,就是说这个细节上是重要的。","[{""name"": ""柯文哲"", ""party"": ""TPP""}]",[],FALSE,,a48a3b474be1d2d1e69aa4012f566748,FALSE,柯文哲专访,,"范琪斐: 胁对 好,可是我觉得,如果真的觉得它是个威胁,我觉得我们的国防必须要反映出来对啊,这不是个口号,对啊。",TRUE,institution_only,FALSE,,TRUE,KEEP,1,KEEP,1,TRUE,KEEP,02_conference_datasets/Interview_ko_units.csv,3
柯文哲专访_d6b3e3046424,柯文哲专访_d6b3e3046424_u017,"范琪斐: 所以我想要知道你支持就是延长兵役吗,就是说这个细节上是重要的。",claim,"范琪斐: 胁对 好,可是我觉得,如果真的觉得它是个威胁,我觉得我们的国防必须要反映出来对啊,这不是个口号,对啊。",我跟你讲增强国防不是一个口号。,"[{""name"": ""柯文哲"", ""party"": ""TPP""}]",[],FALSE,,fee7a17d8a1d56741d44ff046f212269,FALSE,柯文哲专访,,"范琪斐: 所以我想要知道你支持就是延长兵役吗,就是说这个细节上是重要的。",TRUE,institution_only,TRUE,gate: strong_anchor,FALSE,KEEP,0.528669357,,,TRUE,KEEP,02_conference_datasets/Interview_ko_units.csv,3
柯文哲专访_d6b3e3046424,柯文哲专访_d6b3e3046424_u018,我跟你讲增强国防不是一个口号。,context,"范琪斐: 所以我想要知道你支持就是延长兵役吗,就是说这个细节上是重要的。","柯文哲: 如果是往前面,以从网军, 空军, 海军, 陆军按照这种顺序来思考网军, 陆军,网军, 海军, 空军,都是高技术兵种。","[{""name"": ""柯文哲"", ""party"": ""TPP""}]",[],FALSE,,4d0d304ef1d4793adc422d7029338c5b,FALSE,柯文哲专访,,我跟你讲增强国防不是一个口号。,TRUE,institution_only,FALSE,,TRUE,KEEP,1,KEEP,1,TRUE,KEEP,02_conference_datasets/Interview_ko_units.csv,3
柯文哲专访_d6b3e3046424,柯文哲专访_d6b3e3046424_u021,"柯文哲: 如果是往前面,以从网军, 空军, 海军, 陆军按照这种顺序来思考网军, 陆军,网军, 海军, 空军,都是高技术兵种。",context,我跟你讲增强国防不是一个口号。,"柯文哲: 我说这是美方要求的不得已,但是对我国的国防没有实际的帮忙。","[{""name"": ""柯文哲"", ""party"": ""TPP""}]",[],FALSE,,be409da9fd41bf645cde265eba554225,FALSE,柯文哲专访,,"柯文哲: 如果是往前面,以从网军, 空军, 海军, 陆军按照这种顺序来思考网军, 陆军,网军, 海军, 空军,都是高技术兵种。",TRUE,cooccur: actor×institution,TRUE,gate: actor×inst,FALSE,KEEP,0.514375389,,,FALSE,KEEP,02_conference_datasets/Interview_ko_units.csv,3
柯文哲专访_d6b3e3046424,柯文哲专访_d6b3e3046424_u025,"柯文哲: 我说这是美方要求的不得已,但是对我国的国防没有实际的帮忙。",claim,"柯文哲: 如果是往前面,以从网军, 空军, 海军, 陆军按照这种顺序来思考网军, 陆军,网军, 海军, 空军,都是高技术兵种。","柯文哲: 你要知道,我们,台北市政府,如果在防空演习要撤退到士林官邸后面的山洞里面,我那时候去看空气绿冠不知道几十年没换了还是我去当我花了几千万去把里面都整修一遍。","[{""name"": ""柯文哲"", ""party"": ""TPP""}]",[],FALSE,,6743f77dab0590f62386246b1c525698,FALSE,柯文哲专访,,"柯文哲: 我说这是美方要求的不得已,但是对我国的国防没有实际的帮忙。",TRUE,cooccur: actor×institution,TRUE,gate: actor×inst,TRUE,KEEP,1,KEEP,1,TRUE,KEEP,02_conference_datasets/Interview_ko_units.csv,3
柯文哲专访_d6b3e3046424,柯文哲专访_d6b3e3046424_u044,"柯文哲: 你要知道,我们,台北市政府,如果在防空演习要撤退到士林官邸后面的山洞里面,我那时候去看空气绿冠不知道几十年没换了还是我去当我花了几千万去把里面都整修一遍。",context,"柯文哲: 我说这是美方要求的不得已,但是对我国的国防没有实际的帮忙。",我们就国防就是我是实际当过兵的人我就 啊太假了。,"[{""name"": ""柯文哲"", ""party"": ""TPP""}]",[],FALSE,,a35492adfb85fd4a6986dd2b7f045753,FALSE,柯文哲专访,,"柯文哲: 你要知道,我们,台北市政府,如果在防空演习要撤退到士林官邸后面的山洞里面,我那时候去看空气绿冠不知道几十年没换了还是我去当我花了几千万去把里面都整修一遍。",TRUE,cooccur: actor×institution,TRUE,gate: actor×inst,FALSE,KEEP,0.546111703,,,FALSE,KEEP,02_conference_datasets/Interview_ko_units.csv,3
柯文哲专访_d6b3e3046424,柯文哲专访_d6b3e3046424_u046,我们就国防就是我是实际当过兵的人我就 啊太假了。,context,"柯文哲: 你要知道,我们,台北市政府,如果在防空演习要撤退到士林官邸后面的山洞里面,我那时候去看空气绿冠不知道几十年没换了还是我去当我花了几千万去把里面都整修一遍。","我同意,主席,如果将来你选上总统之后,我真的很希望就是我们在国防上可以看到一些很确实的就是很确实的作为这样子,因为我的确是我的确是觉得我们现在做的有一点。","[{""name"": ""柯文哲"", ""party"": ""TPP""}]",[],FALSE,,827ec94af6ae60cc6514ea4042075bad,FALSE,柯文哲专访,,我们就国防就是我是实际当过兵的人我就 啊太假了。,TRUE,institution_only,FALSE,,TRUE,KEEP,1,KEEP,1,TRUE,KEEP,02_conference_datasets/Interview_ko_units.csv,3
柯文哲专访_d6b3e3046424,柯文哲专访_d6b3e3046424_u050,"我同意,主席,如果将来你选上总统之后,我真的很希望就是我们在国防上可以看到一些很确实的就是很确实的作为这样子,因为我的确是我的确是觉得我们现在做的有一点。",context,我们就国防就是我是实际当过兵的人我就 啊太假了。,,"[{""name"": ""柯文哲"", ""party"": ""TPP""}]",[],FALSE,,2e2c948f8fec3893f4f4d69f73bbcb7c,FALSE,柯文哲专访,,"我同意,主席,如果将来你选上总统之后,我真的很希望就是我们在国防上可以看到一些很确实的就是很确实的作为这样子,因为我的确是我的确是觉得我们现在做的有一点。",TRUE,institution_only,TRUE,gate: core_election,TRUE,KEEP,1,KEEP,1,TRUE,KEEP,02_conference_datasets/Interview_ko_units.csv,3
柯文哲专访_07c355089245,柯文哲专访_07c355089245_u036,这个不分区的这个参选人黄国昌跟黄珊珊是不是有可能会培养成。,context,,"柯文哲: 只是说,在当场我觉得马总统,在那里我想说好啦,好啦这个。","[{""name"": ""柯文哲"", ""party"": ""TPP""}]",[],FALSE,,3cebdccd886c1dddaceba618d8be4bd8,FALSE,柯文哲专访,,这个不分区的这个参选人黄国昌跟黄珊珊是不是有可能会培养成。,TRUE,institution_only,FALSE,,TRUE,KEEP,1,KEEP,1,FALSE,KEEP,02_conference_datasets/Interview_ko_units.csv,3
柯文哲专访_07c355089245,柯文哲专访_07c355089245_u055,"柯文哲: 只是说,在当场我觉得马总统,在那里我想说好啦,好啦这个。",claim,这个不分区的这个参选人黄国昌跟黄珊珊是不是有可能会培养成。,"所以你看,看我们,台北市政府,不管怎么样,他还是集体决策,因为我也知道说。","[{""name"": ""柯文哲"", ""party"": ""TPP""}]",[],FALSE,,41e1bd21e5a4b79475e5248c8c83de34,FALSE,柯文哲专访,,"柯文哲: 只是说,在当场我觉得马总统,在那里我想说好啦,好啦这个。",TRUE,cooccur: actor×institution,TRUE,gate: actor×inst,FALSE,KEEP,0.743417084,,,FALSE,KEEP,02_conference_datasets/Interview_ko_units.csv,3
柯文哲专访_07c355089245,柯文哲专访_07c355089245_u071,"所以你看,看我们,台北市政府,不管怎么样,他还是集体决策,因为我也知道说。",claim,"柯文哲: 只是说,在当场我觉得马总统,在那里我想说好啦,好啦这个。","就是说我们现在几个候选人,大家开始打分数,打圈加一分,打三角形加两分,打叉扣一分,然后投票。","[{""name"": ""柯文哲"", ""party"": ""TPP""}]",[],FALSE,,bfc546acebea921c3c1eb7775460c891,FALSE,柯文哲专访,,"所以你看,看我们,台北市政府,不管怎么样,他还是集体决策,因为我也知道说。",TRUE,institution_only,FALSE,,FALSE,KEEP,0.693668962,,,FALSE,REVIEW,02_conference_datasets/Interview_ko_units.csv,3
柯文哲专访_07c355089245,柯文哲专访_07c355089245_u076,"就是说我们现在几个候选人,大家开始打分数,打圈加一分,打三角形加两分,打叉扣一分,然后投票。",claim,"所以你看,看我们,台北市政府,不管怎么样,他还是集体决策,因为我也知道说。",,"[{""name"": ""柯文哲"", ""party"": ""TPP""}]",[],FALSE,,a6291e4fa6cd2e48595b3dd20ddc1ed2,FALSE,柯文哲专访,,"就是说我们现在几个候选人,大家开始打分数,打圈加一分,打三角形加两分,打叉扣一分,然后投票。",TRUE,institution_only,TRUE,gate: core_election,FALSE,REVIEW,0.470215559,,,TRUE,KEEP,02_conference_datasets/Interview_ko_units.csv,3
柯文哲专访_c8f5153192f9,柯文哲专访_c8f5153192f9_u016,"范琪斐: 所以你也不担心,就是选到总统的话。",context,,"竟然在中华民国的立法院通过只是因为戴清德为了要表现,说他很清高,通过这个法。","[{""name"": ""柯文哲"", ""party"": ""TPP""}]",[],FALSE,,d91e16d8b4f45c558e37197745a1b7b5,FALSE,柯文哲专访,,"范琪斐: 所以你也不担心,就是选到总统的话。",TRUE,institution_only,TRUE,gate: core_election,FALSE,KEEP,0.662730336,,,FALSE,KEEP,02_conference_datasets/Interview_ko_units.csv,3
柯文哲专访_c8f5153192f9,柯文哲专访_c8f5153192f9_u062,"竟然在中华民国的立法院通过只是因为戴清德为了要表现,说他很清高,通过这个法。",claim,"范琪斐: 所以你也不担心,就是选到总统的话。",,"[{""name"": ""柯文哲"", ""party"": ""TPP""}]","[""立法院|institution""]",FALSE,,1f9e367eb5196da1eccfba407ce72831,FALSE,柯文哲专访,,"竟然在中华民国的立法院通过只是因为戴清德为了要表现,说他很清高,通过这个法。",TRUE,institution_only,TRUE,gate: core_election,TRUE,KEEP,1,KEEP,1,TRUE,KEEP,02_conference_datasets/Interview_ko_units.csv,3
柯文哲专访_863464c99ee9,柯文哲专访_863464c99ee9_u023,"神经病民进党喊台独,可能吗?",context,,"范琪斐: 可是我还是希望既然要选总统,我想要知道,我想要知道,你有没有什么具体的计划。","[{""name"": ""柯文哲"", ""party"": ""TPP""}]",[],FALSE,,d5f5ec5ca3c0ec2ccc83ef415d25d69f,FALSE,柯文哲专访,,"神经病民进党喊台独,可能吗?",TRUE,cooccur: actor×institution,TRUE,gate: actor×inst,FALSE,KEEP,0.6758582,,,FALSE,KEEP,02_conference_datasets/Interview_ko_units.csv,3
柯文哲专访_863464c99ee9,柯文哲专访_863464c99ee9_u044,"范琪斐: 可是我还是希望既然要选总统,我想要知道,我想要知道,你有没有什么具体的计划。",context,"神经病民进党喊台独,可能吗?",柯文哲: 一 政府讲话是可信的。,"[{""name"": ""柯文哲"", ""party"": ""TPP""}]",[],FALSE,,184db3ea3ecfac90c9eafe3ce481db4f,FALSE,柯文哲专访,,"范琪斐: 可是我还是希望既然要选总统,我想要知道,我想要知道,你有没有什么具体的计划。",TRUE,institution_only,TRUE,gate: core_election,FALSE,KEEP,0.683129072,,,FALSE,KEEP,02_conference_datasets/Interview_ko_units.csv,3
柯文哲专访_863464c99ee9,柯文哲专访_863464c99ee9_u048,柯文哲: 一 政府讲话是可信的。,context,"范琪斐: 可是我还是希望既然要选总统,我想要知道,我想要知道,你有没有什么具体的计划。","他就在讲 他其实是在讲说现在台湾的年轻人 2 30岁,这个阶层尤其对你非常的支持就支持度非常的高,这样子。","[{""name"": ""柯文哲"", ""party"": ""TPP""}]",[],FALSE,,0b311ba7e604d189452a45d4e226293b,FALSE,柯文哲专访,,柯文哲: 一 政府讲话是可信的。,TRUE,cooccur: actor×institution,TRUE,gate: actor×inst,FALSE,KEEP,0.642736673,,,FALSE,KEEP,02_conference_datasets/Interview_ko_units.csv,3
柯文哲专访_863464c99ee9,柯文哲专访_863464c99ee9_u054,"他就在讲 他其实是在讲说现在台湾的年轻人 2 30岁,这个阶层尤其对你非常的支持就支持度非常的高,这样子。",claim,柯文哲: 一 政府讲话是可信的。,柯文哲: 那我是二二八家族。,"[{""name"": ""柯文哲"", ""party"": ""TPP""}]",[],FALSE,,f75d3dd179ece8507951608863eff5ff,FALSE,柯文哲专访,,"他就在讲 他其实是在讲说现在台湾的年轻人 2 30岁,这个阶层尤其对你非常的支持就支持度非常的高,这样子。",TRUE,institution_only,FALSE,,FALSE,KEEP,0.473078609,,,FALSE,REVIEW,02_conference_datasets/Interview_ko_units.csv,3
柯文哲专访_863464c99ee9,柯文哲专访_863464c99ee9_u080,柯文哲: 那我是二二八家族。,context,"他就在讲 他其实是在讲说现在台湾的年轻人 2 30岁,这个阶层尤其对你非常的支持就支持度非常的高,这样子。","但是我跟你讲,我现在要用我的意识形态来当总统,我们当我们。","[{""name"": ""柯文哲"", ""party"": ""TPP""}]",[],FALSE,,0a079f72529241b522e1615bf6e8b883,FALSE,柯文哲专访,,柯文哲: 那我是二二八家族。,TRUE,cooccur: actor×institution,TRUE,gate: actor×inst,FALSE,REVIEW,0.389622152,,,TRUE,KEEP,02_conference_datasets/Interview_ko_units.csv,3
柯文哲专访_863464c99ee9,柯文哲专访_863464c99ee9_u083,"但是我跟你讲,我现在要用我的意识形态来当总统,我们当我们。",context,柯文哲: 那我是二二八家族。,二来是因为避免中国在制造援助项目的时候进行恶性外交竞争来抢邦交国。,"[{""name"": ""柯文哲"", ""party"": ""TPP""}]",[],FALSE,,c3a090dd2cf9194d28b3b7d1ec34c76f,FALSE,柯文哲专访,,"但是我跟你讲,我现在要用我的意识形态来当总统,我们当我们。",TRUE,institution_only,TRUE,gate: core_election,FALSE,KEEP,0.657180667,,,FALSE,KEEP,02_conference_datasets/Interview_ko_units.csv,3
柯文哲专访_863464c99ee9,柯文哲专访_863464c99ee9_u091,二来是因为避免中国在制造援助项目的时候进行恶性外交竞争来抢邦交国。,context,"但是我跟你讲,我现在要用我的意识形态来当总统,我们当我们。","他说民众党提出这个对邦交国援外透明就是说就是在援外这个是你们提出来的,所以你知道是怎么来那。","[{""name"": ""柯文哲"", ""party"": ""TPP""}]",[],FALSE,,17bc85615bc5d32921426565746ff24f,FALSE,柯文哲专访,,二来是因为避免中国在制造援助项目的时候进行恶性外交竞争来抢邦交国。,TRUE,institution_only,TRUE,gate: strong_anchor,FALSE,KEEP,0.474649996,,,FALSE,KEEP,02_conference_datasets/Interview_ko_units.csv,3
柯文哲专访_863464c99ee9,柯文哲专访_863464c99ee9_u092,"他说民众党提出这个对邦交国援外透明就是说就是在援外这个是你们提出来的,所以你知道是怎么来那。",claim,二来是因为避免中国在制造援助项目的时候进行恶性外交竞争来抢邦交国。,"柯文哲: 因为我,如果执政根本就不会把保持邦交国当作一个前提。","[{""name"": ""柯文哲"", ""party"": ""TPP""}]",[],FALSE,,632062e319c03ecbd4cdb9c79418e36b,FALSE,柯文哲专访,,"他说民众党提出这个对邦交国援外透明就是说就是在援外这个是你们提出来的,所以你知道是怎么来那。",TRUE,cooccur: actor×institution,TRUE,gate: actor×inst,FALSE,KEEP,0.623887181,,,FALSE,KEEP,02_conference_datasets/Interview_ko_units.csv,3
柯文哲专访_863464c99ee9,柯文哲专访_863464c99ee9_u094,"柯文哲: 因为我,如果执政根本就不会把保持邦交国当作一个前提。",context,"他说民众党提出这个对邦交国援外透明就是说就是在援外这个是你们提出来的,所以你知道是怎么来那。","柯文哲: 我难道为了要保持邦交国,一直去买那些那些,怎么讲半民主国家的那些总统,我才不会干这种事。","[{""name"": ""柯文哲"", ""party"": ""TPP""}]",[],FALSE,,24489cfec8ef00a9519b8ce2a33b4f75,FALSE,柯文哲专访,,"柯文哲: 因为我,如果执政根本就不会把保持邦交国当作一个前提。",TRUE,cooccur: actor×institution,TRUE,gate: actor×inst,FALSE,KEEP,0.813254774,,,FALSE,KEEP,02_conference_datasets/Interview_ko_units.csv,3
柯文哲专访_863464c99ee9,柯文哲专访_863464c99ee9_u096,"柯文哲: 我难道为了要保持邦交国,一直去买那些那些,怎么讲半民主国家的那些总统,我才不会干这种事。",context,"柯文哲: 因为我,如果执政根本就不会把保持邦交国当作一个前提。",你只是想要维持邦交国的数目对我们那么重要吗?,"[{""name"": ""柯文哲"", ""party"": ""TPP""}]",[],FALSE,,52bbadb1da3a301a7c00d2d956ca668a,FALSE,柯文哲专访,,"柯文哲: 我难道为了要保持邦交国,一直去买那些那些,怎么讲半民主国家的那些总统,我才不会干这种事。",TRUE,cooccur: actor×institution,TRUE,gate: actor×inst,FALSE,KEEP,0.737610817,,,FALSE,KEEP,02_conference_datasets/Interview_ko_units.csv,3
柯文哲专访_863464c99ee9,柯文哲专访_863464c99ee9_u099,你只是想要维持邦交国的数目对我们那么重要吗?,context,"柯文哲: 我难道为了要保持邦交国,一直去买那些那些,怎么讲半民主国家的那些总统,我才不会干这种事。","范琪斐: OK, 最后一题就是说您多次强调财政纪律也将前瞻计划批评为前瞻计划。","[{""name"": ""柯文哲"", ""party"": ""TPP""}]",[],FALSE,,d5a25646682888991cb487c209bc8059,FALSE,柯文哲专访,,你只是想要维持邦交国的数目对我们那么重要吗?,TRUE,institution_only,TRUE,gate: strong_anchor,FALSE,KEEP,0.64901638,,,FALSE,KEEP,02_conference_datasets/Interview_ko_units.csv,3
柯文哲专访_863464c99ee9,柯文哲专访_863464c99ee9_u100,"范琪斐: OK, 最后一题就是说您多次强调财政纪律也将前瞻计划批评为前瞻计划。",claim,你只是想要维持邦交国的数目对我们那么重要吗?,,"[{""name"": ""柯文哲"", ""party"": ""TPP""}]",[],FALSE,,7f34e8bb92e8155c93254903799b85be,FALSE,柯文哲专访,,"范琪斐: OK, 最后一题就是说您多次强调财政纪律也将前瞻计划批评为前瞻计划。",TRUE,institution_only,FALSE,,FALSE,REVIEW,0.464776397,,,FALSE,REVIEW,02_conference_datasets/Interview_ko_units.csv,3
柯文哲专访_5f2479ef61f9,柯文哲专访_5f2479ef61f9_u004,"柯文哲: 我跟你讲像这个也是一样五缺你知道, 如果缺电全台湾的电表换成智慧电表。",context,,,"[{""name"": ""柯文哲"", ""party"": ""TPP""}]",[],FALSE,,03ac0f75121039f45b0b804b971be8b6,FALSE,柯文哲专访,,"柯文哲: 我跟你讲像这个也是一样五缺你知道, 如果缺电全台湾的电表换成智慧电表。",TRUE,cooccur: actor×institution,TRUE,gate: actor×inst,FALSE,KEEP,0.50756532,,,FALSE,KEEP,02_conference_datasets/Interview_ko_units.csv,3
柯文哲专访_39936f4c1cf0,柯文哲专访_39936f4c1cf0_u005,"这个问题为什么对我来讲非常重要是因为我觉得台湾必须要有共识就是中国如果是个威胁的话,我们国防才会真正好好做嘛,才能够真正反映出来。",context,,"我觉得他不会像是比方说我们在讲说,比方说如果你是外交官啊,或是你是就是政府民意啊,你有时候要实问虚答那我觉得基本上就是你问到什么问题都会有一个答案。","[{""name"": ""柯文哲"", ""party"": ""TPP""}]",[],FALSE,,efbe3bd622f1b3731f7cb06173dfdcb1,FALSE,柯文哲专访,,"这个问题为什么对我来讲非常重要是因为我觉得台湾必须要有共识就是中国如果是个威胁的话,我们国防才会真正好好做嘛,才能够真正反映出来。",TRUE,institution_only,FALSE,,TRUE,KEEP,1,KEEP,1,TRUE,KEEP,02_conference_datasets/Interview_ko_units.csv,3
柯文哲专访_39936f4c1cf0,柯文哲专访_39936f4c1cf0_u009,"我觉得他不会像是比方说我们在讲说,比方说如果你是外交官啊,或是你是就是政府民意啊,你有时候要实问虚答那我觉得基本上就是你问到什么问题都会有一个答案。",claim,"这个问题为什么对我来讲非常重要是因为我觉得台湾必须要有共识就是中国如果是个威胁的话,我们国防才会真正好好做嘛,才能够真正反映出来。","比方举例来说,比方说这个财政平衡啊,然后比方说这个前瞻建设里面有哪些部分是他觉得比较有问题的东西他是可以提出来的那。","[{""name"": ""柯文哲"", ""party"": ""TPP""}]",[],FALSE,,230f2ff584c32e4ae04d1f999a51878c,FALSE,柯文哲专访,,"我觉得他不会像是比方说我们在讲说,比方说如果你是外交官啊,或是你是就是政府民意啊,你有时候要实问虚答那我觉得基本上就是你问到什么问题都会有一个答案。",TRUE,institution_only,TRUE,gate: 2 inst terms,FALSE,KEEP,0.61418879,,,FALSE,KEEP,02_conference_datasets/Interview_ko_units.csv,3
柯文哲专访_39936f4c1cf0,柯文哲专访_39936f4c1cf0_u015,"比方举例来说,比方说这个财政平衡啊,然后比方说这个前瞻建设里面有哪些部分是他觉得比较有问题的东西他是可以提出来的那。",claim,"我觉得他不会像是比方说我们在讲说,比方说如果你是外交官啊,或是你是就是政府民意啊,你有时候要实问虚答那我觉得基本上就是你问到什么问题都会有一个答案。","路易莎莎: 当然有时候,然后再讲说国家能源政策啊,或是这个非核家园啊,这东西其实至少他可以点出来,这个我觉得是一个优点那,最后,其实我觉得我呼应一下范姊讲的啦,就是他其实真的就是大家都会说喔,柯文哲很亲中啊,很红统啊,之类的。","[{""name"": ""柯文哲"", ""party"": ""TPP""}]",[],FALSE,,88e65e93b6ca653e458b059219ac0a3f,FALSE,柯文哲专访,,"比方举例来说,比方说这个财政平衡啊,然后比方说这个前瞻建设里面有哪些部分是他觉得比较有问题的东西他是可以提出来的那。",TRUE,institution_only,FALSE,,FALSE,KEEP,0.507258058,,,FALSE,REVIEW,02_conference_datasets/Interview_ko_units.csv,3
柯文哲专访_39936f4c1cf0,柯文哲专访_39936f4c1cf0_u016,"路易莎莎: 当然有时候,然后再讲说国家能源政策啊,或是这个非核家园啊,这东西其实至少他可以点出来,这个我觉得是一个优点那,最后,其实我觉得我呼应一下范姊讲的啦,就是他其实真的就是大家都会说喔,柯文哲很亲中啊,很红统啊,之类的。",claim,"比方举例来说,比方说这个财政平衡啊,然后比方说这个前瞻建设里面有哪些部分是他觉得比较有问题的东西他是可以提出来的那。",今天听说好像选举前最后一个月的预算其实都被蓝绿两大党包下来了。,"[{""name"": ""柯文哲"", ""party"": ""TPP""}]",[],FALSE,,50ad8e2a00e278d1d0fac99aba801538,FALSE,柯文哲专访,,"路易莎莎: 当然有时候,然后再讲说国家能源政策啊,或是这个非核家园啊,这东西其实至少他可以点出来,这个我觉得是一个优点那,最后,其实我觉得我呼应一下范姊讲的啦,就是他其实真的就是大家都会说喔,柯文哲很亲中啊,很红统啊,之类的。",TRUE,cooccur: actor×institution,TRUE,gate: actor×inst,FALSE,KEEP,0.697183132,,,FALSE,KEEP,02_conference_datasets/Interview_ko_units.csv,3
柯文哲专访_39936f4c1cf0,柯文哲专访_39936f4c1cf0_u028,今天听说好像选举前最后一个月的预算其实都被蓝绿两大党包下来了。,claim,"路易莎莎: 当然有时候,然后再讲说国家能源政策啊,或是这个非核家园啊,这东西其实至少他可以点出来,这个我觉得是一个优点那,最后,其实我觉得我呼应一下范姊讲的啦,就是他其实真的就是大家都会说喔,柯文哲很亲中啊,很红统啊,之类的。","范琪斐: 好,来然后第二点呢我有一个很大的意见的就是有关我们的国防政策那他讲到说嗯,中国人民对台湾的善意就是台湾最安全的国防。","[{""name"": ""柯文哲"", ""party"": ""TPP""}]",[],FALSE,,79d300743fd81931e7e35d42d12be73f,FALSE,柯文哲专访,,今天听说好像选举前最后一个月的预算其实都被蓝绿两大党包下来了。,TRUE,institution_only,TRUE,gate: core_election,FALSE,REVIEW,0.413616866,,,FALSE,KEEP,02_conference_datasets/Interview_ko_units.csv,3
柯文哲专访_39936f4c1cf0,柯文哲专访_39936f4c1cf0_u060,"范琪斐: 好,来然后第二点呢我有一个很大的意见的就是有关我们的国防政策那他讲到说嗯,中国人民对台湾的善意就是台湾最安全的国防。",claim,今天听说好像选举前最后一个月的预算其实都被蓝绿两大党包下来了。,"范琪斐: 我觉得台湾最安全的国防,这必须是一个硬实力。","[{""name"": ""柯文哲"", ""party"": ""TPP""}]",[],FALSE,,c5253f892f0ed50f3addc510d77dfe4c,FALSE,柯文哲专访,,"范琪斐: 好,来然后第二点呢我有一个很大的意见的就是有关我们的国防政策那他讲到说嗯,中国人民对台湾的善意就是台湾最安全的国防。",TRUE,institution_only,FALSE,,TRUE,KEEP,1,KEEP,1,TRUE,KEEP,02_conference_datasets/Interview_ko_units.csv,3
柯文哲专访_39936f4c1cf0,柯文哲专访_39936f4c1cf0_u062,"范琪斐: 我觉得台湾最安全的国防,这必须是一个硬实力。",context,"范琪斐: 好,来然后第二点呢我有一个很大的意见的就是有关我们的国防政策那他讲到说嗯,中国人民对台湾的善意就是台湾最安全的国防。",所以我不会觉得这是一个最安全的国防。,"[{""name"": ""柯文哲"", ""party"": ""TPP""}]",[],FALSE,,decf9cc09027ec666032018f383bd580,FALSE,柯文哲专访,,"范琪斐: 我觉得台湾最安全的国防,这必须是一个硬实力。",TRUE,institution_only,FALSE,,TRUE,KEEP,1,KEEP,1,TRUE,KEEP,02_conference_datasets/Interview_ko_units.csv,3
柯文哲专访_39936f4c1cf0,柯文哲专访_39936f4c1cf0_u066,所以我不会觉得这是一个最安全的国防。,context,"范琪斐: 我觉得台湾最安全的国防,这必须是一个硬实力。",最安全的国防就是我们自己要把我们整个国防要建立起来。,"[{""name"": ""柯文哲"", ""party"": ""TPP""}]",[],FALSE,,3178b92fbad6ede247df91bfc85a247e,FALSE,柯文哲专访,,所以我不会觉得这是一个最安全的国防。,TRUE,institution_only,FALSE,,TRUE,KEEP,1,KEEP,1,TRUE,KEEP,02_conference_datasets/Interview_ko_units.csv,3
柯文哲专访_39936f4c1cf0,柯文哲专访_39936f4c1cf0_u067,最安全的国防就是我们自己要把我们整个国防要建立起来。,context,所以我不会觉得这是一个最安全的国防。,范琪斐: 这才是一个最安全的国防。,"[{""name"": ""柯文哲"", ""party"": ""TPP""}]",[],FALSE,,60f6975889273ab776f2042a20b79c88,FALSE,柯文哲专访,,最安全的国防就是我们自己要把我们整个国防要建立起来。,TRUE,institution_only,FALSE,,TRUE,KEEP,1,KEEP,1,TRUE,KEEP,02_conference_datasets/Interview_ko_units.csv,3
柯文哲专访_39936f4c1cf0,柯文哲专访_39936f4c1cf0_u069,范琪斐: 这才是一个最安全的国防。,context,最安全的国防就是我们自己要把我们整个国防要建立起来。,"但是你现在想要当总统不能告诉我说因为你以前是外科医生的关系,所以你讲话可以比较随便。","[{""name"": ""柯文哲"", ""party"": ""TPP""}]",[],FALSE,,8923afd67edef2eb5fc03c1727a1c100,FALSE,柯文哲专访,,范琪斐: 这才是一个最安全的国防。,TRUE,institution_only,FALSE,,TRUE,KEEP,1,KEEP,1,TRUE,KEEP,02_conference_datasets/Interview_ko_units.csv,3
柯文哲专访_39936f4c1cf0,柯文哲专访_39936f4c1cf0_u075,"但是你现在想要当总统不能告诉我说因为你以前是外科医生的关系,所以你讲话可以比较随便。",claim,范琪斐: 这才是一个最安全的国防。,"路易莎莎: 柯主席的强项也是他的弱项就是他提出了问题的所在可是通常没有办法指出一个非常好的解决方式就是他只能说出一个很大概很概念性的东西那,但是实际上要怎么执行就是我也知道要往那个方向走啊,可是要怎么执行的时候这个部分我觉得确实稍嫌比较薄弱比方说讲国防部分,好了,支持,不对,称作战,啊,支持这东西。","[{""name"": ""柯文哲"", ""party"": ""TPP""}]",[],FALSE,,979994a31a7b55fe7c7e4e77f40fdecc,FALSE,柯文哲专访,,"但是你现在想要当总统不能告诉我说因为你以前是外科医生的关系,所以你讲话可以比较随便。",TRUE,institution_only,TRUE,gate: core_election,FALSE,KEEP,0.525841594,,,FALSE,KEEP,02_conference_datasets/Interview_ko_units.csv,3
柯文哲专访_39936f4c1cf0,柯文哲专访_39936f4c1cf0_u078,"路易莎莎: 柯主席的强项也是他的弱项就是他提出了问题的所在可是通常没有办法指出一个非常好的解决方式就是他只能说出一个很大概很概念性的东西那,但是实际上要怎么执行就是我也知道要往那个方向走啊,可是要怎么执行的时候这个部分我觉得确实稍嫌比较薄弱比方说讲国防部分,好了,支持,不对,称作战,啊,支持这东西。",claim,"但是你现在想要当总统不能告诉我说因为你以前是外科医生的关系,所以你讲话可以比较随便。","其实我觉得毕竟从十年的观察,来看其实柯主席身边的人其实不要讲台北市政府的一级局处长而是讲他身边核心幕僚不断在更换。","[{""name"": ""柯文哲"", ""party"": ""TPP""}]",[],FALSE,,de1ab55dc8cea8fd679c2bd226c7a6ce,FALSE,柯文哲专访,,"路易莎莎: 柯主席的强项也是他的弱项就是他提出了问题的所在可是通常没有办法指出一个非常好的解决方式就是他只能说出一个很大概很概念性的东西那,但是实际上要怎么执行就是我也知道要往那个方向走啊,可是要怎么执行的时候这个部分我觉得确实稍嫌比较薄弱比方说讲国防部分,好了,支持,不对,称作战,啊,支持这东西。",TRUE,cooccur: actor×institution,TRUE,gate: actor×inst,TRUE,KEEP,1,KEEP,1,TRUE,KEEP,02_conference_datasets/Interview_ko_units.csv,3
柯文哲专访_39936f4c1cf0,柯文哲专访_39936f4c1cf0_u088,"其实我觉得毕竟从十年的观察,来看其实柯主席身边的人其实不要讲台北市政府的一级局处长而是讲他身边核心幕僚不断在更换。",context,"路易莎莎: 柯主席的强项也是他的弱项就是他提出了问题的所在可是通常没有办法指出一个非常好的解决方式就是他只能说出一个很大概很概念性的东西那,但是实际上要怎么执行就是我也知道要往那个方向走啊,可是要怎么执行的时候这个部分我觉得确实稍嫌比较薄弱比方说讲国防部分,好了,支持,不对,称作战,啊,支持这东西。",,"[{""name"": ""柯文哲"", ""party"": ""TPP""}]",[],FALSE,,4368c53cb120f3ade221d15e36b2cb0a,FALSE,柯文哲专访,,"其实我觉得毕竟从十年的观察,来看其实柯主席身边的人其实不要讲台北市政府的一级局处长而是讲他身边核心幕僚不断在更换。",TRUE,cooccur: actor×institution,TRUE,gate: actor×inst,FALSE,KEEP,0.610741973,,,FALSE,KEEP,02_conference_datasets/Interview_ko_units.csv,3
