doc_id,unit_id,sentence,role,prev,next,speakers,targets,proc_symbolic_flag,event_phase,unit_hash,unit_dup_flag,source,date,preprocessed_text,hard_rule_keep,hard_rule_reason,policy_gate,policy_gate_reason,priority_keep,semantic_status,semantic_similarity,nli_status,nli_score,key_hit,final_status,_source_file,_corpus_tier,debate_short_review,id,custom_id,source_file,source_relpath,L1_label,L1_reasoning,L1_error,L2_labels,L2_reasoning,L2_error,candidate,party,source_type,_period
_ab040eeaac18,_ab040eeaac18_u002,"由於美國總統拜登與副總統賀錦麗,將在下周陸續訪問越南與印尼,並參與東協峰會。",context,"中國周一(8月28日)公布最新版的標準地圖,不但無理納入台灣,更把整個南海都吃下,連與印度之間具有主權爭議而且不在中國控制範圍的領土,全部都劃成中國的。","中方在這個時間點引發鄰國不滿,會否讓部分國家更傾向美國,或者讓主權爭議成為藉時的討論重點,各界高度關注。",[],[],False,,a6602b5d66dc5a1d467b9d752ed490c1,False,03_Lai_tvbs_news,2023-09-01 20:00:00,"由於美國總統拜登與副總統賀錦麗,將在下周陸續訪問越南與印尼,並參與東協峰會。",True,institution_only,True,gate: core_election,False,REVIEW,0.2821203172206878,,,True,KEEP,01_news_datasets/03_Lai_tvbs_news_units.csv,1,,14652,req_67915396fd0147fa82ab4c315efc3378,merged_deduped.csv,merged_deduped.csv,L1-06,描述外交行程背景，無安全威脅論述,,,僅述美國領袖出訪與參與峰會，無主權宣示、國際法論證、威脅或動員語彙→不觸發任何L2,,赖清德,DPP,news,2023-09
_69b12cf565f1,_69b12cf565f1_u001,"對此,TVBS 56頻道《金臨天下》邀集專家一同討論會不會讓聯準會升息變得更多,對經濟帶來更大的傷害。",context,"為了要抑制通膨,美國聯準會在去(2022)年激進升息,對於美國接下來經濟的發展,市場充斥著硬著陸、軟著陸的爭議,不過現在有部分經濟學家開始討論第三種的可能性,就是不著陸。","根據《華爾街日報》報導,經濟學家在談論美國的經濟到底是硬著陸還是軟著陸,如果增長持續加速,有沒有可能兩個都不發生?",[],[],False,,aad10a9767c58cd380507081cd95fee5,False,03_Lai_tvbs_news,2023-02-14 22:26:00,"對此,TVBS 56頻道《金臨天下》邀集專家一同討論會不會讓聯準會升息變得更多,對經濟帶來更大的傷害。",True,institution_only,False,,False,REVIEW,0.4198420643806457,,,True,REVIEW,01_news_datasets/03_Lai_tvbs_news_units.csv,1,,15009,req_74d47acd1f5d4d56b223a29690f98692,merged_deduped.csv,merged_deduped.csv,L1-01,討論升息與經濟傷害，屬經濟,,,純經濟與媒體節目討論，無主權、認同、威脅或動員語彙→無標籤,,赖清德,DPP,news,2023-02
_406548d8a7bd,_406548d8a7bd_u000,"2010年獲頒《工藝之家》藝術家,2013年獲頒聯合國教科文組織《國際陶藝學會》藝術家。",context,,"藝術家施宣宇:「我看這個名字叫御風《御風而行》是從《莊子》裡面出來的,這麼有哲思但是它很現代感,我看是一對翅膀,對它的確是,它的兩個翅膀是獨立出來然後可以變成是可以旋轉的,我的東西的話很大量的使用金屬陶瓷琉璃等等,那這個鹿是紫色,這個顏色又很迷人,因為紫色就很高貴,然後它這裡有兩個這樣下垂的東西,然後它的那個頭角是用玻璃像喇叭花狀的這樣散開來的,哇這個結構是怎麼來的。」 2024總統大選倒數、候選人、民調分析盡在TVBS 新北耶誕城「桑塔熊回歸」必看光雕秀 活動時間、交通攻略 新北耶誕城「桑塔熊回歸」必看光雕秀 活動時間、交通攻略 快來下載TVBS新聞APP,天天打卡抽咖啡 2024十二生肖運勢搶先看 「這生肖」把握前途無量的一年 👉早上空腹喝黑咖啡的真相 👉代謝出狀況?",[],[],False,,4397b33199e6b45a382f4bebc8c92a1c,False,03_Lai_tvbs_news,2023-12-08 21:46:00,"2010年獲頒《工藝之家》藝術家,2013年獲頒聯合國教科文組織《國際陶藝學會》藝術家。",True,institution_only,True,gate: 2 inst terms,False,REVIEW,-0.0300677120685577,KEEP,0.4076723456382751,False,KEEP,01_news_datasets/03_Lai_tvbs_news_units.csv,1,,6004,req_49919fbf405e4da3bbbb0ccb70ce76d1,merged_deduped.csv,merged_deduped.csv,L1-04,純經歷介紹，無政策經濟情緒,,,僅個人藝術頭銜與UNESCO學會認證，無國家/台灣主體、無認同或動員語彙,,赖清德,DPP,news,2023-12
_97ce6b32b7f2,_97ce6b32b7f2_u001,"雖然人已在美國踢球,但先前潛在買家之一的沙烏地阿拉伯公共投資基金(PIF),至今依然沒有放棄任何希望,引述當地媒體報導,傳出旗下擁有希拉爾(Al Hilal)等眾多球隊的他們,再次向邁阿密球團提出,租借梅西一年的建議,借重他和前隊友內馬爾(Neymar)的魅力,提高沙烏地阿拉伯超級聯賽的關注程度。",context,,,[],[],False,,c27cbe93527119fa00ecde790f6aaada,False,03_Lai_tvbs_news,2023-08-18 15:56:00,"雖然人已在美國踢球,但先前潛在買家之一的沙烏地阿拉伯公共投資基金(PIF),至今依然沒有放棄任何希望,引述當地媒體報導,傳出旗下擁有希拉爾(Al Hilal)等眾多球隊的他們,再次向邁阿密球團提出,租借梅西一年的建議,借重他和前隊友內馬爾(Neymar)的魅力,提高沙烏地阿拉伯超級聯賽的關注程度。",True,institution_only,False,,False,REVIEW,0.3247846662998199,,,False,REVIEW,01_news_datasets/03_Lai_tvbs_news_units.csv,1,,17098,req_b51fda8226fd4a40bfe52ff523302533,merged_deduped.csv,merged_deduped.csv,L1-07,體育轉會與聯賽商業操作，非政治,,,體育轉會新聞，無主權、認同、威脅或動員相關語彙→無,,赖清德,DPP,news,2023-08
_87e2d3a253a7,_87e2d3a253a7_u009,"聯名《航海王》25週年,日期、地點、試放場次一次看 2024總統大選 TVBS報票員招募中 新北耶誕城「桑塔熊回歸」必看光雕秀 活動時間、交通攻略 新北耶誕城「桑塔熊回歸」必看光雕秀 活動時間、交通攻略 快來下載TVBS新聞APP,天天打卡抽咖啡 2024十二生肖運勢搶先看 「這生肖」把握前途無量的一年 全新百貨級菜市場正式開幕!",context,,,[],[],False,,2b878b24c4d0108ee9985a0b6ecb9f55,False,03_Lai_tvbs_news,2023-12-14 22:18:00,"聯名《航海王》25週年,日期、地點、試放場次一次看 2024總統大選 TVBS報票員招募中 新北耶誕城「桑塔熊回歸」必看光雕秀 活動時間、交通攻略 新北耶誕城「桑塔熊回歸」必看光雕秀 活動時間、交通攻略 快來下載TVBS新聞APP,天天打卡抽咖啡 2024十二生肖運勢搶先看 「這生肖」把握前途無量的一年 全新百貨級菜市場正式開幕!",True,institution_only,True,gate: core_election,False,REVIEW,0.4198662936687469,,,True,KEEP,01_news_datasets/03_Lai_tvbs_news_units.csv,1,,3865,req_1dd0ee6beb91403b80b9d0d1d73d43c6,merged_deduped.csv,merged_deduped.csv,L1-07,活動宣傳與生活資訊，非政治,,,純活動與廣告資訊，無主權、認同、威脅、動員或價值論述→無標籤,,赖清德,DPP,news,2023-12
_c1ba488807c8,_c1ba488807c8_u002,"媒體報導,黃仁勳在紐約時報的年度DealBook峰會上說,拜登政府試圖將中國與美國晶片供應脫鉤,這是一條「該走的路」,但美國半導體供應鏈要完全獨立,在1至2年內還不是真正可行的事情。",claim,"產業專家認為,半導體供應鏈牽涉範圍廣泛,世界各國短期都難以完全實現晶片獨立。",2024總統大選倒數、候選人、民調分析盡在TVBS 新北耶誕城「桑塔熊回歸」必看光雕秀 活動時間、交通攻略 新北耶誕城「桑塔熊回歸」必看光雕秀 活動時間、交通攻略 露營好禮免費抽!,[],[],False,,12d83704e86c114d78a9daf13d737a67,False,03_Lai_tvbs_news,2023-11-30 17:45:00,"媒體報導,黃仁勳在紐約時報的年度DealBook峰會上說,拜登政府試圖將中國與美國晶片供應脫鉤,這是一條「該走的路」,但美國半導體供應鏈要完全獨立,在1至2年內還不是真正可行的事情。",True,institution_only,True,gate: 4 inst terms,False,REVIEW,0.4054337441921234,,,True,KEEP,01_news_datasets/03_Lai_tvbs_news_units.csv,1,,1652,req_c38c9505458b40c3bdd62f545cf66629,merged_deduped.csv,merged_deduped.csv,L1-01,談晶片供應鏈與脫鉤的可行性屬經濟,,,美中晶片供應鏈脫鉤、供應鏈獨立→無台灣/國家主體、無認同與動員語彙,,赖清德,DPP,news,2023-11
_27354b04a8dd,_27354b04a8dd_u000,"63歲資深藝人徐乃麟熱愛投資副業,過去曾砸錢做潛艇堡、董月花奶鋪、蛋撻、紅酒、店商平台到現在的「輸不起乾拌麵」,即使大部分的投資都以失敗收場,他仍信心滿滿地再砸下400萬元開「CRUMB CO. 可朗烘焙坊」,就為一圓愛妻的夢想。",context,,喊話回歸:為了兩岸和平 更多新聞:主播王又正節目「全員走光」停播2個月!,[],[],False,,763992515dd252ae534700b35bf96d85,False,03_Lai_tvbs_news,2023-03-01 17:29:00,"63歲資深藝人徐乃麟熱愛投資副業,過去曾砸錢做潛艇堡、董月花奶鋪、蛋撻、紅酒、店商平台到現在的「輸不起乾拌麵」,即使大部分的投資都以失敗收場,他仍信心滿滿地再砸下400萬元開「CRUMB CO. 可朗烘焙坊」,就為一圓愛妻的夢想。",True,institution_only,False,,False,REVIEW,0.2824624478816986,,,False,REVIEW,01_news_datasets/03_Lai_tvbs_news_units.csv,1,,10401,req_ed59ddf0fc094e07989fd55518d565c3,merged_deduped.csv,merged_deduped.csv,L1-07,娛樂人物投資故事，無公共政策,,,純個人投資與家庭夢想，無國家、集體、主權、威脅或動員語彙,,赖清德,DPP,news,2023-03
_148c2221ad97,_148c2221ad97_u002,"內政部表示,2024年依紀念日及節日實施辦法規定,全國應放假的紀念日及節日包括中華民國開國紀念日、農曆除夕、春節、和平紀念日、兒童節、民族掃墓節、端午節、中秋節及國慶日,其中春節放假3天,合計放假11天;",claim,,"另外,勞動節時勞工放假1天。",[],[],False,,2f895af2e85868f1e971b6f8d74ed152,False,03_Lai_tvbs_news,2024-01-11 10:43:00,"內政部表示,2024年依紀念日及節日實施辦法規定,全國應放假的紀念日及節日包括中華民國開國紀念日、農曆除夕、春節、和平紀念日、兒童節、民族掃墓節、端午節、中秋節及國慶日,其中春節放假3天,合計放假11天;",True,institution_only,True,gate: 2 inst terms,False,REVIEW,0.2726298570632934,,,True,KEEP,01_news_datasets/03_Lai_tvbs_news_units.csv,1,,4203,req_24b6ccff74104ceaafa86a7b5b9028bf,merged_deduped.csv,merged_deduped.csv,L1-06,說明放假規定與辦法，屬行政管理，非民生福祉主軸,,L2-06,中華民國開國紀念日、國慶日等國定紀念日節日→國家象徵與共同記憶→L2-06,,赖清德,DPP,news,2024-01
_43c380924c17,_43c380924c17_u001,"恰巧的是,曾在去年初出訪宏國的賴清德今(15日)上午登記參與民進黨總統初選。",context,"友邦宏都拉斯總統秀瑪菈.卡斯楚(Xiomara Castro)宣布,已指示外交部長雷依納(Eduardo Reina)處理與中國建立正式關係事宜。","對此,民進黨立委何志偉說,今天是賴清德主席登記參選的日子,外交事務有的時候與國內政治的確環環相扣,有人故意在搞我們。","[{""name"": ""賴清德"", ""party"": ""DPP""}, {""name"": ""民進黨"", ""party"": ""DPP""}]",[],False,,e2585b54e2cbc8956692b3c04400acff,False,03_Lai_tvbs_news,2023-03-15 11:34:00,"恰巧的是,曾在去年初出訪宏國的賴清德今(15日)上午登記參與民進黨總統初選。",True,cooccur: actor×institution,True,gate: actor×inst,False,KEEP,0.4791824221611023,,,True,KEEP,01_news_datasets/03_Lai_tvbs_news_units.csv,1,,19941,req_0cc0ec3b34d247a4bff3ff19c0eba8c2,merged_deduped.csv,merged_deduped.csv,L1-06,描述選舉程序事件，屬政治管理,,,僅述賴清德登記參選、無主權/認同/威脅/動員等國族訊號→不觸發L2,,赖清德,DPP,news,2023-03
_2f7b6c0e365a,_2f7b6c0e365a_u000,"民進黨立委劉世芳日前宣布放棄連任高市第3選區(左營、楠梓)立委,外界關注這一區將會由誰接棒。",context,,"先前有消息傳出,無黨籍高雄市議員黃捷可能轉戰該區參選,不過,傳出民進黨有一份地方流傳的民調顯示,幾名在地議員民調都超過20%以上,其中李柏毅42%為最高,黃捷民調僅9%。","[{""name"": ""民進黨"", ""party"": ""DPP""}]",[],False,,c677b4bdbee9082c9b18f7479bfa7c8b,False,03_Lai_tvbs_news,2023-05-30 09:40:00,"民進黨立委劉世芳日前宣布放棄連任高市第3選區(左營、楠梓)立委,外界關注這一區將會由誰接棒。",True,cooccur: actor×institution,True,gate: actor×inst,False,KEEP,0.5405228137969971,,,True,KEEP,01_news_datasets/03_Lai_tvbs_news_units.csv,1,,17461,req_7d3eedc00d264b209ea546b3120ddabb,merged_deduped.csv,merged_deduped.csv,L1-07,單純選情與人選討論，無政策議題,,,單純選區接棒與人選討論，無主權、威脅、認同或動員語彙,,赖清德,DPP,news,2023-05
_fca659bcb710,_fca659bcb710_u007,"(圖/翻攝自《微博》) 段穎年僅38歲就出任雲南省投資促進局黨組書記,曾是最年輕的正廳級女幹部。",context,"中國大陸屢傳女官員桃色醜聞,雲南省投資促進局原黨組書記、局長段穎,年僅41歲就位高權重,曾是中國最年輕正廳級官員,看似前途無量的她,卻在近日被爆「搞權色交易、與多人發生發生不正當性關係」,嚴重違紀違法慘被「雙開」(開除黨籍、公職)。",,[],[],False,,20e36f271e7e87a7d0062523b215d686,False,03_Lai_tvbs_news,2023-02-18 18:27:00,"(圖/翻攝自《微博》) 段穎年僅38歲就出任雲南省投資促進局黨組書記,曾是最年輕的正廳級女幹部。",True,institution_only,False,,False,KEEP,0.5214197635650635,,,False,REVIEW,01_news_datasets/03_Lai_tvbs_news_units.csv,1,,2935,req_92c487feaf3d4c618af5dfe80e8a48bd,merged_deduped.csv,merged_deduped.csv,L1-07,人物背景描述，無政策經濟道德主題,,,僅描述個人仕途與職位，無主權、認同、威脅或動員等國族建構訊號,,赖清德,DPP,news,2023-02
_fa72e51342f4,_fa72e51342f4_u006,"(示意圖/Shutterstock達志影像) *民俗說法僅供參考,不代表本新聞網立場* 2024總統大選倒數、候選人、民調分析盡在TVBS 新北耶誕城「桑塔熊回歸」必看光雕秀 活動時間、交通攻略 新北耶誕城「桑塔熊回歸」必看光雕秀 活動時間、交通攻略 露營好禮免費抽!",claim,,,[],[],False,,58dd7a638bb271b2179ae9691ce7556a,False,03_Lai_tvbs_news,2023-11-29 14:10:00,"(示意圖/Shutterstock達志影像) *民俗說法僅供參考,不代表本新聞網立場* 2024總統大選倒數、候選人、民調分析盡在TVBS 新北耶誕城「桑塔熊回歸」必看光雕秀 活動時間、交通攻略 新北耶誕城「桑塔熊回歸」必看光雕秀 活動時間、交通攻略 露營好禮免費抽!",True,institution_only,True,gate: core_election,False,KEEP,0.7326339483261108,,,True,KEEP,01_news_datasets/03_Lai_tvbs_news_units.csv,1,,7843,req_277d01391d4a45ddb810c59bde8be445,merged_deduped.csv,merged_deduped.csv,L1-07,活動宣傳與情緒氛圍，無政策議題,,,無主權、威脅、認同、動員、價值等國族建構訊號,,赖清德,DPP,news,2023-11
_df573d782516,_df573d782516_u000,"民進黨總統參選人賴清德今(20日)下午將宣布副手人選,他上午10時30分許,在臉書發表長文表示,「即將在今天下午正式向國人宣布,邀請美琴成為我參選 2024 總統大選的競選搭檔,我相信,這是眾所期待的決定,也是最好的決定」。",claim,,"賴清德表示,這幾天台北清晨的氣溫,讓我想起3年前,2020年我與蔡英文總統剛剛贏得大選後的2月,出訪美國在華盛頓特區的天氣,雖然氣溫有些冷冽,但那片萬里無雲的天空,在太陽的照耀下,讓人充滿著希望。","[{""name"": ""賴清德"", ""party"": ""DPP""}, {""name"": ""民進黨"", ""party"": ""DPP""}]",[],False,,cf822465b2c4a681aed983a571aa3530,False,03_Lai_tvbs_news,2023-11-20 10:57:00,"民進黨總統參選人賴清德今(20日)下午將宣布副手人選,他上午10時30分許,在臉書發表長文表示,「即將在今天下午正式向國人宣布,邀請美琴成為我參選 2024 總統大選的競選搭檔,我相信,這是眾所期待的決定,也是最好的決定」。",True,cooccur: actor×institution,True,gate: actor×inst,False,KEEP,0.6090328693389893,,,True,KEEP,01_news_datasets/03_Lai_tvbs_news_units.csv,1,,18275,req_6244551172af455e8fe28684ce102426,merged_deduped.csv,merged_deduped.csv,L1-07,單純選戰與人事宣布，無政策議題,,,單純宣布副手與競選搭檔、無主權/認同/威脅/動員等國族訊號→無,,赖清德,DPP,news,2023-11
_40288ffa3146,_40288ffa3146_u005,(示意圖/Shutterstock達志影像) 更多新聞:政府發錢了!,context,,,[],[],False,,b2017af66836a1850146f6919196c374,False,03_Lai_tvbs_news,2023-01-17 14:45:00,(示意圖/Shutterstock達志影像) 更多新聞:政府發錢了!,True,institution_only,False,,False,KEEP,0.5091656446456909,,,False,REVIEW,01_news_datasets/03_Lai_tvbs_news_units.csv,1,,15634,req_f9ba7fc961214aaba35793abad7fbc61,merged_deduped.csv,merged_deduped.csv,L1-07,僅情緒性呼喊與吸睛標題,,,僅「政府發錢」民生訊息，無主權、認同、威脅或動員語彙→無,,赖清德,DPP,news,2023-01
_7a24efa5f69b,_7a24efa5f69b_u007,"(圖/李鼎國際文化提供) 2024總統大選倒數、候選人、民調分析盡在TVBS 加入《TVBS娛樂頭條》官方LINE帳號,拿熱門旅宿券 加入《TVBS娛樂頭條》官方LINE帳號,拿熱門旅宿券 年度包款100選!",context,,,[],[],False,,db78b9a2f0df97a50cfedc554e5e5f37,False,03_Lai_tvbs_news,2023-11-05 14:05:00,"(圖/李鼎國際文化提供) 2024總統大選倒數、候選人、民調分析盡在TVBS 加入《TVBS娛樂頭條》官方LINE帳號,拿熱門旅宿券 加入《TVBS娛樂頭條》官方LINE帳號,拿熱門旅宿券 年度包款100選!",True,institution_only,True,gate: core_election,False,KEEP,0.559422492980957,,,True,KEEP,01_news_datasets/03_Lai_tvbs_news_units.csv,1,,19373,req_58d5ddfcd49747a68838589ca00fe094,merged_deduped.csv,merged_deduped.csv,L1-07,宣傳媒體與活動，無政策議題,,,純媒體與廣告宣傳，無主權、認同、威脅或動員等國族建構訊號,,赖清德,DPP,news,2023-11
_98fdf6367f34,_98fdf6367f34_u003,2024總統大選倒數、候選人、民調分析盡在TVBS 就是你!,context,,,[],[],False,,e235fe41a6cdc38c76cf57b8f9e0636a,False,03_Lai_tvbs_news,2023-10-18 10:36:00,2024總統大選倒數、候選人、民調分析盡在TVBS 就是你!,True,institution_only,True,gate: core_election,False,KEEP,0.665979266166687,,,True,KEEP,01_news_datasets/03_Lai_tvbs_news_units.csv,1,,19935,req_7254f0cefaf84852b17ccc0c0e99a1e5,merged_deduped.csv,merged_deduped.csv,L1-07,選舉宣傳情緒號召，無政策論證,,,僅選舉宣傳與頻道口號，無主權、威脅、認同或動員內涵→無,,赖清德,DPP,news,2023-10
_93d7f2964820,_93d7f2964820_u001,"先前三月底時,傳出為了防止台灣各種關鍵基礎設施可能成為共軍占領目標,行政院將研議成立「保安警察第八總隊」,據《TVBS》掌握消息,未來成立保八總對的考能性低,較多機率是由保二總隊擴編,不排除警方會增設「刺針飛彈」等設備與訓練。",context,"中國大陸從去年開始頻頻派出共機擾台,甚至多次逾越海峽中線及其延伸線進入西南及東南空域,持續在台海周邊活動,而在蔡英文總統與美國眾院議長會面返國後,共軍更宣布對台軍演。",第二核能發電廠屬於保二第二大隊轄區範圍。,[],[],False,,2e615b7a9d71b7eb14e237c251ad6f20,False,03_Lai_tvbs_news,2023-04-19 16:12:00,"先前三月底時,傳出為了防止台灣各種關鍵基礎設施可能成為共軍占領目標,行政院將研議成立「保安警察第八總隊」,據《TVBS》掌握消息,未來成立保八總對的考能性低,較多機率是由保二總隊擴編,不排除警方會增設「刺針飛彈」等設備與訓練。",True,institution_only,True,gate: taiwanicity=2,True,KEEP,1.0,KEEP,1.0,False,KEEP,01_news_datasets/03_Lai_tvbs_news_units.csv,1,,4119,req_560f81581000449eb03515c7527bfcee,merged_deduped.csv,merged_deduped.csv,L1-03,軍事威脅下基礎設施防護，屬安全議題，非單純警政行政,,L2-05,共軍占領目標、防止關鍵基礎設施被攻→L2-05,,赖清德,DPP,news,2023-04
_8c4ca695210c,_8c4ca695210c_u006,(圖/翻攝自 Marie Claire Korea YouTube) 更多新聞:防彈少年團RM個資外流!,context,A咖韓星逃稅手法一致 韓國會計:就是違法 出道初期的劉亞仁能對著鏡頭侃侃而談。,,[],[],False,,926b3e7c1d30750dfc3d430158c3ea7f,False,03_Lai_tvbs_news,2023-03-02 15:48:00,(圖/翻攝自 Marie Claire Korea YouTube) 更多新聞:防彈少年團RM個資外流!,True,institution_only,False,,False,KEEP,0.4427722692489624,,,False,REVIEW,01_news_datasets/03_Lai_tvbs_news_units.csv,1,,12858,req_919f6dd0b2794918841f6ccf3aae726a,merged_deduped.csv,merged_deduped.csv,L1-07,娛樂新聞情緒渲染，無政治實質,,,純媒體說明與娛樂新聞標題，無主權、認同、威脅或動員等國族建構訊號,,赖清德,DPP,news,2023-03
_d6977b55f226,_d6977b55f226_u000,林安可是統一獅主力打者之一。,context,,(圖/統一獅提供) 吳念庭在日職西武獅二軍表現佳。,[],[],False,,adea4dd9aeb9e17eab8866da5bfa88d9,False,03_Lai_tvbs_news,2023-09-23 09:03:00,林安可是統一獅主力打者之一。,True,institution_only,True,gate: strong_anchor,False,REVIEW,0.1762244701385498,,,False,KEEP,01_news_datasets/03_Lai_tvbs_news_units.csv,1,,15305,req_2cbe6cd040dd461d9cc700b846166532,merged_deduped.csv,merged_deduped.csv,L1-07,單純體育敘述，無政治議題,,,職棒球員介紹，無主權、認同、威脅或動員相關語彙→無,,赖清德,DPP,news,2023-09
_c02509e7402b,_c02509e7402b_u005,"(圖/翻攝自彭啟明臉書) 2024總統大選倒數、候選人、民調分析盡在TVBS 新北耶誕城「桑塔熊回歸」必看光雕秀 活動時間、交通攻略 新北耶誕城「桑塔熊回歸」必看光雕秀 活動時間、交通攻略 快來下載TVBS新聞APP,天天打卡抽咖啡 2024龍年運勢全預測!",context,,,[],[],False,,2f1b4e7ac9b2ce754e260ca0dd591371,False,03_Lai_tvbs_news,2023-12-03 17:19:00,"(圖/翻攝自彭啟明臉書) 2024總統大選倒數、候選人、民調分析盡在TVBS 新北耶誕城「桑塔熊回歸」必看光雕秀 活動時間、交通攻略 新北耶誕城「桑塔熊回歸」必看光雕秀 活動時間、交通攻略 快來下載TVBS新聞APP,天天打卡抽咖啡 2024龍年運勢全預測!",True,institution_only,True,gate: core_election,False,KEEP,0.7062947154045105,,,True,KEEP,01_news_datasets/03_Lai_tvbs_news_units.csv,1,,4169,req_baf333cdd006454ca68db64c48edced1,merged_deduped.csv,merged_deduped.csv,L1-07,宣傳活動與運勢，偏情緒氣氛,,,純活動與宣傳資訊，無主權、認同、威脅、動員等國族建構訊號,,赖清德,DPP,news,2023-12
_d0ba7d4d9870,_d0ba7d4d9870_u002,(圖/賴清德辦公室提供) 2024總統大選倒數、候選人、民調分析盡在TVBS 《2023購車風向球》國人平均買車預算破百萬?,context,"台北市議員林亮君今(18)日宣布因為受到民進黨主席、總統參選人賴清德的國家願景感召,在今日下午正式加入民進黨,入黨推薦人就是賴清德。",,"[{""name"": ""賴清德"", ""party"": ""DPP""}]",[],False,,64f0a220be326d38b76d73953d87a936,False,03_Lai_tvbs_news,2023-09-18 18:40:00,(圖/賴清德辦公室提供) 2024總統大選倒數、候選人、民調分析盡在TVBS 《2023購車風向球》國人平均買車預算破百萬?,True,cooccur: actor×institution,True,gate: taiwanicity=2,True,KEEP,1.0,KEEP,1.0,True,KEEP,01_news_datasets/03_Lai_tvbs_news_units.csv,1,,8884,req_339eb6c856314e2e85075f7fbc98d3f2,merged_deduped.csv,merged_deduped.csv,L1-07,節目與廣告資訊，無實質政治議題,,,僅媒體節目與購車預算宣傳，無主權、認同、威脅或動員語彙→無標籤,,赖清德,DPP,news,2023-09
_622ba4171a5c,_622ba4171a5c_u000,"新北市板橋日前爆發幼兒園餵藥案,不過新北檢對此案做出不起訴處分,國民黨總統參選人侯友宜辦公室執行長金溥聰批評,民進黨總統參選人賴清德造謠不回應、賴辦發言人戴瑋姍「一個漂漂亮亮的女生發生事情就躲得跟老鼠一樣」。",claim,,,"[{""name"": ""賴清德"", ""party"": ""DPP""}, {""name"": ""侯友宜"", ""party"": ""KMT""}, {""name"": ""民進黨"", ""party"": ""DPP""}, {""name"": ""國民黨"", ""party"": ""KMT""}]",[],False,,0937533102bac2a859eb29b153c35c20,False,03_Lai_tvbs_news,2023-07-26 09:56:00,"新北市板橋日前爆發幼兒園餵藥案,不過新北檢對此案做出不起訴處分,國民黨總統參選人侯友宜辦公室執行長金溥聰批評,民進黨總統參選人賴清德造謠不回應、賴辦發言人戴瑋姍「一個漂漂亮亮的女生發生事情就躲得跟老鼠一樣」。",True,cooccur: actor×institution,True,gate: actor×inst,False,REVIEW,0.4199373722076416,,,True,KEEP,01_news_datasets/03_Lai_tvbs_news_units.csv,1,,844,req_edd73a3c56e840d5af6b3bcd42f9147d,merged_deduped.csv,merged_deduped.csv,L1-07,人身攻擊與嘲諷為主，情緒宣洩非道德論證,,,幼兒園餵藥案、造謠批評→僅政黨攻防，無國族、主權、民主、威脅等訊號,,赖清德,DPP,news,2023-07
_41549d2c197a,_41549d2c197a_u001,2024總統大選倒數、候選人、民調分析盡在TVBS 票選最愛旅店再抽眾多好禮!,context,,,[],[],False,,3755eb06ec653a5ca64a560f6f0af535,False,03_Lai_tvbs_news,2023-09-17 21:03:00,2024總統大選倒數、候選人、民調分析盡在TVBS 票選最愛旅店再抽眾多好禮!,True,institution_only,True,gate: core_election,False,KEEP,0.6227245330810547,,,True,KEEP,01_news_datasets/03_Lai_tvbs_news_units.csv,1,,4901,req_e7c64c3bac6a496e965809f55e30e9a4,merged_deduped.csv,merged_deduped.csv,L1-07,選舉宣傳語境但重在活動廣告，情緒,,,純選舉與廣告語，無主權、威脅、認同、動員或價值論述→無,,赖清德,DPP,news,2023-09
_b7342ce20113,_b7342ce20113_u003,熊霓霸氣宣示主權「我是固定班底」 曝與丁柔安不熟 更多新聞:遭胡瓜獨寵!,context,,熊霓霸氣宣示主權「我是固定班底」 曝與丁柔安不熟 許光漢在《青春18x2通往有你的旅程》的青春時期是一名即將進入大學的純情男孩。,[],[],False,,39bb2b690ef13d4bb664cc0c496e9264,False,03_Lai_tvbs_news,2023-10-30 15:26:00,熊霓霸氣宣示主權「我是固定班底」 曝與丁柔安不熟 更多新聞:遭胡瓜獨寵!,True,institution_only,True,gate: strong_anchor,False,KEEP,0.5921202301979065,,,True,KEEP,01_news_datasets/03_Lai_tvbs_news_units.csv,1,,5121,req_6ff2b2620a7a404180b9d78525c3d218,merged_deduped.csv,merged_deduped.csv,L1-07,娛樂花邊情緒語氣，無政策議題,,,「宣示主權」為個人職場地位隱喻，非國家主權；無國族、國家、集體威脅或認同語彙→不觸發任何L2,,赖清德,DPP,news,2023-10
_380bcaa6cf3c,_380bcaa6cf3c_u002,"TVBS前進華府 建立媒體、政界正向互動 記者劉亭廷於參訪華府期間,前往參議院外交委員會與知情人士進行意見交流(圖/TVBS) 記者劉亭廷於TVBS國際講座中,與香港大學生進行採訪經驗分享(圖/TVBS) 香港樹仁大學同學探討香港傳統餅店結業潮新聞專題,刊登於TVBS新聞網 (圖/TVBS) 下載新聞APP,找到通關密語拿大獎 加LINE免費刮刮樂,天天拿千元禮券 王思佳首次攜女同框!",context,"TVBS持續發展國際新聞,強化國際媒體影響力,TVBS外交軍事記者劉亭廷近日更受到「美國東西中心(The East-West Center)」邀請,與印度記者一同前往華府,展開為期三天的「台灣-印度記者對話」,也另外透過國際新聞講座,與香港大學生分享新聞採訪經驗。",,[],[],False,,436bdb248fbfa9b64f75db9fdfa13505,False,03_Lai_tvbs_news,2023-04-21 16:45:00,"TVBS前進華府 建立媒體、政界正向互動 記者劉亭廷於參訪華府期間,前往參議院外交委員會與知情人士進行意見交流(圖/TVBS) 記者劉亭廷於TVBS國際講座中,與香港大學生進行採訪經驗分享(圖/TVBS) 香港樹仁大學同學探討香港傳統餅店結業潮新聞專題,刊登於TVBS新聞網 (圖/TVBS) 下載新聞APP,找到通關密語拿大獎 加LINE免費刮刮樂,天天拿千元禮券 王思佳首次攜女同框!",True,institution_only,True,gate: strong_anchor,False,KEEP,0.5159397125244141,,,False,KEEP,01_news_datasets/03_Lai_tvbs_news_units.csv,1,,5991,req_72fbb208a02e43138cd49718469bc58b,merged_deduped.csv,merged_deduped.csv,L1-07,媒體活動與宣傳，無政策經濟等議題,,L2-01,媒體赴華府交流、國際講座→隱含台灣作為國際行為者形象，可視為軟性主體展演→L2-01,,赖清德,DPP,news,2023-04
