doc_id,unit_id,sentence,role,prev,next,speakers,targets,proc_symbolic_flag,event_phase,unit_hash,unit_dup_flag,source,date,preprocessed_text,hard_rule_keep,hard_rule_reason,policy_gate,policy_gate_reason,priority_keep,semantic_status,semantic_similarity,nli_status,nli_score,key_hit,final_status,_source_file,_corpus_tier,debate_short_review,id,custom_id,source_file,source_relpath,L1_label,L1_reasoning,L1_error,L2_labels,L2_reasoning,L2_error
_4b53590f421b,_4b53590f421b_u001,"〔記者楊丞彧/台北報導〕為與台灣深化經貿合作與促進雙邊投資,美國維吉尼亞州來台設立辦事處,今(19)日舉行開幕儀式。",context,,"維吉尼亞州商貿部長梅里克(Caren Merrick)致詞時表示,維州航太及國防產業相當著名,並發展以創意及高科技為導向的經濟,盼深化與台灣雙邊投資與貿易合作。",[],[],False,,309d63a3c927bef2e048067f875f4b5c,False,02_Ke_ltn_news,2023-09-19 19:19:20,"(記者王藝菘攝) 2023/09/19 19:19 〔記者楊丞彧/台北報導〕為與台灣深化經貿合作與促進雙邊投資,美國維吉尼亞州來台設立辦事處,今(19)日舉行開幕儀式。",True,institution_only,False,,False,KEEP,0.5244425535202026,,,False,REVIEW,01_news_datasets/02_Ke_ltn_news_units.csv,1,,4300,req_8593ada2b2c74b47956f890a4c072a1e,merged_deduped.csv,merged_deduped.csv,L1-01,主題為經貿合作與投資，排除施政管理,,L2-01|L2-07,美國州政府來台設立辦事處、深化經貿合作→以台灣為對等行為主體→L2-01；經貿合作願景→L2-07,
_188fd5a9860a,_188fd5a9860a_u011,"他並邀請華德動能到瓜地馬拉投資設廠,行銷整個拉丁美洲。",context,"賈麥岱肯定台灣政府及企業在創新與環境友善產業展現的前瞻跟遠見,深信瓜地馬拉與中華民國的友誼,在雙邊合作、穩固及永久邦交的關係,以及密切的經貿學術交流下,一定能碰撞出更創新及互惠互利的產業投資契機。","蔡英文總統和正訪台的瓜地馬拉總統賈麥岱昨一同出席台灣首間「瓜地馬拉咖啡形象館」開幕活動,並為將巡迴全台的瓜地馬拉咖啡胖卡車剪綵。",[],[],False,,fa730276a2e9dc3917e74608de3a698f,False,03_Lai_ltn_news,2023-04-27 05:30:00,"他並邀請華德動能到瓜地馬拉投資設廠,行銷整個拉丁美洲。",True,institution_only,False,,False,DROP,0.1767527163028717,DROP,-0.0593701004981994,False,REVIEW,01_news_datasets/03_Lai_ltn_news_units.csv,1,,22070,req_af4c15641f0e495eac25836dddafdbb5,merged_deduped.csv,merged_deduped.csv,L1-01,投資設廠與市場行銷屬經濟合作，非單純外交,,L2-01,雙邊投資設廠、行銷拉丁美洲→國家作為經貿主體→L2-01；無明顯動員語氣→不選L2-07,
_4b53590f421b,_4b53590f421b_u005,"他說,此份備忘錄說明台灣作為維州投資合作夥伴的重要性。",claim,"維吉尼亞州商貿部長梅里克(Caren Merrick)致詞時表示,維州航太及國防產業相當著名,並發展以創意及高科技為導向的經濟,盼深化與台灣雙邊投資與貿易合作。","而這不僅關乎晶片或半導體產業,也包含電動車、電池、健康照護,甚至珍珠奶茶等公司。",[],[],False,,282fe7120086fb208fcb4da473affc2b,False,02_Ke_ltn_news,2023-09-19 19:19:20,"他說,此份備忘錄說明台灣作為維州投資合作夥伴的重要性。",True,institution_only,False,,False,KEEP,0.4722868204116821,,,False,REVIEW,01_news_datasets/02_Ke_ltn_news_units.csv,1,,3587,req_e9f4140e1f8740faab52751a3b55cd28,merged_deduped.csv,merged_deduped.csv,L1-01,投資合作與產業合作屬經濟議題，非政策本身,,L2-01,台灣作為投資合作夥伴→預設主體地位→L2-01；無其他威脅/動員/價值等訊號,
_52a638378148,_52a638378148_u007,"「我們一起在這10幾年當中,為了東部的發展,通過花東發展條例10年400億元的經費來挹注東部。」 蕭美琴說:「我跟賴清德可以跟賴坤成一樣,我們可以從全台灣的視野來看台灣,不只是台北的角度來看台灣,我們甚至是可以從世界的視野來看台灣,就像賴坤成希望把台東變成南島的首都一樣,我們要有這個企圖,因為我們都是南島的子民、我們都有能力可以面對世界的歷史跟傳統、文化。」 蕭美琴指出,她在花蓮這些年結交很多原住民朋友,「過去每次參選立委,原住民朋友都說可惜不能投給你,因為我是區域的立法委員,可是這一次我所有的原住民朋友終於可以投票給我了。」也希望大家一起支持,讓台灣的未來更好。",claim,"蕭美琴說:「蔡英文主席派我到東部來經營,從那天開始我跟賴坤成就一起攜手在東部一起服務、一起開拓,事實上,14年前到花蓮參與立法委員補選時,賴坤成才剛當選台東區域立委,他剛當選沒幾天就揮軍北上幫我輔選,雖然我第一次沒有成功,但是我留下來繼續經營,賴坤成也幫了我很多。」 蕭美琴表示,自己跟民進黨總統候選人賴清德是3組候選人裡面,唯一在台北以外的地方參政過、經營過。","到場為黨籍候選人助講的行政院長陳建仁,則是提出蔡英文政府8年來的經濟、勞工、衛生、教育、交通等各項政策,以國際都在關注台灣這場大選的重要性,呼籲民眾若未來能享有自由民主法治、和平繁榮,一定要投給民進黨。","[{""name"": ""賴清德"", ""party"": ""DPP""}, {""name"": ""蕭美琴"", ""party"": ""DPP""}]",[],False,,6667e0cf53edcfabeab16d0dd3f9449c,False,02_Ke_chinatimes_news,2024-01-07 17:25:00,"「我們一起在這10幾年當中,為了東部的發展,通過花東發展條例10年400億元的經費來挹注東部。」 蕭美琴說:「我跟賴清德可以跟賴坤成一樣,我們可以從全台灣的視野來看台灣,不只是台北的角度來看台灣,我們甚至是可以從世界的視野來看台灣,就像賴坤成希望把台東變成南島的首都一樣,我們要有這個企圖,因為我們都是南島的子民、我們都有能力可以面對世界的歷史跟傳統、文化。」 蕭美琴指出,她在花蓮這些年結交很多原住民朋友,「過去每次參選立委,原住民朋友都說可惜不能投給你,因為我是區域的立法委員,可是這一次我所有的原住民朋友終於可以投票給我了。」也希望大家一起支持,讓台灣的未來更好。",True,cooccur: actor×institution,True,gate: taiwanicity=2,True,KEEP,1.0,KEEP,1.0,True,KEEP,01_news_datasets/02_Ke_chinatimes_news_units.csv,1,,8995,req_ae699a861026466c84ad929fbf77cc77,merged_deduped.csv,merged_deduped.csv,L1-01,問題定義=東部發展與投資→經濟，非單純政策機制,,L2-01|L2-04|L2-07,「從全台灣/世界視野看台灣」→L2-01；「把台東變成南島首都」「讓台灣的未來更好」→L2-07；「南島的子民、面對世界的歷史跟傳統、文化」→L2-04,
_f5c022628fef,_f5c022628fef_u004,"此外,台灣也希望能夠加入區域經濟組織,並已對跨太平洋夥伴全面進步協定(CPTPP)提出申請,若能透過美國協助順利加入,有助台灣與整個區域經濟發展。",context,"台灣非常希望經由RSC的協助,加強台美之間的經貿關係,賴清德指出,台美目前已完成台美21世紀貿易倡議第一階段簽署,盼能繼續完成後續完整的倡議,逐步簽訂雙邊貿易協定。","尤其台積電已經到美國投資,台灣將此視為重組產業鏈的一部分,台灣政府也會協助台積電的對外投資,賴清德請美國國會幫忙,讓台美能簽署避免雙重課稅協定。",[],[],False,,5d131b545e2fedfe37e9d69235ea249b,False,02_Ke_chinatimes_news,2023-07-04 13:26:00,"此外,台灣也希望能夠加入區域經濟組織,並已對跨太平洋夥伴全面進步協定(CPTPP)提出申請,若能透過美國協助順利加入,有助台灣與整個區域經濟發展。",True,cooccur: actor×institution,True,gate: actor×inst,False,KEEP,0.454359233379364,,,True,KEEP,01_news_datasets/02_Ke_chinatimes_news_units.csv,1,,8180,req_4f42350fbd0b405b8b4940040a03ad60,merged_deduped.csv,merged_deduped.csv,L1-01,主題為區域經貿與產業發展，非施政程序,,L2-01|L2-03|L2-07,"加入區域經濟組織、申請CPTPP→L2-03；透過美國協助、助台灣與區域發展→主權行為與願景→L2-01,L2-07",
_d6a4cb220d0e,_d6a4cb220d0e_u008,"在經濟發展方面,賴清德期許台灣企業在經濟上能成為日不落國,立足台灣、布局全球,商品行銷到全世界。",context,"同時,只要兩岸交流能維持對等尊嚴,並兼顧兩岸人民福祉,我們對交流及合作的大門永遠是敞開的。","他提到,「台美廿一世紀貿易倡議」首批協定完成簽署,日前也在美國參、眾兩院通過,我行政院已送請立法院排入臨時會議程審議。","[{""name"": ""賴清德"", ""party"": ""DPP""}]",[],False,,4964310d022165654809ef99ef2b5882,False,03_Lai_ltn_news,2023-07-22 05:30:00,"在經濟發展方面,賴清德期許台灣企業在經濟上能成為日不落國,立足台灣、布局全球,商品行銷到全世界。",True,cooccur: actor×institution,True,gate: actor×inst,False,REVIEW,0.3689597845077514,,,True,KEEP,01_news_datasets/03_Lai_ltn_news_units.csv,1,,6528,req_580ee0c74a034249828ddd935afc1916,merged_deduped.csv,merged_deduped.csv,L1-01,談企業全球布局與經濟發展，排除施政管理,,L2-01|L2-06|L2-07,台灣企業成為日不落國→L2-06；立足台灣、布局全球、行銷全世界之願景→L2-07；以台灣為主體參與全球經濟→L2-01,
_11388365778a,_11388365778a_u012,"他希望,台日人員互訪、經濟交流更加擴大,台灣活躍在各種不同國際場合,身為鄰國的日本都會支持,希望台日未來更上層樓、共同發展。",claim,"前原誠司說,他個人也期盼台灣有機會加入CPTPP,會竭盡所能,從旁協助。",(編輯:郭無患)1120703 會晤日本在野黨訪團 柯文哲:盼重啟美日台溝通平台 會見游錫堃 日本在野黨訪團:支持台灣加入CPTPP 賴清德:放棄主權的和平是假和平 籲支持守護主權者 侯友宜不排斥侯習會 促賴清德說清楚贊成或反對台獨,[],[],False,,4bad9d36c194512ef33f1ee6b5961023,False,02_Ke_chinatimes_news,2023-07-03 12:15:00,"他希望,台日人員互訪、經濟交流更加擴大,台灣活躍在各種不同國際場合,身為鄰國的日本都會支持,希望台日未來更上層樓、共同發展。",True,institution_only,True,gate: 2 inst terms,False,KEEP,0.5016419291496277,,,True,KEEP,01_news_datasets/02_Ke_chinatimes_news_units.csv,1,,6728,req_71a0f7e55c754d6f93d3d161f2e2c884,merged_deduped.csv,merged_deduped.csv,L1-01,主軸為台日經濟交流與共同發展，排除L1-03,,L2-01|L2-07,台灣活躍於國際場合→L2-01；台日共同發展、支持→L2-07,
_0f5042991ad4,_0f5042991ad4_u010,"賴副總統說,數位轉型時代已經來臨,可以預見未來將全面智慧化,包括數位製造、數位金融、智慧家庭、智慧城市、甚至智慧國家等,對於每一個國家都是很大的挑戰,但這是台灣的機會,應該要掌握。",claim,"賴副總統指出,為了發揮金融的力量,政府在去年9月發布「綠色金融行動方案3.0」,鼓勵金融機構從自身淨零減碳做起,再透過對投資標的碳盤查等,驅動產業致力於減碳轉型。","賴副總統表示,未來他將結合台灣各界力量推動國家希望工程,打造創新繁榮的台灣,以創新驅動的經濟發展模式,積極投資下一代的科技創新,包括人工智慧、半導體、量子電腦、低軌道衛星及太空科技等產業,走在時代的前端。",[],[],False,,3bd6a6728e9486a0fd2d0a3a82e2e5b6,False,03_Lai_chinatimes_news,2023-10-12 19:56:00,"賴副總統說,數位轉型時代已經來臨,可以預見未來將全面智慧化,包括數位製造、數位金融、智慧家庭、智慧城市、甚至智慧國家等,對於每一個國家都是很大的挑戰,但這是台灣的機會,應該要掌握。",True,cooccur: actor×institution,True,gate: taiwanicity=2,True,KEEP,1.0,KEEP,1.0,True,KEEP,01_news_datasets/03_Lai_chinatimes_news_units.csv,1,,5284,req_89fed2c3fd1a487f90e1aaec1b54ef8d,merged_deduped.csv,merged_deduped.csv,L1-01,數位與智慧化帶來產業與經濟機會→經濟；非單純施政管理,,L2-01|L2-07,智慧國家→L2-01；這是台灣的機會、應該要掌握→L2-07,
_e8e580456b55,_e8e580456b55_u000,"begins today with the theme “Rebuilding Trust &amp; Reigniting Global Solidarity,” yet  a peace-loving democracy vital to the global economy &amp;",context,,,[],[],False,,adfe4162d3868d2822d794c95dde4e62,False,01_Hou_X_datasets,2023-09-05 23:59:00,,,,,,,,,,,,,03_X_datasets/01_Hou_X_datasets_units.csv,2,,15311,req_5befe3b11cac4b5cbcbc913d4875de65,merged_deduped.csv,merged_deduped.csv,L1-01,提到和平民主與全球經濟重要性，屬經濟脈絡,,L2-01|L2-03|L2-06|L2-07|L2-08,peace-loving democracy→L2-08；vital to the global economy→國家成就/重要性→L2-06；全球團結/solidarity→共同體願景→L2-07；隱含作為國際行為主體→L2-01；國際場域/全球→L2-03,
_b17f2fe5f024,_b17f2fe5f024_u008,"蔡總統說,政府強化基礎建設,讓台灣經濟發展穩定向前,利用產業優勢發展國防產業,成為世界關鍵角色。",claim,"蔡總統表示,選舉時會有一些競爭,台灣優質的民主,國際評比為亞洲第一,一個遭受外來威脅的國家,還能堅持走自由民主的路,真的很不簡單,這也是台灣共同的資產。","希望目前所做的事,未來總統可接手,帶領人民繼續走下去,也希望有優質立委能幫助行政部門,讓地方需求、建設,可以用國家力量支持。",[],[],False,,fad9d5e600d64b29901ad514c0404b56,False,02_Ke_chinatimes_news,2023-12-30 14:08:00,"蔡總統說,政府強化基礎建設,讓台灣經濟發展穩定向前,利用產業優勢發展國防產業,成為世界關鍵角色。",True,institution_only,True,gate: taiwanicity=2,True,KEEP,1.0,KEEP,1.0,True,KEEP,01_news_datasets/02_Ke_chinatimes_news_units.csv,1,,22106,req_3a1869f350df4321b515fe450698408b,merged_deduped.csv,merged_deduped.csv,L1-01,問題定義=經濟與產業發展，非單純施政,,L2-01|L2-06|L2-07,強化基礎建設帶動經濟、成為世界關鍵角色→成就/願景自豪L2-06；打造國防產業、世界關鍵角色→願景動員L2-07；以台灣為世界關鍵角色→主體性展演L2-01,
_681361ab8a70,_681361ab8a70_u010,"古屋表示,日華懇已訂定基本方針,全面支持台灣加入CPTPP,且非常努力對日本各政府單位發公文。",claim,"會談時,柯文哲主動詢問台灣要加入CPTPP,古屋等人能否提供建議。","他說,一度在日本有部分食品(指福島等5縣食品)無法出口到台灣,在台灣當局努力下,終於大幅解禁,台灣要加入CPTPP的障礙算是消除了。",[],[],False,,c83f202d3cc75528c24d3862ee94063f,False,02_Ke_chinatimes_news,2023-06-05 22:59:00,"古屋表示,日華懇已訂定基本方針,全面支持台灣加入CPTPP,且非常努力對日本各政府單位發公文。",True,cooccur: actor×institution,True,gate: actor×inst,False,KEEP,0.4865503013134002,,,False,KEEP,01_news_datasets/02_Ke_chinatimes_news_units.csv,1,,17636,req_8cf78b7329a543e29f42af34590300ad,merged_deduped.csv,merged_deduped.csv,L1-01,國際經貿協定與貿易支持，排除施政管理,,L2-01|L2-03,支持台灣加入CPTPP→國際規範與組織參與權→L2-03；以台灣為對象的國際政治行動→主權主體預設→L2-01,
_47a837f7f64a,_47a837f7f64a_u016,"但如今柯文哲立場出現重大轉變,他在台灣外籍記者聯誼會上表示,立法院通過「兩岸協議監督條例」後,就可以與中國洽談相關貿易協議。",claim,"早在2014年,他就曾支持學生領導的太陽花學運,迫使當時的國民黨政府放棄與北京擬議的經濟協議。","柯文哲說:「之後,貨物貿易應該先於服務貿易...循序漸進。」他指出,中國仍是台灣最重要的市場。","[{""name"": ""柯文哲"", ""party"": ""TPP""}]","[""立法院|institution"", ""兩岸|cross-strait""]",False,,ee3e0042be44cc45b53ba2c7ab9934eb,False,01_Ho_chinatimes_news,2024-01-06 21:12:00,"但如今柯文哲立場出現重大轉變,他在台灣外籍記者聯誼會上表示,立法院通過「兩岸協議監督條例」後,就可以與中國洽談相關貿易協議。",True,cooccur: actor×institution,True,gate: taiwanicity=2,True,KEEP,1.0,KEEP,1.0,True,KEEP,01_news_datasets/01_Ho_chinatimes_news_units.csv,1,,21017,req_6e1b218166404be2b5b904879b0a04d2,merged_deduped.csv,merged_deduped.csv,L1-01,兩岸經貿協議與市場敘事屬經濟，非主權安全,,L2-01,兩岸協議監督條例規範台中互動→L2-01；與中國洽談協議、貿易協議→主權行為展演→L2-01,
_2a5d6a86f466,_2a5d6a86f466_u007,(編輯:郭諭儒)1120916 賴清德雲林廟宇參拜 國民黨議長沈宗隆同框 經濟部:賴清德老家非礦業用地 地目變更屬地方職權 雲林陸配中風無法返鄉辦除籍 海基會助獲定居證 台大培育離岸風電人才國家隊 促進產業發展,context,"透過 Google News 賴清德則讚許劉建國致力於濁水溪揚塵治理,以前吃飯配沙,現在明顯改善,此外劉建國在中央一直爭取國家級高齡健康及長照研究中心設置在雲林縣,針對台灣人口老化超前部屬,打造健康的台灣,讓大家身體健康。",,"[{""name"": ""賴清德"", ""party"": ""DPP""}, {""name"": ""國民黨"", ""party"": ""KMT""}]",[],False,,789683bedca585c653b9ca865b65fbf3,False,03_Lai_chinatimes_news,2023-09-16 14:53:00,"(編輯:郭諭儒)1120916 賴清德雲林廟宇參拜 國民黨議長沈宗隆同框 經濟部:賴清德老家非礦業用地 地目變更屬地方職權 雲林陸配中風無法返鄉辦除籍 海基會助獲定居證 台大培育離岸風電人才國家隊 促進產業發展 本網站之文字、圖片及影音,非經授權,不得轉載、公開播送或公開傳輸及利用。",True,cooccur: actor×institution,True,gate: actor×inst,False,KEEP,0.5158031582832336,,,True,KEEP,01_news_datasets/03_Lai_chinatimes_news_units.csv,1,,10577,req_1a033ecbb8d641f3b733dfb8bc68145b,merged_deduped.csv,merged_deduped.csv,L1-01,離岸風電人才國家隊促進產業發展→經濟；非施政管理,,L2-01|L2-07,離岸風電人才國家隊→國家作為行為主體→L2-01；促進產業發展願景→L2-07,
萧美琴专访_d60ae253e66a,萧美琴专访_d60ae253e66a_u121,"萧美琴: 确实是很棘手,因为我们一直想要深化跟美国的经贸关系那我记得有一位以前布什时代的官员曾经跟我说当年他们在跟韩国谈自由贸易协议的时候曾经有内部讨论要不要也跟台湾启动可是那个时候几乎是一面倒的不认为台湾已经准备好也。",claim,"当然是会更容易啦那我觉得台湾民意是有几项共识是可以让我们很清楚的去向美方做说明的包含对我们整个现在的这个想要维护和平的决心那维持现状等等这些在民意各种的指标上都有一定的的这个共识那另外,在经济上面跟美国的经济上有能够进一步的发展包含我们多年来在争取的贸易谈判啦",萧美琴: 他们觉得台湾应该要展现一个跟国际接轨的的努力跟标准。,"[{""name"": ""萧美琴"", ""party"": ""DPP""}]",[],False,,804a646139852136dd89580934e03a27,False,萧美琴专访,,"萧美琴: 确实是很棘手,因为我们一直想要深化跟美国的经贸关系那我记得有一位以前布什时代的官员曾经跟我说当年他们在跟韩国谈自由贸易协议的时候曾经有内部讨论要不要也跟台湾启动可是那个时候几乎是一面倒的不认为台湾已经准备好也。",True,cooccur: actor×institution,True,gate: actor×inst,False,KEEP,0.642885983,,,False,KEEP,02_conference_datasets/Interview_Xiao_units.csv,3,,11274,req_bd309d44051142179ce89940fb7c6c02,merged_deduped.csv,merged_deduped.csv,L1-01,談台美自由貿易協議與經貿關係，屬經濟非施政,,L2-01|L2-03|L2-07,深化跟美經貿關係、談自由貿易協議→國際經貿規範L2-03；以台灣為談判主體→主權行為者L2-01；經貿願景深化→動員願景L2-07,
_3c5ce1c98c79,_3c5ce1c98c79_u015,"今年,台灣不僅和美國達成首批「台美21世紀貿易倡議」簽署,也陸續與菲律賓、印度和越南簽署更新投資協定,而台加「投資促進及保障協議」也啟動談判,種種的努力與成果,讓國際社會看見台灣,深化與台灣的連結。",context,"「過去,民進黨站在第一線對抗專制獨裁政權,如今,我們的新使命是守護台灣,並且促進台灣的民主、和平與繁榮。」 宣言也指出,民進黨身為執政黨,從2016年以來,推動各項經濟政策,持續壯大台灣,也積極連結國際盟友,加強合作。","「台灣需要世界,世界也需要台灣。」台灣以具體行動,成為民主陣營的堅實夥伴,國際挺台聲量也與日俱增。",[],[],False,,8a2959bfc2f5554ab2ee3b2483b1f630,False,03_Lai_ltn_news,2023-07-16 16:36:43,"今年,台灣不僅和美國達成首批「台美21世紀貿易倡議」簽署,也陸續與菲律賓、印度和越南簽署更新投資協定,而台加「投資促進及保障協議」也啟動談判,種種的努力與成果,讓國際社會看見台灣,深化與台灣的連結。",True,institution_only,True,gate: 3 inst terms,False,KEEP,0.4739164113998413,,,False,KEEP,01_news_datasets/03_Lai_ltn_news_units.csv,1,,12157,req_e63d3b580ae74c5690053b53e50a64a8,merged_deduped.csv,merged_deduped.csv,L1-01,國際經貿協定與投資連結，非安全主權,,L2-01|L2-03|L2-06,與多國簽署協定、啟動談判→主權行為展演L2-01；國際社會看見台灣、深化連結→國際肯定成就L2-06；多邊協定與國際連結作為論據→L2-03,
_f951a121e372,_f951a121e372_u012,"就業方面,台灣去年有派投資團和企業團參訪,可以在電動汽車、食品加工和紡織業上合作,目前有初步草案,經濟部長王美花也會到巴拉圭做進一步的洽談與合作。",context,"賴副總統舉例,教育方面,兩國已經建立了台巴科技大學;","透過 Google News 賴副總統也說,感謝僑胞的努力,讓國際社會看到台灣,也感謝全國人民的努力,讓台灣的實力越來越強,讓國際社會看到台灣是一股良善的力量。",[],[],True,,b60bd15b676bbdfda7e558d5dc62be9b,False,02_Ke_chinatimes_news,2023-08-18 06:56:00,"就業方面,台灣去年有派投資團和企業團參訪,可以在電動汽車、食品加工和紡織業上合作,目前有初步草案,經濟部長王美花也會到巴拉圭做進一步的洽談與合作。",True,institution_only,True,gate: 3 inst terms,False,REVIEW,0.3320763707160949,,,True,KEEP,01_news_datasets/02_Ke_chinatimes_news_units.csv,1,,16004,req_ea89f09623bb4c03a50ec12cc3cdff12,merged_deduped.csv,merged_deduped.csv,L1-01,對外投資與產業合作屬經濟議題，排除L1-06,,L2-01|L2-07,對外投資團、部長赴巴拉圭洽談合作→以國家行為者身分從事經貿外交→L2-01；經貿合作願景→L2-07,
_988d79121a4c,_988d79121a4c_u006,"巴拉圭反對黨主張逐步向北京靠攏,稱與台灣的正式外交關係,損害了該國農產品出口中國的利益;",claim,"批評人士則表示,貝尼亞屬於脫離現實的精英階層,且缺乏從政經驗,不過是前總統卡提斯(Horacio Cartes)的傀儡罷了。","貝尼亞卻執意維繫台巴邦交,堅稱「絕不會這樣做」。",[],[],False,,c269f2beb5ff27ddb5191b8f44c98ac5,False,03_Lai_ltn_news,2023-08-16 09:24:16,"巴拉圭反對黨主張逐步向北京靠攏,稱與台灣的正式外交關係,損害了該國農產品出口中國的利益;",True,institution_only,True,gate: strong_anchor,False,KEEP,0.4251401424407959,,,False,KEEP,01_news_datasets/03_Lai_ltn_news_units.csv,1,,17090,req_09b85fa993894812b8ea9b0a64361ca4,merged_deduped.csv,merged_deduped.csv,L1-01,主題為農產品出口利益的經貿考量，非主權安全,,L2-01|L2-05,與台灣的正式外交關係→主權行為預設→L2-01；外交選邊影響利益→國家層級利害→L2-05,
_cea778b68875,_cea778b68875_u023,"從貿易便捷化到中小企業的就業和成長,乃至各項全球新興的貿易議題,臺美將簽署自1979年以來,最全面性的貿易協定。",context,"就在昨天,臺美雙方共同宣布,「台美21世紀貿易倡議」首批協定內容。","這不只是讓臺美經貿關係,邁向新的里程碑,也為臺灣和主要貿易國家洽簽貿易協定,跨出重要的一步。",[],[],False,,b9315684a7c20a4725f93cb1efdf5b6f,False,03_Lai_ltn_news,2023-05-20 10:51:47,"從貿易便捷化到中小企業的就業和成長,乃至各項全球新興的貿易議題,臺美將簽署自1979年以來,最全面性的貿易協定。",True,institution_only,True,gate: 2 inst terms,False,REVIEW,0.1560586243867874,KEEP,0.8675375506281853,False,KEEP,01_news_datasets/03_Lai_ltn_news_units.csv,1,,16273,req_2b28924e6ad54cf68945969e5ede5c96,merged_deduped.csv,merged_deduped.csv,L1-01,主題為台美貿易與就業成長，屬經濟,,L2-01|L2-06,台美將簽署貿易協定→主權行為展演L2-01；最全面性協定→成就/里程碑隱含自豪L2-06,
_5ca61db1548b,_5ca61db1548b_u009,"跨足晶片有內部需求因素,「同時我們也想要確保供應鏈安全」,他說數年前便開始分析、接觸多個潛在合作對象,直到2021年底,經立陶宛和台灣政府牽線、與工研院商談後,才終於成形。",claim,"他在中央社專訪中表示,自製晶片的構想其實早在台灣與立陶宛外交關係突飛猛進之前就開始。","Teltonika的半導體藍圖包括晶片設計中心、8吋晶圓廠、封裝及測試廠,以及供電模組的組裝測試廠,企圖心很大。",[],[],False,,47d8dc488d34cf3d213abb9c9b468d02,False,03_Lai_chinatimes_news,2023-07-18 12:17:00,"跨足晶片有內部需求因素,「同時我們也想要確保供應鏈安全」,他說數年前便開始分析、接觸多個潛在合作對象,直到2021年底,經立陶宛和台灣政府牽線、與工研院商談後,才終於成形。",True,institution_only,True,gate: 3 inst terms,False,KEEP,0.4321932196617126,,,False,KEEP,01_news_datasets/03_Lai_chinatimes_news_units.csv,1,,6394,req_2205340ac80242d793be579b12de0cac,merged_deduped.csv,merged_deduped.csv,L1-01,供應鏈安全屬經濟安全與產業布局，非國防,,L2-01|L2-05,供應鏈安全→L2-05；台灣政府牽線合作→L2-01,
_b2bd813b7466,_b2bd813b7466_u002,"外交部表示,期盼訪賓此行更了解台灣與比利時、歐洲經貿合作現況,未來持續協助拓展各領域實質關係。",claim,首次上稿 00:13更新時間 06:08 〔記者呂伊萱/台北報導〕比利時前副總理戴古特(Karel De Gucht)訪問台灣。,"戴古特於4月25日至28日訪台,外交部25日發布新聞稿表達誠摯歡迎。",[],[],False,,fe2133e6a08e86145b66dc1e3411fcc3,False,02_Ke_ltn_news,2023-04-26 06:08:39,"外交部表示,期盼訪賓此行更了解台灣與比利時、歐洲經貿合作現況,未來持續協助拓展各領域實質關係。",True,institution_only,True,gate: taiwanicity=2,True,KEEP,1.0,KEEP,1.0,False,KEEP,01_news_datasets/02_Ke_ltn_news_units.csv,1,,22391,req_7325bc55a858413aa0ff4babbb6d70b0,merged_deduped.csv,merged_deduped.csv,L1-01,經貿合作與關係拓展，非主權安全,,L2-01,外交部發言+拓展實質關係→主權行為展演L2-01；無威脅/價值/動員等其他明顯訊號,
_ebdeee25b40f,_ebdeee25b40f_u010,"蔡英文特別強調,高階文官應充實自我的國際競爭力,全球政經局勢快速變化,確保國家安全,維持經濟成長,就要和國際社會密切交流,台灣與世界接軌的腳步不能停歇,好的英語能力可以為台灣發聲,讓世界看見台灣。",claim,"蔡英文對高階文官提出4點期許,首先是「打造淨零時代競爭力」,希望政府與民間齊心努力,讓台灣朝永續發展邁開大步;","考試院長黃榮村則表示,今天開訓的課程是高階文官團的前端,因武肺疫情,全世界發現到台灣在半導體和晶片有足可影響世界的實力,這也是因為文官體系擁有高瞻遠矚能力,協助科學園區建置,有效透過國科會等跨部會合作、大學高階人才培育等良好政策,匯聚各方力量才使台灣有今日的表現,期許最高階的文官們為國家再創高峰。",[],[],False,,ed432aa24f41a4f9f88d3eeaf91f9b9a,False,03_Lai_ltn_news,2023-05-12 10:17:02,"蔡英文特別強調,高階文官應充實自我的國際競爭力,全球政經局勢快速變化,確保國家安全,維持經濟成長,就要和國際社會密切交流,台灣與世界接軌的腳步不能停歇,好的英語能力可以為台灣發聲,讓世界看見台灣。",True,institution_only,True,gate: 3 inst terms,False,KEEP,0.6135002374649048,,,True,KEEP,01_news_datasets/03_Lai_ltn_news_units.csv,1,,20935,req_8289c55bc9124394987b97b98b2a0461,merged_deduped.csv,merged_deduped.csv,L1-01,主軸經濟與國際競爭力，非安全威脅,,L2-01|L2-05|L2-06|L2-07,國家安全→L2-05；為台灣發聲、讓世界看見台灣→L2-06；與世界接軌腳步不能停歇→L2-07；國家安全作為目標→L2-01？（偏安全化）,
_60989024f60c,_60989024f60c_u013,"賴清德副總統昨接見日本自民黨熊本國會議員訪台團時說,地緣政治衝突,全球正尋找值得信賴且安全的產業鏈,使台積電到熊本縣投資具重大意義。",claim,"黨秘書長許立明會中提及,爭取國民黨總統提名的鴻海創辦人郭台銘近期聲量升高,與新北市長侯友宜的支持度已打平。","自民黨副幹事長坂本哲志眾議員則祝福賴清德在明年總統大選旗開得勝,繼續為台日關係打拚。","[{""name"": ""賴清德"", ""party"": ""DPP""}]",[],False,,6e8470617fcf7e3546f2c6fc5078362a,False,01_Ho_ltn_news,2023/5/4 5:30,"賴清德副總統昨接見日本自民黨熊本國會議員訪台團時說,地緣政治衝突,全球正尋找值得信賴且安全的產業鏈,使台積電到熊本縣投資具重大意義。",True,cooccur: actor×institution,True,gate: taiwanicity=2,True,KEEP,1.0,KEEP,1.0,True,KEEP,01_news_datasets/01_Ho_ltn_news_units.csv,1,,9686,req_8182167955aa4c19bf7e72bdd58edd5b,merged_deduped.csv,merged_deduped.csv,L1-01,主題為產業鏈與投資經濟意義，非安全威脅,,L2-01|L2-05|L2-06,副總統接見日本國會議員訪台團→主權展演L2-01；地緣政治衝突、尋找安全產業鏈→威脅感L2-05；台積電投資具重大意義→成就/自豪L2-06,
_44508b312d83,_44508b312d83_u004,"賴副總統指出,人工智慧(AI)的時代來臨,未來不會AI就像現在不會電腦一樣,政府有責任將台灣打造為AI服務在亞太的樞紐,吸引國際公司來投資設點,並讓AI產業化,進一步協助中小企業升級轉型。",claim,"他說,過去擔任行政院長時,他提出優化創新創業生態系,內容包含人才培育、鼓勵早期資金投注、鬆綁法令或建立新的沙盒環境,希望台灣能接軌國際,成為亞太新創樞紐,未來他會在這些基礎上持續推動,讓每個有夢想的年輕人都能得到政府支持、民間合作。","透過 Google News 此外,賴副總統說,他將建立前瞻科技研發創新平台、軟體研發平台、淨零科技研發平台,且科技是為了解決人類生活上面臨的各種問題,所以他非常重視人文社會科學及跨領域科技研究,兩者並重才能打造和諧包容社會。",[],[],False,,9ba343fa30dce6a6fa907aff2fdd1eb4,False,03_Lai_chinatimes_news,2023-10-24 14:06:00,"賴副總統指出,人工智慧(AI)的時代來臨,未來不會AI就像現在不會電腦一樣,政府有責任將台灣打造為AI服務在亞太的樞紐,吸引國際公司來投資設點,並讓AI產業化,進一步協助中小企業升級轉型。",True,cooccur: actor×institution,True,gate: taiwanicity=2,True,KEEP,1.0,KEEP,1.0,True,KEEP,01_news_datasets/03_Lai_chinatimes_news_units.csv,1,,13708,req_4792b3d60d5944c1bad11a0de33b0bfe,merged_deduped.csv,merged_deduped.csv,L1-01,AI與產業升級、吸引投資屬經濟發展框架，非單純政策機制,,L2-01|L2-07,將台灣打造為AI樞紐→願景動員L2-07；吸引國際公司投資設點、亞太樞紐→主權行為預設L2-01,
_c0d896f2eb65,_c0d896f2eb65_u010,"針對基隆捷運經費龐大,議長童子瑋(左一)表示這是基隆20年「轉骨」的機會,基隆不能失去主體性。",claim,"他認為最重要的,是地方政府要提出確切的規劃構想與明確的窒礙難行之處,對地方的民意期待負責,讓與中央的溝通討論能更有交集。",,[],[],False,,68980f3070568d74525514dbd8fb6324,False,01_Ho_ltn_news,2023/3/7 16:34,"針對基隆捷運經費龐大,議長童子瑋(左一)表示這是基隆20年「轉骨」的機會,基隆不能失去主體性。",True,institution_only,False,,False,KEEP,0.522550404,,,False,REVIEW,01_news_datasets/01_Ho_ltn_news_units.csv,1,,9169,req_cac87c394f2c49ef8921d9c562ef767e,merged_deduped.csv,merged_deduped.csv,L1-01,地方建設帶動發展，經濟轉骨機會,,L2-01|L2-07,「基隆不能失去主體性」→地方主體性隱喻國族/集體主體→L2-01；轉骨機會+不能失去→願景與隱性動員→L2-07,
_fb0e4d768d05,_fb0e4d768d05_u004,"賴清德說,他的政見包括在政治上維持現狀,國防上提升力量,經濟產業部分則會投資下一代科技創新,希望台灣企業可以立足台灣、布局全球、行銷全世界,讓台灣經濟成為日不落國。",claim,"賴清德致詞表示,2016年台灣選對了總統蔡英文,選了正確道路,台灣目前是世界民主模範生,也是世界經濟優等生,同時也證明台灣是世界上一股良善的力量。","賴清德指出,有民眾很擔心國民黨總統參選人當選後,會接受一國兩制、九二共識,開啟兩岸服貿協議,會對服務業造成很大衝擊,希望台灣能持續朝正確的道路前進,不能走回依賴中國的老路。","[{""name"": ""賴清德"", ""party"": ""DPP""}]",[],False,debate/manifesto,e4abbeff11618f51086e92525be360b7,False,02_Ke_chinatimes_news,2023-12-05 22:00:00,"賴清德說,他的政見包括在政治上維持現狀,國防上提升力量,經濟產業部分則會投資下一代科技創新,希望台灣企業可以立足台灣、布局全球、行銷全世界,讓台灣經濟成為日不落國。",True,cooccur: actor×institution,True,gate: taiwanicity=2,True,KEEP,1.0,KEEP,1.0,True,KEEP,01_news_datasets/02_Ke_chinatimes_news_units.csv,1,,20164,req_26b5b0af7b614e628afad8acb22d8d43,merged_deduped.csv,merged_deduped.csv,L1-01,主題為經濟發展與產業布局，非國防主權,,L2-01|L2-03|L2-06|L2-07,"維持現狀→L2-03；立足台灣布局全球行銷全世界→L2-01；讓台灣經濟成為日不落國→L2-06, L2-07",
_53a4fda3c7de,_53a4fda3c7de_u007,"林昱嘉說,當今國際間都在提倡性別平權的制服,希望我國可以從國家單位做出裁定,讓航空公司提供員工更多元的選擇,並讓職場的性別不平等制度逐漸退場。",claim,,"桃園市空服員職業工會秘書長周聖凱說,行政院常說我國性平表現是亞洲第一,但在航空業的表現上卻是遠遠落後於其他國家。",[],[],False,,4cca489b29c1db33eee6e8c0ee7b6e81,False,02_Ke_ltn_news,2023-08-01 13:50:21,"林昱嘉說,當今國際間都在提倡性別平權的制服,希望我國可以從國家單位做出裁定,讓航空公司提供員工更多元的選擇,並讓職場的性別不平等制度逐漸退場。",True,institution_only,True,gate: 3 inst terms,False,REVIEW,0.2577648460865021,,,True,KEEP,01_news_datasets/02_Ke_ltn_news_units.csv,1,,6825,req_ced9fe9ffbdb41acabc2751cf464f312,merged_deduped.csv,merged_deduped.csv,L1-05,"批評職場性別不平等屬結構性不公,非單純人文關懷",,L2-01|L2-03|L2-07,我國、國家單位→L2-01；國際間都在提倡→L2-03；性別平權制度願景→L2-07,
_a7283ccefcb1,_a7283ccefcb1_u015,"對於柯文哲曾稱內心本質是「深綠」、外交路線將依循總統蔡英文,黃國昌說,並不在意柯文哲內心什麼顏色,而是在意是否能正視年輕世代遇到的問題,賴清德、國民黨總統參選人侯友宜和柯文哲「都是中華民國」,所有人都生活在這塊土地,不要以意識形態撕裂社會,「不要你自己是親中愛台,別人就是親中舔共」。",claim,"黃國昌加入民眾黨並列為不分區立委,受到關注,他稍早公布與民眾黨主席柯文哲的會談記錄,內容觸及合作原則價值;",(編輯:翟思嘉)1121207 王鴻薇指賴清德老家違建逃稅 賴競總:烏龍爆料 柯文哲竹市老家疑違建 何瑞英自行雇工拆5樓曬衣場1樓雨遮 黃國昌自拆占國有地違建 新北:9/8現勘確認 綠:馬文君家族涉占國有地 特權占地是國民黨DNA 新北:黃國昌汐止家和賴家是既存違建 拍照列管 民眾黨拋財政政見 修財劃法限制特別預算空白授權 遭質疑與綠能業者關係 屏縣府:聯合再生未建置案場 余天破流言站台相挺 賴清德提新北發展核心動力願景 蔡總統彰化市參香 盼鄉親支持黃秀芳連任立委 2024/01/22 16:57 2024/01/15 11:44 2024/01/14 21:26 2024/01/14 20:59 2024/01/14 20:34 2024/01/14 20:09,"[{""name"": ""賴清德"", ""party"": ""DPP""}, {""name"": ""侯友宜"", ""party"": ""KMT""}, {""name"": ""柯文哲"", ""party"": ""TPP""}, {""name"": ""國民黨"", ""party"": ""KMT""}]",[],False,,c4f2b48639359e8514f936e047df6d9c,False,01_Ho_chinatimes_news,2023-12-07 16:44:00,"對於柯文哲曾稱內心本質是「深綠」、外交路線將依循總統蔡英文,黃國昌說,並不在意柯文哲內心什麼顏色,而是在意是否能正視年輕世代遇到的問題,賴清德、國民黨總統參選人侯友宜和柯文哲「都是中華民國」,所有人都生活在這塊土地,不要以意識形態撕裂社會,「不要你自己是親中愛台,別人就是親中舔共」。",True,cooccur: actor×institution,True,gate: taiwanicity=2,True,KEEP,1.0,KEEP,1.0,True,KEEP,01_news_datasets/01_Ho_chinatimes_news_units.csv,1,,17327,req_51bde89a1abc402ca60aa272cf5f197a,merged_deduped.csv,merged_deduped.csv,L1-05,反對意識形態撕裂社會，屬社會正義框架，非情緒,,L2-01|L2-07,「都是中華民國」共同身分→L2-01；反意識形態撕裂、親中愛台/舔共標籤→隱含共同體團結與價值→L2-07,
_817762e5f4b1,_817762e5f4b1_u005,"案經上訴,最高行政法院認定,原住民來自血緣關係,是與生俱來,不是國家權利恩賜,也不是靠登記而取得身分,案件調查不周全,廢棄原判決,發回台北高等行政法院。",context,"西拉雅族正名案 憲法法庭判原住民身分法違憲3年內應修法 原民法部分違憲 南島語系3條件可申請為原住民族 原民法違憲 南市府:還給西拉雅族原住民身分 台北高等行政法院一審認定,此案並不符合原住民身分法第2條第2款「並申請戶籍所在地鄉(鎮、市、區)公所登記為平地原住民有案者」的要件,依法不具有平地原住民身分,判決駁回。","北高行更一審合議庭法官認為本案有違憲之虞,裁定停審並聲請釋憲。",[],[],False,,40e24ea46fc0f4e79645f8d392c54d71,False,03_Lai_chinatimes_news,2023-05-11 18:20:00,"案經上訴,最高行政法院認定,原住民來自血緣關係,是與生俱來,不是國家權利恩賜,也不是靠登記而取得身分,案件調查不周全,廢棄原判決,發回台北高等行政法院。",True,institution_only,True,gate: 2 inst terms,False,REVIEW,0.3566641807556152,,,True,KEEP,01_news_datasets/03_Lai_chinatimes_news_units.csv,1,,5740,req_a2ecba9ff2564da9b3ff22eaec49a877,merged_deduped.csv,merged_deduped.csv,L1-05,司法對原民身分的結構性認定，屬平等正義,,L2-01|L2-02,「不是國家權利恩賜」界定國家與族群身分關係→L2-01；強調血緣天賦身分→群體身分邊界→L2-02,
_08287742f862,_08287742f862_u008,"此外,遊行隊伍在市府廣場整隊出發前,蘇貞昌現身致意表示,很高興和大家站在一起,這是經過多少年、許多人的努力,一直勇敢堅持價值與一起對抗謠言,終於能讓台灣成為亞洲第一個婚姻平權國家,讓每個人都能享受幸福並得到幸福。",claim,"賴清德表示,此過程充滿許多悲傷、感動與喜極而泣的眼淚,他要跟所有好朋友說明,婚姻平權不是終點、只是台灣平權文化的起點,未來他會跟大家站在一起,在多元同行的路上一起邁進,「我會堅定的挺你做自己,讓台灣更美麗」。",(編輯:林克倫)1121028 賴清德:中國企圖影響台灣選舉 建立親中政權 賴清德:與其靠中國善意求和平 不如靠自己 蘇貞昌閣揆任內力挺婚姻平權 28日參與同志大遊行 蘇貞昌新書會 閣員細數「怕漏接電話」症候群趣事,[],[],True,,aead7923bc79bcbb23a96e296085bd79,False,03_Lai_chinatimes_news,2023-10-28 17:45:00,"此外,遊行隊伍在市府廣場整隊出發前,蘇貞昌現身致意表示,很高興和大家站在一起,這是經過多少年、許多人的努力,一直勇敢堅持價值與一起對抗謠言,終於能讓台灣成為亞洲第一個婚姻平權國家,讓每個人都能享受幸福並得到幸福。",True,institution_only,True,gate: 2 inst terms,False,KEEP,0.498552143573761,,,True,KEEP,01_news_datasets/03_Lai_chinatimes_news_units.csv,1,,15363,req_4380c4e3eaac449c9906d684276d7e3a,merged_deduped.csv,merged_deduped.csv,L1-05,婚姻平權與平等權利，屬社會正義,,L2-01|L2-06|L2-07|L2-08,「台灣成為亞洲第一個婚姻平權國家」→L2-01；「亞洲第一個」成就、自豪→L2-06；「和大家站在一起」「一起邁進」→L2-07；平權、價值→L2-08,
_9ca84c4653f3,_9ca84c4653f3_u004,"徐春鶯表示,她在台灣生活30年,持有台灣身分證23年,她與所有台灣人一樣,取得身分證後,就能申辦護照,她已是中華民國國民,應該遵守中華民國憲法,也應該享受中華民國給她的公民權益,最近媒體開始報導民眾黨的不分區立委名單中有她的名字,她才發現,其實在台灣的中國配偶沒有真正地被認同,「我滿心寒的」。",claim,"徐春鶯今日下午召開記者會,台灣首位獲政黨提名為不分區立委的中籍配偶、現任桃園市新住民家庭服務中心副執行長的牛春茹也出席記者會。","徐春鶯強調,她不是共產黨員,也從未加入共產黨、共青團,對於民進黨立委質疑她的背景,副總統賴清德也稱她是共產黨員,徐反問賴「有證據嗎?」,請賴清德拿出證據,出動國家機器調查她,若查出她是共產黨員,她願意註銷台灣身份、驅逐出境,「如果沒有證據,他(賴清德)願意給我什麼交待?」 台灣新住民發展協會榮譽理事長徐春鶯今(5)日下午召開記者會,展示她的台灣身分證與護照,並強調她從未加入共產黨與共青團。","[{""name"": ""民眾黨"", ""party"": ""TPP""}]",[],False,,c40955bb6ad5a81b59fd2fe47a2cba29,False,03_Lai_ltn_news,2023-11-05 15:24:11,"徐春鶯表示,她在台灣生活30年,持有台灣身分證23年,她與所有台灣人一樣,取得身分證後,就能申辦護照,她已是中華民國國民,應該遵守中華民國憲法,也應該享受中華民國給她的公民權益,最近媒體開始報導民眾黨的不分區立委名單中有她的名字,她才發現,其實在台灣的中國配偶沒有真正地被認同,「我滿心寒的」。",True,cooccur: actor×institution,True,gate: taiwanicity=2,True,KEEP,1.0,KEEP,1.0,True,KEEP,01_news_datasets/03_Lai_ltn_news_units.csv,1,,17227,req_693bbe084af141bebd90e5acddb93d1d,merged_deduped.csv,merged_deduped.csv,L1-05,訴求新住民公民權益與被認同，屬平等正義,,L2-01|L2-02,中華民國國民、遵守中華民國憲法、公民權益→L2-01；在台中國配偶沒有真正被認同→L2-02,
_817762e5f4b1,_817762e5f4b1_u011,(編輯:張銘坤)1120511 正名後首次 西拉雅族跨地部落聯盟會議召開 台南西拉雅考古計畫 珍貴文物出土 西拉雅族釋憲 原民會:擬採身分證登記制 侯友宜不排斥侯習會 促賴清德說清贊成或反對台獨 賴清德:擴大國際合作 引領價值外交新時代,claim,"合議庭指出,萬淑娟等人固然無法透過這次釋憲的聲請,完成取得原住民身分的目標,但他們從98年申請平地原住民登記之日起,至憲法法庭去年10月底宣判日,這10餘年來的努力,迄今已因憲法判決而初見曙光,縱然法院依憲法判決意旨而判決萬等人敗訴,萬等人為平埔族正名運動的努力,不會因此而被抹滅。",,"[{""name"": ""賴清德"", ""party"": ""DPP""}, {""name"": ""侯友宜"", ""party"": ""KMT""}]",[],False,,49e52148a026c68f6b24c73e5e4d8eef,False,03_Lai_chinatimes_news,2023-05-11 18:20:00,"(編輯:張銘坤)1120511 正名後首次 西拉雅族跨地部落聯盟會議召開 台南西拉雅考古計畫 珍貴文物出土 西拉雅族釋憲 原民會:擬採身分證登記制 侯友宜不排斥侯習會 促賴清德說清贊成或反對台獨 賴清德:擴大國際合作 引領價值外交新時代 本網站之文字、圖片及影音,非經授權,不得轉載、公開播送或公開傳輸及利用。",True,cooccur: actor×institution,True,gate: actor×inst,False,KEEP,0.4546703994274139,,,True,KEEP,01_news_datasets/03_Lai_chinatimes_news_units.csv,1,,6567,req_2d23d23e8969407abef614f5bc064a8b,merged_deduped.csv,merged_deduped.csv,L1-05,平埔族正名與身分制度，屬社會正義,,L2-01|L2-03|L2-08,侯習會/台獨立場→主權與兩岸定位爭議→L2-01；擴大國際合作、價值外交→國際行動與定位→L2-01|L2-03|L2-08；價值外交新時代→民主價值→L2-08,
_b4a12ccf836d,_b4a12ccf836d_u001,"徐春鶯今(3日)接受本刊獨家專訪強調,自己從未加入共產黨,也從未擔任過中國國家幹部,她並說,台灣不管是調查局或國安單位,「你去查,查到我在大陸曾經是中共黨員的話,你可以註銷我的台灣身分證、驅逐出境都可以!」但如果沒有的話,「你要還我清白!」對於副總統賴清德日前稱徐春鶯過去是共產黨黨員,徐春鶯更激動回嗆說,「連副總統賴清德都說我是中共黨員,我覺得這太可怕了吧!你沒有經過查證。」她說,這段時間外界的揣測跟討論,甚至政府官員言論,可看出大眾對新住民群體的刻板印象是根深蒂固的,尤其對中國大陸來的人,充滿負面印象及敵視目光,「難道38萬陸配都是共匪、共諜嗎?有38萬的共匪、共諜都嫁給台灣男人嗎?」很遺憾台灣政府說的多元文化、包容只是表面功夫。",claim,"本刊上月26日獨家披露,民眾黨總統參選人柯文哲布局不分區立委,鎖定陸配身分的台灣新住民發展協會名譽理事長徐春鶯,引發綠白陣營辯論。","【徐春鶯獨家專訪3】「教我怎麼放棄中國國籍我就去!」 徐春鶯9月赴中國一個半月因1事緊急返台 【徐春鶯獨家專訪4】爆爸爸曾被送「五七幹校」改造 徐春鶯首度露面談中國文革掉淚 【徐春鶯獨家專訪5】「加速統一、祖國大陸」發言惹議 徐春鶯控照片疑遭P圖合成 本文由《鏡週刊》授權提供 2024總統大選倒數、候選人、民調分析盡在TVBS 加入《TVBS娛樂頭條》官方LINE帳號,拿熱門旅宿券 加入《TVBS娛樂頭條》官方LINE帳號,拿熱門旅宿券 年度包款100選!","[{""name"": ""賴清德"", ""party"": ""DPP""}]",[],False,,009eb6e8429bbf4980c35f3a9ebb6524,False,01_Ho_tvbs_news.csv,2023-11-03 23:22:00,"徐春鶯今(3日)接受本刊獨家專訪強調,自己從未加入共產黨,也從未擔任過中國國家幹部,她並說,台灣不管是調查局或國安單位,「你去查,查到我在大陸曾經是中共黨員的話,你可以註銷我的台灣身分證、驅逐出境都可以!」但如果沒有的話,「你要還我清白!」對於副總統賴清德日前稱徐春鶯過去是共產黨黨員,徐春鶯更激動回嗆說,「連副總統賴清德都說我是中共黨員,我覺得這太可怕了吧!你沒有經過查證。」她說,這段時間外界的揣測跟討論,甚至政府官員言論,可看出大眾對新住民群體的刻板印象是根深蒂固的,尤其對中國大陸來的人,充滿負面印象及敵視目光,「難道38萬陸配都是共匪、共諜嗎?有38萬的共匪、共諜都嫁給台灣男人嗎?」很遺憾台灣政府說的多元文化、包容只是表面功夫。",True,cooccur: actor×institution,True,gate: taiwanicity=2,True,KEEP,1.0,KEEP,1.0,True,KEEP,01_news_datasets/01_Ho_tvbs_news_units.csv,1,,61,req_525f7af21c3145ffb2439ee8b1b3b0f4,merged_deduped.csv,merged_deduped.csv,L1-05,批評政府與社會對新住民歧視偏見，屬結構不公,,L2-01|L2-05|L2-08,註銷台灣身分證、驅逐出境→L2-01；陸配被視為共匪共諜、敵視目光→L2-05；多元文化、包容只是表面功夫→L2-08,
_4f7e70e95a76,_4f7e70e95a76_u005,"金三角文化基金會董事長王根深表示,孤軍後裔將中華民國視為祖國,卻因政策關係,既無身分證,也沒有健保,只能打黑工.問題糾葛幾十年,其祖父和父執輩為國家犧牲奉獻,子女卻未能被真正照顧到,以前的政府沒有好好處理,現在台灣是一個民主開放的國家,希望讓他們得到一個基本合法的生存權利。",claim,"湯蕙禎指出,國民黨政府當年的冷漠與不重視,還有不友善的政策,2008年啟動的泰緬孤軍後裔專案期限結束後,仍有上萬名符合資格者遭拒於門外,成為漏網之魚,只能繼續淪落在台灣的社會邊緣,導致他們無法接種疫苗、或領取普發6000元,台灣目前已有近16萬名合法的緬甸華僑,盼政府能跨部會檢討其身分及居留問題。",,[],[],False,,d851ca2a9870fa3d52a482fcde63dcd0,False,03_Lai_ltn_news,2023-08-29 15:20:37,"金三角文化基金會董事長王根深表示,孤軍後裔將中華民國視為祖國,卻因政策關係,既無身分證,也沒有健保,只能打黑工.問題糾葛幾十年,其祖父和父執輩為國家犧牲奉獻,子女卻未能被真正照顧到,以前的政府沒有好好處理,現在台灣是一個民主開放的國家,希望讓他們得到一個基本合法的生存權利。",True,institution_only,True,gate: taiwanicity=2,True,KEEP,1.0,KEEP,1.0,True,KEEP,01_news_datasets/03_Lai_ltn_news_units.csv,1,,19090,req_b97a3a7b438f4e0389ec8ceb9f2f2ac5,merged_deduped.csv,merged_deduped.csv,L1-05,強調孤軍後裔被制度排除與生存權利，屬結構不公,,L2-01|L2-08,「視為祖國」「為國家犧牲奉獻」→L2-01；「民主開放的國家」→L2-08；爭取「基本合法的生存權利」→L2-08,
_58acce934c67,_58acce934c67_u015,"柯文哲表示,國家應保障弱勢者唸大學,但不是把所有的學費壓低;",claim,"透過 Google News 柯文哲過去曾說過大學學費該漲就漲,媒體詢問是否仍維持這論點。","有媒體指出,許多老師認為108課綱有問題,甚至外界質疑歷史課綱去中國化,詢問如何看待。","[{""name"": ""柯文哲"", ""party"": ""TPP""}]",[],False,,5ec100b9e3b88fa38df93b57a0a9adb9,False,02_Ke_chinatimes_news,2023-09-28 14:36:00,"柯文哲表示,國家應保障弱勢者唸大學,但不是把所有的學費壓低;",True,cooccur: actor×institution,True,gate: actor×inst,False,KEEP,0.4229885935783386,,,False,KEEP,01_news_datasets/02_Ke_chinatimes_news_units.csv,1,,8321,req_480cdfc0f0c447ef81c6732c83218735,merged_deduped.csv,merged_deduped.csv,L1-05,談弱勢受教權與保障，屬結構公平，非單純福祉,,L2-01,國家應保障→國家作為行為主體(L2-01)；保障弱勢者受教→國家角色與責任論述(L2-07?)，但無明確動員詞，僅L2-01,
_b86e3e876e69,_b86e3e876e69_u004,"「不管是一般勞工、消防員、警察,甚至是當兵的國軍,都應該受到國家平等的對待,一路以來,時代力量都是帶著本土進步價值,為基層的民眾發聲。」 同樣也是創黨黨員的東吳法律系教授胡博硯表示,站在支持主權獨立、監督時政的立場,無論執政的是國民黨還是民進黨,台灣都必須有一個理性、中道的在野黨,而時代力量都扮演這樣的角色,",claim,"太陽花學運參與者魏揚也現身表示,雖現在不是時力的黨員,但他始終是第三勢力,「政治許多的時候並不僅僅關於選舉,更關於進步的價值。」他說,太陽花學運10年過去了,第三勢力的夥伴可能選擇不同的實踐道路,甚至是加入不同的政黨,他認為這沒有絕對的好與壞,而是能否堅持理想與價值,「人可以轉換陣營,但請記得把價值隨身帶上。」 立委邱顯智則說,自己是時代力量黨證編號第9號的創黨黨員,今天再次站在這個街頭,讓他回想起2015年1月時代力量創立後,他2月即代表時力投入參選新竹市立委,8年後的今天,他再次挑戰參選新竹市立委,在藍綠兩大黨的夾殺下,給人民一個新政治的選擇。","同樣也是創黨黨員的東吳法律系教授胡博硯表示,站在支持主權獨立、監督時政的立場,無論執政的是國民黨還是民進黨,台灣都必須有一個理性、中道的在野黨,而時代力量都扮演這樣的角色。","[{""name"": ""民進黨"", ""party"": ""DPP""}, {""name"": ""國民黨"", ""party"": ""KMT""}]",[],False,,c1d0752a1eadf73092c6f6321a1a3ea4,False,03_Lai_ltn_news,2023-12-13 12:48:56,"「不管是一般勞工、消防員、警察,甚至是當兵的國軍,都應該受到國家平等的對待,一路以來,時代力量都是帶著本土進步價值,為基層的民眾發聲。」 同樣也是創黨黨員的東吳法律系教授胡博硯表示,站在支持主權獨立、監督時政的立場,無論執政的是國民黨還是民進黨,台灣都必須有一個理性、中道的在野黨,而時代力量都扮演這樣的角色,",True,cooccur: actor×institution,True,gate: actor×inst,False,KEEP,0.6204526424407959,,,True,KEEP,01_news_datasets/03_Lai_ltn_news_units.csv,1,,17050,req_21914d7a9ee44da88b3a2f1313314faf,merged_deduped.csv,merged_deduped.csv,L1-05,論述國家應平等對待各職業群體，屬結構公平,,L2-01|L2-07,國家平等對待國軍等群體→主權行為主體L2-01；為基層民眾發聲→凝聚與願景動員L2-07,
_4f7e70e95a76,_4f7e70e95a76_u003,"我國政府於民國38年播遷來台之際,堅守於雲南、泰國、緬甸的「泰緬孤軍」仍奮力抗共,至今仍有不少孤軍後裔無法取得國籍身份。",context,"〔記者陳政宇/台北報導〕民進黨立委湯蕙禎、金三角文化基金會今(29)日召開「泰緬孤軍後裔回家」記者會,呼籲政府正視泰緬孤軍後裔的身分問題。","湯蕙禎指出,國民黨政府當年的冷漠與不重視,還有不友善的政策,2008年啟動的泰緬孤軍後裔專案期限結束後,仍有上萬名符合資格者遭拒於門外,成為漏網之魚,只能繼續淪落在台灣的社會邊緣,導致他們無法接種疫苗、或領取普發6000元,台灣目前已有近16萬名合法的緬甸華僑,盼政府能跨部會檢討其身分及居留問題。",[],[],False,,cb2884628cfde55e7329963457ab0681,False,03_Lai_ltn_news,2023-08-29 15:20:37,"我國政府於民國38年播遷來台之際,堅守於雲南、泰國、緬甸的「泰緬孤軍」仍奮力抗共,至今仍有不少孤軍後裔無法取得國籍身份。",True,institution_only,False,,False,KEEP,0.4620940685272217,,,False,REVIEW,01_news_datasets/03_Lai_ltn_news_units.csv,1,,17903,req_2937c878d8b54689bee4ac7d7d3bc48a,merged_deduped.csv,merged_deduped.csv,L1-05,主軸為身分國籍不公，屬結構性正義,,L2-01|L2-04|L2-05,我國政府→L2-01；播遷來台/抗共歷史→L2-04；無法取得國籍身份→L2-05,
_1c87523956d7,_1c87523956d7_u002,"賴副總統致詞表示,鄭南榕追求不只是百分之百言論自由,也反對戒嚴追求民主,平反228事件,追求轉型正義,也追求台灣要做自己的主人,這些理想和目標,經過數十年一棒接一棒,已接近完成。",claim,"鄭南榕基金會今天在新北市金山區金寶山自由之翼紀念墓園舉辦「鄭南榕殉道34週年追思紀念會」,賴副總統、鄭南榕基金會董事長、鄭南榕的女兒鄭竹梅、鄭南榕遺孀葉菊蘭等人出席,活動一開始先默思1分鐘,賴副總統致詞結束後,與鄭竹梅一同獻花。","賴副總統說,但新的威脅已經出現,天下並未太平,國際局勢也未平靜穩定,今天參加鄭南榕追思紀念會,應該清楚瞭解到,第一,要向鄭南榕感謝、致敬為台灣付出的一切。",[],[],False,,07b3629b8473f47759105b48e79bb6fd,False,03_Lai_chinatimes_news,2023-04-07 13:12:00,"賴副總統致詞表示,鄭南榕追求不只是百分之百言論自由,也反對戒嚴追求民主,平反228事件,追求轉型正義,也追求台灣要做自己的主人,這些理想和目標,經過數十年一棒接一棒,已接近完成。",True,cooccur: actor×institution,True,gate: taiwanicity=2,True,KEEP,1.0,KEEP,1.0,True,KEEP,01_news_datasets/03_Lai_chinatimes_news_units.csv,1,,708,req_571d8cb4c67e465194a93be29cee7857,merged_deduped.csv,merged_deduped.csv,L1-05,民主、人權與轉型正義理想，屬社會正義,,L2-01|L2-07|L2-08,言論自由民主轉型正義→L2-08；台灣要做自己的主人→L2-01；一棒接一棒理想目標→L2-07,
_75ce28628c48,_75ce28628c48_u013,(編輯:翟思嘉)1121002 台灣MeToo遊行 范雲:縱容性騷文化需要改變 前懲戒法院院長李伯道性騷擾部屬成立 將送法官評鑑 傳藍委涉嫌性騷男記者 國民黨:確實收到新申訴案 性平三法適用不同身分場域 重罰權勢性騷避免吃案 台灣華語中心歐美遍地開花 2026年可望擴至澳洲 蔡總統:僑界是國民外交先鋒 讓世界看到台灣力量 爭取腸病毒疫苗納公費 藍營中市立委參選人發聲 賴清德外媒專訪談台灣 藍:本質仍是台獨借殼上市 2025/05/24 12:36 2023/10/17 12:36 2023/10/05 10:55 2023/10/02 11:35 2023/09/21 10:52 2023/09/14 12:02,context,"徐佳青今天赴立院外交及國防委員會備詢前接受媒體訪問,對於當事人指控徐佳青要求「不可聲張此事」,徐佳青表示,她是提醒要提出正式申訴前,要以保護當事人為原則,不應在僑界各自聲張放話,「我對兩個人都是提出相同的警告」 。",,"[{""name"": ""賴清德"", ""party"": ""DPP""}, {""name"": ""國民黨"", ""party"": ""KMT""}, {""name"": ""藍營"", ""party"": ""KMT""}]",[],True,,c2cb704fd0f5293ce8c472a5f80d1533,False,02_Ke_chinatimes_news,2023-10-02 11:35:00,"(編輯:翟思嘉)1121002 台灣MeToo遊行 范雲:縱容性騷文化需要改變 前懲戒法院院長李伯道性騷擾部屬成立 將送法官評鑑 傳藍委涉嫌性騷男記者 國民黨:確實收到新申訴案 性平三法適用不同身分場域 重罰權勢性騷避免吃案 台灣華語中心歐美遍地開花 2026年可望擴至澳洲 蔡總統:僑界是國民外交先鋒 讓世界看到台灣力量 爭取腸病毒疫苗納公費 藍營中市立委參選人發聲 賴清德外媒專訪談台灣 藍:本質仍是台獨借殼上市 2025/05/24 12:36 2023/10/17 12:36 2023/10/05 10:55 2023/10/02 11:35 2023/09/21 10:52 2023/09/14 12:02 本網站之文字、圖片及影音,非經授權,不得轉載、公開播送或公開傳輸及利用。",True,cooccur: actor×institution,True,gate: taiwanicity=3,True,KEEP,1.0,KEEP,1.0,True,KEEP,01_news_datasets/02_Ke_chinatimes_news_units.csv,1,,17130,req_5ccb5c78788b406a85b0473a61e0bd21,merged_deduped.csv,merged_deduped.csv,L1-05,MeToo性騷與性平制度議題，非純情緒,,L2-01|L2-03|L2-06,「國民外交先鋒」「讓世界看到台灣力量」→L2-06；「談台灣」涉國家主體→L2-01；國民外交、世界看到台灣→L2-03；力量、自豪→L2-07？再檢→較偏成就展示,
_1f8f5ecf996d,_1f8f5ecf996d_u003,"賴清德說,民進黨的理念就是族群多元尊重,所以前總統陳水扁任內成立原住民族委員會、推動原住民電視台、原住民電台及很多相關政策,每個族群都應得到政府的照顧,過去民進黨推動很多政策,陳水扁任內也推動原住民基本法,他若擔任總統會延續民進黨傳統文化重視各族群,尊重原住民,讓原住民能自治。",claim,"賴清德認為,大家都是一家人,族群不分先來後到,只要認同台灣,就是這塊土地的主人,也是國家的主人,如果他能擔任總統,原住民族希望推動支持的原住民族自治法,他當然義不容辭,他會找原住民、社會各界一起討論,找出最好的做法讓原住民落實自治。","賴清德表示,「沒有原住民的語言就沒有原住民,沒有客家語就沒有客家人」,語言是所有文化的根本,民族如果沒有文化就不再存在,所以語言的復育很重要,他會積極推動原住民族語言復育,同時透過教育一代一代傳承下去。","[{""name"": ""賴清德"", ""party"": ""DPP""}, {""name"": ""民進黨"", ""party"": ""DPP""}]",[],False,,442c012e7a63a0a54658e9c63f4ae4b2,False,03_Lai_chinatimes_news,2024-01-07 21:10:00,"賴清德說,民進黨的理念就是族群多元尊重,所以前總統陳水扁任內成立原住民族委員會、推動原住民電視台、原住民電台及很多相關政策,每個族群都應得到政府的照顧,過去民進黨推動很多政策,陳水扁任內也推動原住民基本法,他若擔任總統會延續民進黨傳統文化重視各族群,尊重原住民,讓原住民能自治。",True,cooccur: actor×institution,True,gate: actor×inst,False,KEEP,0.4540831446647644,,,True,KEEP,01_news_datasets/03_Lai_chinatimes_news_units.csv,1,,6074,req_beb2d450ba0942ffbbd035be52e8e831,merged_deduped.csv,merged_deduped.csv,L1-05,族群平等與政府照顧，結構正義非單純福祉,,L2-01|L2-06|L2-07,國家的主人→L2-01；政府照顧每個族群→L2-06；延續民進黨傳統、讓原住民能自治→L2-07,
_a817b19ff413,_a817b19ff413_u003,"賴清德說,回顧台灣400年歷史,從荷蘭把台灣當成東亞生產基地,到明鄭時期變成反清復明根據地,接著日治時期是大東亞共榮圈基地,國民政府時期則作為反攻大陸的跳板,經歷不同政權更迭,台灣從來不是主體,台灣人也從沒有機會當家作主。",claim,"雷震民主人權基金今天舉辦雷震民主人權紀念講座「全球台灣抵抗中華帝國-台灣的地緣政治時刻」,民眾黨主席暨總統參選人柯文哲、賴清德都受邀致詞,兩人出席時間錯開,沒有同框。","賴清德表示,中國透過難以察覺的銳實力,無時無刻運用各種手段隱密作戰,配合文攻武嚇及經濟滲透進行統戰,若台灣任何政治領袖對此企圖視而不見,仍然認為接受一中原則的九二共識、兩岸一家親甚至一紙和平協議就能得到和平,這是自欺欺人,也會誤人誤己,犧牲前人好不容易累積的基礎。","[{""name"": ""賴清德"", ""party"": ""DPP""}]",[],False,,675ebf61d62a9a8a8354cf6fe490a646,False,02_Ke_chinatimes_news,2023-10-21 13:35:00,"賴清德說,回顧台灣400年歷史,從荷蘭把台灣當成東亞生產基地,到明鄭時期變成反清復明根據地,接著日治時期是大東亞共榮圈基地,國民政府時期則作為反攻大陸的跳板,經歷不同政權更迭,台灣從來不是主體,台灣人也從沒有機會當家作主。",True,cooccur: actor×institution,True,gate: actor×inst,False,KEEP,0.4856010675430298,,,False,KEEP,01_news_datasets/02_Ke_chinatimes_news_units.csv,1,,9073,req_99775edf04b54bb4ab004b8344df1a21,merged_deduped.csv,merged_deduped.csv,L1-05,歷史脈絡下的主體性與被統治經驗，偏社會正義非安全,,L2-01|L2-04|L2-08,400年歷史多政權更迭+評價→L2-04；台灣從來不是主體→L2-01；台灣人沒機會當家作主→L2-08,
_5555398ffac4,_5555398ffac4_u009,"今日本報刊出的國際特赦組織台灣分會理事長林綉娟投書也寫道,克勞斯・華爾特當年動員「台灣協調小組」與AI全球各國分會,發起救援美麗島事件的國際行動,並成功遊說西德議院約300位議員施壓中國國民黨政府,要求對政治犯依國際人權標準給予公平審判等待遇。",claim,"1977年華爾特在西德舉辦「波昂之夜」,開啟國際特赦組織對台灣政治犯的關切,並領導「台灣協調小組」盡力搜集資料,提供給德語區的25個救援小組。","在台灣社會抵抗高壓政府、集體被噤聲的年代,克勞斯・華爾特串聯國際力量,把聲音借給台灣。","[{""name"": ""國民黨"", ""party"": ""KMT""}]",[],True,,cb1085dbb28f2d8368a0067dcb95bc50,False,03_Lai_ltn_news,2023-10-25 17:49:14,"今日本報刊出的國際特赦組織台灣分會理事長林綉娟投書也寫道,克勞斯・華爾特當年動員「台灣協調小組」與AI全球各國分會,發起救援美麗島事件的國際行動,並成功遊說西德議院約300位議員施壓中國國民黨政府,要求對政治犯依國際人權標準給予公平審判等待遇。",True,cooccur: actor×institution,True,gate: actor×inst,False,KEEP,0.6617431640625,,,False,KEEP,01_news_datasets/03_Lai_ltn_news_units.csv,1,,17894,req_2a8c8bd5f0644fa3a41bfa647573c050,merged_deduped.csv,merged_deduped.csv,L1-05,政治犯人權與公平審判，屬社會正義，非單純人文關懷,,L2-01|L2-03|L2-04|L2-05|L2-08,"美麗島事件+國民黨政府政治犯→歷史模板→L2-04；國際人權標準施壓政府→主權行為者+國際規範→L2-01,L2-03；政治犯不公平審判→威脅→L2-05；人權標準→L2-08",
_1f8f5ecf996d,_1f8f5ecf996d_u002,"賴清德認為,大家都是一家人,族群不分先來後到,只要認同台灣,就是這塊土地的主人,也是國家的主人,如果他能擔任總統,原住民族希望推動支持的原住民族自治法,他當然義不容辭,他會找原住民、社會各界一起討論,找出最好的做法讓原住民落實自治。",claim,"賴清德致詞時先用原住民族語跟現場支持者打招呼,更介紹身上穿的傳統服飾,並表示,製作人是國寶級的排灣族工藝家陳利友妹,以前只有頭目、王子或公主才能穿,陳利友妹為了替競選總統的他加油所贈,這件衣服約有8種刺繡技巧非常珍貴,期待他當選總統能保護原住民文化及傳統技藝,當初總統蔡英文競選時也曾獲贈,所以他穿這件也會當選。","賴清德說,民進黨的理念就是族群多元尊重,所以前總統陳水扁任內成立原住民族委員會、推動原住民電視台、原住民電台及很多相關政策,每個族群都應得到政府的照顧,過去民進黨推動很多政策,陳水扁任內也推動原住民基本法,他若擔任總統會延續民進黨傳統文化重視各族群,尊重原住民,讓原住民能自治。","[{""name"": ""賴清德"", ""party"": ""DPP""}]",[],False,,d9f8ee769d0fa2b2d1a951a2c329a4c1,False,03_Lai_chinatimes_news,2024-01-07 21:10:00,"賴清德認為,大家都是一家人,族群不分先來後到,只要認同台灣,就是這塊土地的主人,也是國家的主人,如果他能擔任總統,原住民族希望推動支持的原住民族自治法,他當然義不容辭,他會找原住民、社會各界一起討論,找出最好的做法讓原住民落實自治。",True,cooccur: actor×institution,True,gate: taiwanicity=2,True,KEEP,1.0,KEEP,1.0,True,KEEP,01_news_datasets/03_Lai_chinatimes_news_units.csv,1,,19232,req_7420bbbc21a8486a8f523f43eb36a9b0,merged_deduped.csv,merged_deduped.csv,L1-05,族群平等與自治權，結構性正義，非單純人文關懷,,L2-01|L2-02|L2-07|L2-08,土地/國家主人→L2-01；只要認同台灣→L2-02；主人身分與民主主體→L2-08；一起討論、找出最好的做法→L2-07,
_5695643263fc,_5695643263fc_u008,"副總統政見發表會 吳欣盈:民眾黨是台灣水電工 副總統候選人政見會 趙少康批賴清德老家爭議三大騙 對於民眾黨總統候選人柯文哲日前在政見發表會主張以對等、尊嚴立場處理兩岸交流,以及廣建社會住宅,推動賦稅改革以及補助解決青年居住正義。",claim,"蕭美琴表示,趙少康30年前就主張民進黨若執政,中華民國就會滅亡,但實際上30年來,台灣經過8次的總統大選、政黨輪替,中華民國從未消失,國旗每天都在總統府升起,真正想要消滅中華民國,是至今無法正視台灣存在的中國共產黨。","蕭美琴表示,這些事民進黨一直都在做,柯文哲甚至還說外交政策要走總統蔡英文路線,那如果是這樣,就應該讓有經驗,有能力,已經在落實的民進黨繼續做下去。","[{""name"": ""賴清德"", ""party"": ""DPP""}, {""name"": ""趙少康"", ""party"": ""KMT""}, {""name"": ""柯文哲"", ""party"": ""TPP""}, {""name"": ""吳欣盈"", ""party"": ""TPP""}, {""name"": ""民眾黨"", ""party"": ""TPP""}]","[""政見發表會|procedure"", ""兩岸|cross-strait""]",True,debate/manifesto,448815ba04cd5375f0ae3612a325d65c,False,01_Ho_chinatimes_news,2023-12-22 20:13:00,"副總統政見發表會 吳欣盈:民眾黨是台灣水電工 副總統候選人政見會 趙少康批賴清德老家爭議三大騙 對於民眾黨總統候選人柯文哲日前在政見發表會主張以對等、尊嚴立場處理兩岸交流,以及廣建社會住宅,推動賦稅改革以及補助解決青年居住正義。",True,cooccur: actor×institution,True,gate: taiwanicity=2,True,KEEP,1.0,KEEP,1.0,True,KEEP,01_news_datasets/01_Ho_chinatimes_news_units.csv,1,,6107,req_2be07a6bdbbc433781a9c4fa8689a89e,merged_deduped.csv,merged_deduped.csv,L1-05,提青年居住正義與賦稅改革屬結構不公,,L2-01|L2-02,以對等、尊嚴處理兩岸交流→主權行為者預設L2-01；兩岸交流（台灣vs中國）→潛在差異邊界L2-02；青年居住正義等為民生訴求→無其他國族標籤,
_3ec50a28bbee,_3ec50a28bbee_u000,"新北市議會第一審查會昨天專案報告城市外交,期間,民進黨議員陳乃瑜嗆國民黨議員戴湘儀「你就是護航的花瓶」,讓戴湘儀自曝氣到手抖,轟民進黨主席、總統參選人賴清德上個月才說要挺女權,會提升女性的政策參與機會與勞動價值,讓每名女性自由、尊嚴追求夢想,「全國女性都不應該受到這樣的歧視」。",claim,,(圖/翻攝自戴湘儀IG) 更多新聞:藍白合成不成「底線十月底」 柯文哲:時間越近大家頭腦越清楚 2024總統大選倒數、候選人、民調分析盡在TVBS 維持體態不費力!,"[{""name"": ""賴清德"", ""party"": ""DPP""}, {""name"": ""民進黨"", ""party"": ""DPP""}, {""name"": ""國民黨"", ""party"": ""KMT""}]",[],False,,72d92af845cbf6925ed4d5c30eb3bb19,False,02_Ke_tvbs_news,2023-10-14 09:46:00,"新北市議會第一審查會昨天專案報告城市外交,期間,民進黨議員陳乃瑜嗆國民黨議員戴湘儀「你就是護航的花瓶」,讓戴湘儀自曝氣到手抖,轟民進黨主席、總統參選人賴清德上個月才說要挺女權,會提升女性的政策參與機會與勞動價值,讓每名女性自由、尊嚴追求夢想,「全國女性都不應該受到這樣的歧視」。",True,cooccur: actor×institution,True,gate: actor×inst,False,KEEP,0.5562935471534729,,,True,KEEP,01_news_datasets/02_Ke_tvbs_news_units.csv,1,,10097,req_89565ef29c284204a9f85a4302e39d4c,merged_deduped.csv,merged_deduped.csv,L1-05,批評性別歧視與女性平權，屬社會正義非情緒,,L2-01|L2-06,城市外交→L2-01；全國女性都不應該…→國家層級價值標準→L2-06,
_675732ab4e19,_675732ab4e19_u008,"王家貞指出,懇請各界人士關注此一重大議題,為台灣的民主人權齊聲呼籲,「還我參政權,還我中華民國公民的合法參政權」。",claim,"她喊冤,不是她個人的冤,而是任何一位公民在此一違憲惡法下都有可能的冤。","立法院5月26日三讀修正通過選罷法,規定曾犯組織犯罪防制條例之罪、洗錢防制法第14條,或第15條的收受使用財源不明,以及刑法加重剝奪行動自由罪、加重詐欺罪等,經有罪判決確定,不得登記為候選人,經有罪判決確定並受緩刑宣告者,亦同。",[],[],False,,2443459dc833058651bfd2d652f8ed7b,False,02_Ke_chinatimes_news,2023-12-11 10:14:00,"王家貞指出,懇請各界人士關注此一重大議題,為台灣的民主人權齊聲呼籲,「還我參政權,還我中華民國公民的合法參政權」。",True,institution_only,False,,False,KEEP,0.6514750123023987,,,False,REVIEW,01_news_datasets/02_Ke_chinatimes_news_units.csv,1,,3246,req_044dc725ae214df9bf1e8210c8603900,merged_deduped.csv,merged_deduped.csv,L1-05,訴求人權與參政權不公，屬社會正義,,L2-01|L2-07|L2-08,「為台灣的民主人權」→L2-08；「齊聲呼籲」→L2-07；「中華民國公民的合法參政權」→L2-01,
_53a4fda3c7de,_53a4fda3c7de_u018,"因此,他也呼籲國家人權會做出裁定,別讓航司權力凌駕於政府之上。",claim,"周聖凱也提及,行政院在2014年就表示,要求女性員警只能穿裙裝執勤是性別歧視,修改相關規定,落實「消除對婦女一切形式歧視公約」規範。",,[],[],False,,ca4103195f2080d9b65063770a12fa8d,False,02_Ke_ltn_news,2023-08-01 13:50:21,"因此,他也呼籲國家人權會做出裁定,別讓航司權力凌駕於政府之上。",True,institution_only,False,,False,REVIEW,0.3301033973693847,,,False,REVIEW,01_news_datasets/02_Ke_ltn_news_units.csv,1,,17821,req_0b5d886aff2241a7857011bc3bd3b838,merged_deduped.csv,merged_deduped.csv,L1-05,批評權力不當高於政府，屬制度正義,,L2-01|L2-07,呼籲國家人權會裁定→L2-01（國家機關權威）；呼籲…別讓…→L2-07（行動/決策動員）,
_276e2d337727,_276e2d337727_u009,"主張台灣獨立的鄭南榕1989年為堅持百分之百言論自由、拒絕因刊登台灣新憲法草案遭叛亂罪起訴逮捕,於雜誌社自囚71天後、當年4月7日自焚身亡;",claim,"開幕活動由基金會董事長鄭竹梅、終身志工葉菊蘭等多人分享,民進黨籍立委邱議瑩及多名議員也出席參與。",(編輯:謝雅竹)1120924 紀念鄭南榕 林佳龍諷刺當年拘捕者侯友宜選總統 鄭南榕足跡展宜蘭開幕 女兒感性憶尋根 疫後華航在日本航班恢復8成 9/18復飛熊本航線 2023台日觀光高峰論壇在愛知 高雄接棒主辦,[],[],True,,8b38c0cc5996333b794d47989d690826,False,01_Ho_chinatimes_news,2023-09-24 20:24:00,"主張台灣獨立的鄭南榕1989年為堅持百分之百言論自由、拒絕因刊登台灣新憲法草案遭叛亂罪起訴逮捕,於雜誌社自囚71天後、當年4月7日自焚身亡;",True,institution_only,True,gate: 2 inst terms,False,KEEP,0.4755242466926574,,,False,KEEP,01_news_datasets/01_Ho_chinatimes_news_units.csv,1,,12247,req_eed1342c076041d996d79c60cb357fb7,merged_deduped.csv,merged_deduped.csv,L1-05,政治迫害與言論自由殉道，屬社會正義,,L2-01|L2-04|L2-08,主張台灣獨立→L2-01；為言論自由犧牲→L2-08；1989、自焚殉道歷史事件→L2-04,
_c3b130f61abc,_c3b130f61abc_u016,"透過 Google News 在公義永續的台灣,賴清德強調,將擴大未來世代教育投資,並強化國家在居住、長照、醫療、勞動、性別、族群的公共支持,包括0到6歲國家一起養2.0、0到22歲擴大支持、長照3.0,以及居住3大政策等,擴大國家的公共責任、打造台灣成為社會投資型國家,同時打擊黑金槍毒詐騙,讓台灣邁向多元平權、安定公義的社會。",claim,"他提到,預計在2030年之前提出9000億新台幣的投資,帶動民間的投資,一起達到2050淨零轉型的目標。","國家希望工程清楚傳達一個訊息,「人人有希望、國家就有希望」,也非常期待,面對各種國際情勢,能夠與民眾共同努力,推動國家進步,以國家希望工程作為藍圖,乘風破浪,穩健前行。","[{""name"": ""賴清德"", ""party"": ""DPP""}]",[],False,,59a1a90300843819ef90cb95f6e02672,False,03_Lai_chinatimes_news,2023-09-06 12:29:00,"透過 Google News 在公義永續的台灣,賴清德強調,將擴大未來世代教育投資,並強化國家在居住、長照、醫療、勞動、性別、族群的公共支持,包括0到6歲國家一起養2.0、0到22歲擴大支持、長照3.0,以及居住3大政策等,擴大國家的公共責任、打造台灣成為社會投資型國家,同時打擊黑金槍毒詐騙,讓台灣邁向多元平權、安定公義的社會。",True,cooccur: actor×institution,True,gate: actor×inst,False,KEEP,0.4290234446525574,,,True,KEEP,01_news_datasets/03_Lai_chinatimes_news_units.csv,1,,7907,req_4f477082bb6044b1986488e44a9290fb,merged_deduped.csv,merged_deduped.csv,L1-05,主軸為社會投資與多元平權結構正義,,L2-01|L2-07|L2-08,打造台灣成為社會投資型國家→L2-07；擴大國家公共責任、國家在各面向公共支持→L2-01；邁向多元平權、公義社會→L2-08,
_af954b32dd5a,_af954b32dd5a_u005,"7月25日時,她則發布「用熱情彌補遺憾」影片,感嘆原住民族尚未能自治、立法院没有原住民族黨團,且無黨籍原住民立委只有她一個人孤軍奮戰。",context,"高金素梅今天在臉書表示,7月14日時,她與陳政宗宣布聯手參選,爭取一起進入立法院籌組「原住民黨團」;","高金素梅表示,2024立委選舉,她與陳政宗將用熱情彌補遺憾,這條選舉道路已經走下去,任何事改變不了這個方向。",[],"[""立法院|institution""]",False,,9ee8a3606e21d846687bde839280f9dd,False,02_Ke_chinatimes_news,2023-08-28 11:26:00,"7月25日時,她則發布「用熱情彌補遺憾」影片,感嘆原住民族尚未能自治、立法院没有原住民族黨團,且無黨籍原住民立委只有她一個人孤軍奮戰。",True,cooccur: actor×institution,True,gate: taiwanicity=2,True,KEEP,1.0,KEEP,1.0,True,KEEP,01_news_datasets/02_Ke_chinatimes_news_units.csv,1,,13984,req_4b41886f639c4267991364181b81c4d9,merged_deduped.csv,merged_deduped.csv,L1-05,訴求原住民族政治代表不足，屬結構不公,,L2-01|L2-06,原住民族尚未能自治→主體性訴求L2-01；孤軍奮戰、無黨籍原住民立委只有她→隱含應有更好代表性標準L2-06,
_d412b509d425,_d412b509d425_u009,"他說,台北過去也一直是「對抗殖民統治」的動力所在,台北市定古蹟「台灣新文化運動紀念館」紀念蔣渭水在內當時的一群年輕人,對抗殖民統治的民族精神,「那時就有許多的前輩到大陸接受教育,可見兩岸、可見台北與上海的關係,始終都與大時代緊密關聯。」 蔣萬安說,歷史是延續的,現實是發展的。",claim,"相信本次雙城論壇的舉辦必將為兩地優勢互補、共贏發展注入新的動力,上海方面也將積極推動兩地更廣領域、更深層次、更高水準的交流合作,為兩岸關係的和平發展、融合發展,注入更大的動力、做出更大貢獻。","他引用自己的祖父、故總統蔣經國說過的「時代在變、環境在變、潮流也在變」,表示因此台灣有了快速的政治開放、社會進步與經濟建設,也連帶兩岸關係有突破性進展。",[],"[""兩岸|cross-strait""]",False,,70070ff6392f7854fab77a0b01142733,False,02_Ke_chinatimes_news,2023-08-29 19:46:00,"他說,台北過去也一直是「對抗殖民統治」的動力所在,台北市定古蹟「台灣新文化運動紀念館」紀念蔣渭水在內當時的一群年輕人,對抗殖民統治的民族精神,「那時就有許多的前輩到大陸接受教育,可見兩岸、可見台北與上海的關係,始終都與大時代緊密關聯。」 蔣萬安說,歷史是延續的,現實是發展的。",True,institution_only,True,gate: strong_anchor,False,KEEP,0.5474843978881836,,,True,KEEP,01_news_datasets/02_Ke_chinatimes_news_units.csv,1,,9831,req_08eb792ae6434f3cb986957d94ac6040,merged_deduped.csv,merged_deduped.csv,L1-06,歷史敘事與兩岸關係定位，屬政治路線,,L2-02|L2-04,對抗殖民統治、民族精神→L2-04；歷史是延續的→L2-04；兩岸/台北與上海關係與大時代緊密關聯→L2-02,
_0caae7132739,_0caae7132739_u010,"蔡總統說,民眾如果覺得她執政不錯,那是因為她從李登輝時代就被歷練、被培養,在這麼長的時間,累積這麼多的經驗,組織了一個團隊,才有今天的執政的成果,也希望接班的是一定要有經驗、有團隊、有歷練的人。",claim,"她帶領的中央政府一定與基隆市政府好好解決問題,讓基隆捷運可順利動工,也希望基隆港軍港西移作業可早日完成,讓東岸開發國際郵輪觀光。",,[],[],False,,36e4b517326bdbf73e52b0de3ff51032,False,03_Lai_chinatimes_news,2023-12-10 13:41:00,"蔡總統說,民眾如果覺得她執政不錯,那是因為她從李登輝時代就被歷練、被培養,在這麼長的時間,累積這麼多的經驗,組織了一個團隊,才有今天的執政的成果,也希望接班的是一定要有經驗、有團隊、有歷練的人。",True,institution_only,True,gate: core_election,False,KEEP,0.4340648651123047,,,True,KEEP,01_news_datasets/03_Lai_chinatimes_news_units.csv,1,,4864,req_3568cac08f7b48a582e9b6fec1c261ab,merged_deduped.csv,merged_deduped.csv,L1-06,談執政成果與接班條件，屬治理正當性,,L2-04|L2-06|L2-07,執政成果→L2-06；希望接班者如何→隱性動員→L2-07；提及李登輝時代歷練→政黨/領導歷史正當性→L2-04,
_4664f26174a4,_4664f26174a4_u001,"他引用故總統蔣經國曾說過的「逆境堅定力、風雨生信心」,強調要找回中華民國的美,找回台灣人的好,讓政黨輪替。",claim,"國民黨2024誓師 侯友宜:讓我來好好做代誌 2023/5/20 11:53 (5/20 13:06 更新) (中央社記者劉冠廷台北20日電)國民黨總統參選人侯友宜今天說,他若當選總統,將依據憲法規範,到立法院做國情報告,接受全民監督;","代表國民黨選總統 侯友宜喊3次「再次讓政黨輪替」 全文/郭台銘恭喜侯友宜獲徵召 盡最大努力支持他勝選 國民黨今天舉辦「520政黨輪替、台灣更好」誓師大會,邀請到所有被提名的立委參選人以及執政縣市首長,與17日完成徵召提名的侯友宜一同造勢,侯友宜在致詞時強調,大家要凝聚向心力,展現團結力量,扭轉未來,他有信心帶給人民希望、找回幸福,讓中華民國再起飛。",[],[],False,,7cb86ac23c6a1339c0b3b90879af4e42,False,01_Ho_chinatimes_news,2023-05-20 11:53:00,"他引用故總統蔣經國曾說過的「逆境堅定力、風雨生信心」,強調要找回中華民國的美,找回台灣人的好,讓政黨輪替。",True,institution_only,True,gate: taiwanicity=2,True,KEEP,1.0,KEEP,1.0,True,KEEP,01_news_datasets/01_Ho_chinatimes_news_units.csv,1,,10968,req_2e92b5dc98f74bad9229047f297c0341,merged_deduped.csv,merged_deduped.csv,L1-06,選舉動員與政黨輪替訴求，非政策本身,,L2-04|L2-06|L2-07,找回中華民國的美→L2-06；找回台灣人的好→L2-06；讓政黨輪替→L2-07；引用蔣經國歷史領袖→L2-04,
_4442bfee5042,_4442bfee5042_u002,"柯文哲今天中午透過臉書表示,民進黨的前身是黨外,而黨外的兩大理念,分別是民主憲政與台灣獨立;",claim,"(中央社記者郭建伸台北28日電)民眾黨總統候選人柯文哲今天表示,民進黨的4大理念「民主、清廉、法治、台獨」,這8年一項都沒做到,善良的台灣人寵出民進黨的沉淪。","他指出,「如果信介仙在世,他會要民進黨阻擋疫苗嗎?他會認同民進黨卡台大校長嗎?」柯文哲說,自由時代週刊創辦人鄭南榕追求百分之百的言論自由,民進黨卻可以一邊紀念鄭南榕,一邊關中天電視台,精神分裂,讓人難以想像。","[{""name"": ""柯文哲"", ""party"": ""TPP""}, {""name"": ""民進黨"", ""party"": ""DPP""}]",[],False,,6fe51c7825aed51f193081fa62722d45,False,01_Ho_chinatimes_news,2023-12-28 14:25:00,"柯文哲今天中午透過臉書表示,民進黨的前身是黨外,而黨外的兩大理念,分別是民主憲政與台灣獨立;",True,cooccur: actor×institution,True,gate: actor×inst,False,KEEP,0.6441962718963623,,,False,KEEP,01_news_datasets/01_Ho_chinatimes_news_units.csv,1,,9823,req_4c0abd4599c441a09fbeef6e2360997b,merged_deduped.csv,merged_deduped.csv,L1-06,談政黨歷史理念與立場，非安全威脅,,L2-04|L2-08,黨外→戒嚴/黨外運動歷史模板→L2-04；民主憲政、台灣獨立作為核心理念→價值命題→L2-08,
_414348b01a2d,_414348b01a2d_u006,"賴副總統說,在一代又一代人,前仆後繼的努力之下,終於用民主的力量,推翻威權獨裁的高牆,成功走到如今的民主自由。",claim,"賴副總統今天透過臉書發文「走過威權歷史,捍衛民主、和平、繁榮」,他說,每年的12月10日,是世界人權日。","賴副總統表示,如今的台灣已是世界一股良善的力量,有能力為國際社會做出貢獻。",[],[],False,,1c8cf45a07ee7caedf53886043c28af7,False,03_Lai_chinatimes_news,2023-12-10 14:18:00,"賴副總統說,在一代又一代人,前仆後繼的努力之下,終於用民主的力量,推翻威權獨裁的高牆,成功走到如今的民主自由。",True,cooccur: actor×institution,True,gate: actor×inst,False,KEEP,0.4881795048713684,,,True,KEEP,01_news_datasets/03_Lai_chinatimes_news_units.csv,1,,2558,req_976f4a662049415793b1de78a528b57a,merged_deduped.csv,merged_deduped.csv,L1-06,民主價值與威權對立，屬制度與路線論述，非安全威脅,,L2-04|L2-08,威權獨裁→L2-04；民主力量推翻威權→L2-08,
_4dcb6fea7692,_4dcb6fea7692_u003,"嘉義分署長張岱表示,嘉義分署從日治時期到改制為行政機關,1999年改隸行政院農委會,至今年8月1日起更名為林業及自然保育署嘉義分署,有其歷史脈絡,未來以追求「社會有益、經濟可行、環境適宜」三者平衡的永續林業及保育為目標。",claim,"〔記者王善嬿/嘉義報導〕因應農業部升格改制,8月1日起原林務局改制為「林業及自然保育署」,其中「農業部林業及自然保育署阿里山林業鐵路及文化資產管理處」改制後全長26字,成名字最長政府機關,今天舉行揭牌典禮,而因應明年(113年)全線通車,增設安全管理科,展示對行車及員工安全的重視。",,[],[],False,,1efc7c350ee4ac50772df39f3db2a574,False,03_Lai_ltn_news,2023-08-14 18:18:53,"嘉義分署長張岱表示,嘉義分署從日治時期到改制為行政機關,1999年改隸行政院農委會,至今年8月1日起更名為林業及自然保育署嘉義分署,有其歷史脈絡,未來以追求「社會有益、經濟可行、環境適宜」三者平衡的永續林業及保育為目標。",True,institution_only,True,gate: core_election,False,REVIEW,0.3649322390556335,,,True,KEEP,01_news_datasets/03_Lai_ltn_news_units.csv,1,,2780,req_4bad73f64fee421bbb7240a8a5378bb6,merged_deduped.csv,merged_deduped.csv,L1-06,談永續林業三面向目標屬治理政策非經濟,,L2-04|L2-07,日治時期至今歷史脈絡→L2-04；未來以…為目標→願景動員→L2-07,
_46c0bd0f5284,_46c0bd0f5284_u007,"辜寬敏與黨外運動人士在日本成立台獨聯盟,大力資助台獨運動。",context,"辜家政治色彩偏藍,辜寬敏卻信奉台獨。","1972年,辜寬敏受邀回台,與時任行政院副院長蔣經國見面。",[],[],False,,04bc4adda290d974602691f5f6f32657,False,02_Ke_chinatimes_news,2023-02-27 11:40:00,"辜寬敏與黨外運動人士在日本成立台獨聯盟,大力資助台獨運動。",True,institution_only,True,gate: strong_anchor,False,REVIEW,0.3939307928085327,,,False,KEEP,01_news_datasets/02_Ke_chinatimes_news_units.csv,1,,435,req_6c915af9fdf04be2b9c3da51ebe0c297,merged_deduped.csv,merged_deduped.csv,L1-06,描述台獨運動行動，屬政治路線/非安全威脅,,L2-01|L2-04,黨外運動、台獨聯盟、資助台獨運動→歷史政治行動敘事→L2-04；台獨運動屬主權主體訴求→L2-01,
_657b001c9744,_657b001c9744_u006,"媒體詢問,昨天的總統大選電視政見發表會上,賴清德說前總統蔣經國是走落地生根這條路,放棄了落葉歸根,但現在的國民黨不思落實經國路線,卻反其道而行。",claim,"媒體追問,怎麼看因此被批評不推統一談判是在騙選票,趙少康說,不覺得他在騙選票,「你什麼時候從國民黨總統候選人侯友宜或我的嘴裡聽到要統一?」反問民進黨總統候選人賴清德,敢不敢說任內要凍結或廢除台獨黨綱。","媒體詢問有關凱旋苑爭議,民進黨今天公布租約,質疑侯友宜家族坑殺學生賺取暴利,侯友宜的妻子任美鈴今天也說,會將整棟大樓改為青年房舍出租或改為社會住宅。","[{""name"": ""賴清德"", ""party"": ""DPP""}, {""name"": ""國民黨"", ""party"": ""KMT""}]","[""政見發表會|procedure""]",True,debate/manifesto,acb32bad3c30733c601a5a5a53599edf,False,01_Ho_chinatimes_news,2023-12-27 17:32:00,"媒體詢問,昨天的總統大選電視政見發表會上,賴清德說前總統蔣經國是走落地生根這條路,放棄了落葉歸根,但現在的國民黨不思落實經國路線,卻反其道而行。",True,cooccur: actor×institution,True,gate: actor×inst,True,KEEP,1.0,KEEP,1.0,True,KEEP,01_news_datasets/01_Ho_chinatimes_news_units.csv,1,,15199,req_126c3ca67287447a963f3a6e71ba9b06,merged_deduped.csv,merged_deduped.csv,L1-06,評價國民黨是否落實經國路線屬治理路線非主權威脅,,L2-04,蔣經國路線、落地生根vs落葉歸根→歷史模板評價→L2-04,
_d86846606f8b,_d86846606f8b_u009,"(記者張嘉明攝) 前行政院長蘇貞昌致詞時說農民運動時他就在現場,現在農業部終於在蔡總統領導下成立,也呼應當年訴求,也進一步全面照顧農漁民並改革體制。",claim,"農委會今(1日)升格為農業部且正式揭牌,行政院長陳建仁頒授印信給新任農業部長、原農委會主委陳吉仲。",,[],[],False,,08a37a2594cfdd85de534f1b6fefab15,False,02_Ke_ltn_news,2023-08-01 12:02:45,"(記者張嘉明攝) 前行政院長蘇貞昌致詞時說農民運動時他就在現場,現在農業部終於在蔡總統領導下成立,也呼應當年訴求,也進一步全面照顧農漁民並改革體制。",True,institution_only,True,gate: taiwanicity=2,True,KEEP,1.0,KEEP,1.0,True,KEEP,01_news_datasets/02_Ke_ltn_news_units.csv,1,,793,req_8d00ef306d794421a96a30811e893770,merged_deduped.csv,merged_deduped.csv,L1-06,主題為改革體制與部會設立，非農民福祉本身,,L2-04|L2-07,農民運動歷史訴求被實現→L2-04；全面照顧農漁民、改革體制之願景→L2-07,
_015f2d449a69,_015f2d449a69_u014,柯文哲:郭自己把話堵死 國民黨擬徵召侯友宜選總統 高虹安:覺得有點怪 代表國民黨選總統 侯友宜喊3次「再次讓政黨輪替」 藍綠白總統選將就定位 賴清德盼對手有3項體認使命 國民黨公布內參民調侯友宜領先 中常委建議侯郭配 侯友宜不排斥侯習會 促賴清德說清贊成或反對台獨 傳柯侯郭下週見面 侯友宜:謝謝關心 柯文哲提與各黨領袖對話 朱立倫:樂意一起努力 記取823砲戰教訓 朱立倫:台海走回對抗恐成新戰場,claim,(編輯:謝佳珍)1120517 國民黨可望徵召侯友宜選總統 郭台銘是否出席常會仍未定 2024搭檔郭台銘參選?,,"[{""name"": ""賴清德"", ""party"": ""DPP""}, {""name"": ""侯友宜"", ""party"": ""KMT""}, {""name"": ""柯文哲"", ""party"": ""TPP""}, {""name"": ""國民黨"", ""party"": ""KMT""}]",[],False,,78d43a5ffab927718bc07010bf0ae767,False,01_Ho_chinatimes_news,2023-05-17 15:10:00,"柯文哲:郭自己把話堵死 國民黨擬徵召侯友宜選總統 高虹安:覺得有點怪 代表國民黨選總統 侯友宜喊3次「再次讓政黨輪替」 藍綠白總統選將就定位 賴清德盼對手有3項體認使命 國民黨公布內參民調侯友宜領先 中常委建議侯郭配 侯友宜不排斥侯習會 促賴清德說清贊成或反對台獨 傳柯侯郭下週見面 侯友宜:謝謝關心 柯文哲提與各黨領袖對話 朱立倫:樂意一起努力 記取823砲戰教訓 朱立倫:台海走回對抗恐成新戰場 本網站之文字、圖片及影音,非經授權,不得轉載、公開播送或公開傳輸及利用。",True,cooccur: actor×institution,True,gate: taiwanicity=2,True,KEEP,1.0,KEEP,1.0,True,KEEP,01_news_datasets/01_Ho_chinatimes_news_units.csv,1,,10611,req_db3d41c7dc8f4e00b20118cec46c670a,merged_deduped.csv,merged_deduped.csv,L1-06,政黨提名與總統選戰布局，屬政治治理,,L2-01|L2-04|L2-05,「台獨」→L2-01；「台海走回對抗恐成新戰場」→L2-05；「記取823砲戰教訓」→L2-04,
_7a68fd8c920e,_7a68fd8c920e_u005,"姚立明指出,台灣從專制轉型為民主制度已經超過30年,政治人物要具備憲法意識,才不會成為民主發展的破口。",claim,"姚立明指出,在政策的形成上,協商式民主就是憲法的基本概念,大家一般都會談多數決,非常少人深入理解協商式民主的重要,但相信無論是民進黨中常會或行政院會,都不會只是「少數服從多數」,而是協商式共識決,這就是民主最重要的原則,他也特別讚許在做的立法院黨團總召柯建銘,多年來在立院實踐協商式民主,落實民主真正的原則。","姚立明也援引現行憲法第2條、第3條,來詮釋中華民國和中華人民共和國是互不隸屬,來捍衛中華民國跟中華人民共和國互不相隸屬的現實狀況,並特別強調「協商式民主」,就是透過協商、尋求共識,要鞏固及提升執政的正當性,就要盡力讓更多人民參與決策,同時讓人民的意志與選舉結果,符合憲法直接及平等原則。",[],[],False,,79f9a0c836219b04de12e40dff2f556e,False,02_Ke_ltn_news,2023-07-19 17:14:43,"姚立明指出,台灣從專制轉型為民主制度已經超過30年,政治人物要具備憲法意識,才不會成為民主發展的破口。",True,institution_only,True,gate: strong_anchor,False,KEEP,0.5349392294883728,,,False,KEEP,01_news_datasets/02_Ke_ltn_news_units.csv,1,,10710,req_05d455cbddd94a06a112745864d29922,merged_deduped.csv,merged_deduped.csv,L1-06,談民主制度與政治人物責任，屬治理合法性，非主權安全,,L2-04|L2-08,專制→民主轉型30年＋民主發展→L2-04；民主制度、民主發展為核心→L2-08,
_3d7fcdb97c05,_3d7fcdb97c05_u001,"〔中央社〕隨著台灣2024總統暨立委大選逼近,台灣「根」的問題再度受到檢視。",context,,"台灣是1949年逃離毛澤東共軍的中國國民黨後代的家園,但這些人並非第一批來到台灣的人。",[],[],False,,2d1bcffcf1127eaa2eff6090247fd729,False,02_Ke_ltn_news,2024-01-09 14:48:21,"(資料照) 2024/01/09 14:48 〔中央社〕隨著台灣2024總統暨立委大選逼近,台灣「根」的問題再度受到檢視。",True,institution_only,True,gate: taiwanicity=2,True,KEEP,1.0,KEEP,1.0,True,KEEP,01_news_datasets/02_Ke_ltn_news_units.csv,1,,4022,req_745f930bd1db46448445b7c69c10ac14,merged_deduped.csv,merged_deduped.csv,L1-06,談台灣根源與認同，屬政治路線,,L2-04,台灣2024總統暨立委大選→國家政治共同體脈絡；台灣「根」的問題→身分/認同與歷史來源檢視→L2-04,
_7d2e81c1552f,_7d2e81c1552f_u007,"2000年台灣首次政黨輪替,蕭美琴擔任時任總統陳水扁隨身翻譯及總統府顧問,當年她和陳水扁團隊中的前立委羅文嘉等人,被戲稱為「童子軍」,並爆發國籍爭議,她透過參選立委,展現個人魅力和政治火候,以行動反駁外界質疑。",claim,"民進黨的彭謝(前總統府資政彭明敏、駐日代表謝長廷)配在1996總統大選敗選後,蕭美琴返台進入民進黨中央接任國際部副主任,從小幕僚開啟政治生涯,英語流利的她,成為歷任黨主席和總統的得力助手,一路在民進黨內發光發熱。","蕭美琴2001年當選僑選立委、2004年當選台北市立委,2008年力拚連任時黨內初選競爭激烈,被指是11寇中的「中國琴」而落敗,但她未受派系紛爭影響,仍積極投入總統大選輔選,當年謝長廷敗選後,她在台上痛哭令人印象深刻。","[{""name"": ""蕭美琴"", ""party"": ""DPP""}]",[],False,,cb8c3e516d34b24cd54fa594616bc0bf,False,02_Ke_chinatimes_news,2023-11-20 12:36:00,"2000年台灣首次政黨輪替,蕭美琴擔任時任總統陳水扁隨身翻譯及總統府顧問,當年她和陳水扁團隊中的前立委羅文嘉等人,被戲稱為「童子軍」,並爆發國籍爭議,她透過參選立委,展現個人魅力和政治火候,以行動反駁外界質疑。",True,cooccur: actor×institution,True,gate: taiwanicity=3,True,KEEP,1.0,KEEP,1.0,True,KEEP,01_news_datasets/02_Ke_chinatimes_news_units.csv,1,,17930,req_0ebcb9dc7a13405fa5e48bfa305f52ff,merged_deduped.csv,merged_deduped.csv,L1-06,人物經歷敘述，無政策或價值評斷,,L2-04|L2-07,2000年首次政黨輪替→歷史模板啟動L2-04；透過參選立委反駁質疑→隱含行動與政治動員L2-07,
_440157b030b4,_440157b030b4_u003,"台南市文化協會創會會長鄭道聰表示,鄭成功中樞祭典源於1963年當時台灣省議會,向行政院建議中樞每年4月29日公祭鄭成功以示崇敬,而行政院同年4月11日院會決議並核定由內政部長主持以示隆重,而且這項祭典每年在台南延平郡王祠舉行。",claim,,"此外,依行政院核示公文,當年的台南市長林錫山也於1970年4月29日在延平郡王祠大門左側立碑,碑文說明奉院令定4月29日,為公祭鄭氏之日,並由南市負責籌辦祭典事宜,以彰顯台南祭典重要性。",[],"[""院會|procedure""]",True,,2231ef2c6639b8d283c128b9dfa7d78c,False,02_Ke_ltn_news,2023-04-30 06:10:34,"台南市文化協會創會會長鄭道聰表示,鄭成功中樞祭典源於1963年當時台灣省議會,向行政院建議中樞每年4月29日公祭鄭成功以示崇敬,而行政院同年4月11日院會決議並核定由內政部長主持以示隆重,而且這項祭典每年在台南延平郡王祠舉行。",True,institution_only,True,gate: taiwanicity=2,True,KEEP,1.0,KEEP,1.0,False,KEEP,01_news_datasets/02_Ke_ltn_news_units.csv,1,,3056,req_c3e8d0e79b2d4232baff7fb2c64359eb,merged_deduped.csv,merged_deduped.csv,L1-06,描述祭典沿革與官方決議屬制度程序,,L2-04,描述1963年省議會建議、行政院決議、公祭制度化→歷史敘事作為正當性來源→L2-04,
_ed1465e691bf,_ed1465e691bf_u009,"他也質疑,太陽花學運訴求之一兩岸協議監督條例現在至今尚未通過,當年總統蔡英文也曾反對兩岸經濟合作架構協議(ECFA),為何沒有停掉。",claim,"柯文哲倡議重啟服貿 許立明:前後言行應被比較 侯友宜:兩岸就像一家人 柯文哲政策變來變去 提重啟服貿惹議 賴辦:轉移話題逃避質疑是柯文哲SOP 柯文哲強調,內部討論就是什麼都有,且一直以來他是反對黑箱服貿並非反對服貿,只要經過民主程序就都可以談。","透過 Google News 談到兩岸交流議題,柯文哲認為,政府對中國設下很多限制,像是小三通未完全開放、陸配6年才能拿身分證也比一般外配來得久,「美國什麼待遇、大陸就什麼待遇,自然就好」,但面對兩岸議題雖然要有相關準備,也不能一開始就當敵人對待或是在言詞上起衝突。",[],"[""ECFA|policy"", ""兩岸|cross-strait""]",False,,d0c8efa877e14c16986187b31cdd2608,False,01_Ho_chinatimes_news,2023-06-24 17:13:00,"他也質疑,太陽花學運訴求之一兩岸協議監督條例現在至今尚未通過,當年總統蔡英文也曾反對兩岸經濟合作架構協議(ECFA),為何沒有停掉。",True,institution_only,True,gate: core_election,False,KEEP,0.4328694939613342,,,True,KEEP,01_news_datasets/01_Ho_chinatimes_news_units.csv,1,,18398,req_8247a49cf5694955bb4eab6a96de73e7,merged_deduped.csv,merged_deduped.csv,L1-06,批評兩岸協議監督與ECFA政策處理，屬政策治理,,L2-04,提太陽花學運、兩岸協議監督條例、ECFA爭議→歷史/集體記憶作為論證→L2-04；其餘為政策攻防無主權/威脅/動員明顯訊號,
_f79f6a29b86c,_f79f6a29b86c_u010,"刊登第一篇意見廣告,力挺彭明敏參選總統 2000年 陳水扁當選總統,辜寬敏出任總統府資政;",context,"刊登第一篇意見廣告,力挺彭明敏參選總統 1995年 加入民進黨;","4月,以台獨聯盟名義在「華盛頓郵報」中刊登廣告,表示台灣在政黨輪替後應該宣布獨立。",[],[],False,,187d797de29b50b69177b9c44a97833f,False,02_Ke_chinatimes_news,2025-05-19 17:20:00,"刊登第一篇意見廣告,力挺彭明敏參選總統 2000年 陳水扁當選總統,辜寬敏出任總統府資政;",True,institution_only,True,gate: taiwanicity=2,True,KEEP,1.0,KEEP,1.0,True,KEEP,01_news_datasets/02_Ke_chinatimes_news_units.csv,1,,2188,req_3dc50a173e5042069151147772daec61,merged_deduped.csv,merged_deduped.csv,L1-06,單純政治人物經歷敘述，無政策/評價,,L2-04,彭明敏、陳水扁當選總統、總統府資政→黨外/民進黨執政歷史模板→L2-04,
_1445a8162cbb,_1445a8162cbb_u001,"〔記者許倬勛/新北報導〕《自由時代週刊》創辦人鄭南榕為爭取言論自由,於1989年4月7日清晨自焚殉道身亡,蔡英文總統為此將明日訂為「言論自由日」。",context,,"鄭南榕一生主張台獨、反抗威權政府,1988年他因在「自由時代周刊」刊登「台灣共和國憲法草案」,遭國民黨政府控「叛亂罪」,鄭堅持言論自由不妥協,誓言「國民黨只能捉到我的屍體,不能捉到我的人」,1989年4月7日,鄭南榕在雜誌社自囚71天,在警方拘提前自焚殉道。",[],[],False,,bd3e973a049dbd811a54a6525156eb97,False,03_Lai_ltn_news,2023-04-06 18:55:31,"(記者許倬勛攝) 2023/04/06 18:55 〔記者許倬勛/新北報導〕《自由時代週刊》創辦人鄭南榕為爭取言論自由,於1989年4月7日清晨自焚殉道身亡,蔡英文總統為此將明日訂為「言論自由日」。",True,institution_only,True,gate: core_election,False,KEEP,0.6661087274551392,,,True,KEEP,01_news_datasets/03_Lai_ltn_news_units.csv,1,,16638,req_010fd134c9864a1598552d085c9d2737,merged_deduped.csv,merged_deduped.csv,L1-06,政府訂定紀念日屬政策與治理，非人身福祉,,L2-04|L2-08,爭取言論自由、自焚殉道→L2-04；總統訂「言論自由日」→L2-08,
_a06ebe28058a,_a06ebe28058a_u001,"〔記者蘇永耀/台北報導〕國史館週末將發表《李登輝總統僚屬故舊訪談錄》新書,前立法院長王金平在書中,完整說明「太陽花學運真相」。",claim,,"時任立法院長的王金平透過訪談表示,事件起因是簽署兩岸服務貿易協議,引起社會抗議。",[],"[""立法院|institution""]",False,,ee364ec2cb1af5fbdb13d64fdbeae791,False,02_Ke_ltn_news,2023-07-27 09:46:09,"(資料照) 2023/07/27 09:46 〔記者蘇永耀/台北報導〕國史館週末將發表《李登輝總統僚屬故舊訪談錄》新書,前立法院長王金平在書中,完整說明「太陽花學運真相」。",True,institution_only,True,gate: taiwanicity=2,True,KEEP,1.0,KEEP,1.0,True,KEEP,01_news_datasets/02_Ke_ltn_news_units.csv,1,,21011,req_6b72922aed1d4f5c96d8d32eca1498cf,merged_deduped.csv,merged_deduped.csv,L1-06,描述新書與太陽花事件背景，偏制度敘事非經濟,,L2-04,太陽花學運→歷史事件模板啟動→L2-04,
_83e8a5bfff07,_83e8a5bfff07_u004,"陳定南當年以「400年來第1戰,要將台灣變青天」口號競選省長,而自荷蘭人1624年登陸台灣起算,明年正好滿400年,基金會籌畫「做自己的主人-1994省長選舉」特展,從陳定南參選的角度切入,分享當年省長選舉的歷史意義及台灣民主發展史,展期1年,今天開幕。",context,,"林光義曾經贈書給柯文哲,還簽名「寶劍贈英雄」,但柯文哲後來受訪談兩岸時曾稱,拳頭比人小,不應大小聲,林光義對此相當失望,2019年更公開批評柯文哲。",[],[],False,,ffb7d4d6a596a7ff569596a0708d6a7c,False,03_Lai_ltn_news,2023-11-04 19:16:53,"陳定南當年以「400年來第1戰,要將台灣變青天」口號競選省長,而自荷蘭人1624年登陸台灣起算,明年正好滿400年,基金會籌畫「做自己的主人-1994省長選舉」特展,從陳定南參選的角度切入,分享當年省長選舉的歷史意義及台灣民主發展史,展期1年,今天開幕。",True,institution_only,True,gate: core_election,False,KEEP,0.6614013910293579,,,False,KEEP,01_news_datasets/03_Lai_ltn_news_units.csv,1,,22525,req_9d0ea9cea4bc466b95a5829618f8ef77,merged_deduped.csv,merged_deduped.csv,L1-06,民主發展史與選舉歷史意義，屬制度政治,,L2-04|L2-08,「400年來第1戰」「做自己的主人」「省長選舉的歷史意義及台灣民主發展史」→L2-04；民主發展史、做自己的主人→L2-08,
_443c6b1fcbbf,_443c6b1fcbbf_u009,"黨內人士轉述,柯建銘重述歷史因素,包括當初立法院黨團有提4點聲明,不能自動生效、不能全案表決等,柯建銘強調,歷史因素都還在。",claim,"透過 Google News 黨內人士說,民進黨立法院黨團總召柯建銘在中常會也質疑,對於兩岸監督條例,這5年內民眾黨立委也都沒有處理、什麼都不提。",,[],"[""立法院|institution"", ""表決|procedure""]",True,legislative,c6abfb295bf4ea6b0a8c0c4df0c69d62,False,02_Ke_chinatimes_news,2023-06-21 17:04:00,"黨內人士轉述,柯建銘重述歷史因素,包括當初立法院黨團有提4點聲明,不能自動生效、不能全案表決等,柯建銘強調,歷史因素都還在。",True,institution_only,True,gate: taiwanicity=2,True,KEEP,1.0,KEEP,1.0,True,KEEP,01_news_datasets/02_Ke_chinatimes_news_units.csv,1,,17485,req_0621a84de85d4ab4a729da2a27afe5c8,merged_deduped.csv,merged_deduped.csv,L1-06,談立院程序與歷史機制，屬政策制度；非主權安全,,L2-04,重述歷史因素、當初…有提4點聲明→以過去決策作為當下論據→L2-04,
_f21498095491,_f21498095491_u004,"透過 Google News 現年73歲的魏耀乾,台南市佳里區人,是民進黨創黨元老,曾擔任第1屆增額立委和第2屆立委,也代表民進黨參選馬祖(連江縣)立委,2000年12月因和民進黨理念不合,宣布退黨自行參選台南縣長失利後,逐漸淡出政壇。",context,"魏耀乾同時批評民進黨政府已完全變質,壟斷輿論,壓制異己,形成「綠色恐怖」,背離台灣人民的託付,「在我人生最後一哩路,以黨外參選立委,報答當年鄉親栽培之恩並請罪」。","魏耀乾宣布投入的第1選區,民進黨籍立委賴惠員尋求連任,國民黨則徵召前台南縣議員程雅雲兒子周宏昌出馬。","[{""name"": ""民進黨"", ""party"": ""DPP""}]",[],False,,7692edb6899f1eebd0a7f5870fd11ecc,False,03_Lai_chinatimes_news,2023-10-06 11:53:00,"透過 Google News 現年73歲的魏耀乾,台南市佳里區人,是民進黨創黨元老,曾擔任第1屆增額立委和第2屆立委,也代表民進黨參選馬祖(連江縣)立委,2000年12月因和民進黨理念不合,宣布退黨自行參選台南縣長失利後,逐漸淡出政壇。",True,cooccur: actor×institution,True,gate: actor×inst,False,KEEP,0.6320337653160095,,,True,KEEP,01_news_datasets/03_Lai_chinatimes_news_units.csv,1,,10423,req_90417965f51d45609019c666bca5549a,merged_deduped.csv,merged_deduped.csv,L1-06,人物經歷背景敘述，無政策或評價,,L2-04,創黨元老、增額立委、退黨經歷→歷史角色與黨外/黨外運動模板→L2-04,
_6d5b292ba5f6,_6d5b292ba5f6_u005,"2000年總統大選藍營分裂,宋楚瑜脫黨參選瓜分連戰票源,棄保效應發酵,國民黨連蕭配僅拿到23.1%選票寫歷史新低,低於無黨籍的宋張配(36.8%),民進黨陳水扁、呂秀蓮以39.3%勝選,寫下中華民國憲政史上首次政黨輪替。",context,"2024選舉開票 區域立法委員當選名單【不斷更新】 2024總統立委選舉開票實況 中央社即時直播不搶快不灌票 中央社彙整中選會資料庫製作圖表,帶您掌握近幾屆總統立委選舉政黨版圖、票倉分布變化,以及不分區立委席次消長等概況。","2004年總統大選,國親合推的連宋配以0.22個百分點不敵民進黨陳呂配,這是歷屆選舉國、民兩黨得票率差距最小的一次。","[{""name"": ""民進黨"", ""party"": ""DPP""}, {""name"": ""國民黨"", ""party"": ""KMT""}, {""name"": ""藍營"", ""party"": ""KMT""}]",[],False,,039fe10d993432adf11fd0380e626b94,False,02_Ke_chinatimes_news,2024-01-05 09:00:00,"2000年總統大選藍營分裂,宋楚瑜脫黨參選瓜分連戰票源,棄保效應發酵,國民黨連蕭配僅拿到23.1%選票寫歷史新低,低於無黨籍的宋張配(36.8%),民進黨陳水扁、呂秀蓮以39.3%勝選,寫下中華民國憲政史上首次政黨輪替。",True,cooccur: actor×institution,True,gate: taiwanicity=2,True,KEEP,1.0,KEEP,1.0,True,KEEP,01_news_datasets/02_Ke_chinatimes_news_units.csv,1,,331,req_9a768f62bdb846738adb5886c1f45ca1,merged_deduped.csv,merged_deduped.csv,L1-06,選舉結果與政黨版圖變化，屬制度政治,,L2-04,「寫下…憲政史上首次政黨輪替」作為歷史事件評價→L2-04,
_681361ab8a70,_681361ab8a70_u023,"透過 Google News 他說,李前總統在1990年舉行國是會議把主要政黨找來,決定解散萬年國會,台灣從此走向民主之路。",claim,"他認為,兩岸問題是太平洋兩岸,必須由這個觀點去處理兩岸問題。","但他認為,台灣現階段不可能統一或獨立,統獨現階段是個假議題。",[],[],False,,62d75018de27c93ff3f080d503bb3dd3,False,02_Ke_chinatimes_news,2023-06-05 22:59:00,"透過 Google News 他說,李前總統在1990年舉行國是會議把主要政黨找來,決定解散萬年國會,台灣從此走向民主之路。",True,institution_only,True,gate: taiwanicity=2,True,KEEP,1.0,KEEP,1.0,True,KEEP,01_news_datasets/02_Ke_chinatimes_news_units.csv,1,,8698,req_430f71b8a60f40b6a9b93e4ffaabe31b,merged_deduped.csv,merged_deduped.csv,L1-06,評述民主轉型歷程，屬制度與治理而非安全,,L2-04|L2-08,1990國是會議、解散萬年國會、走向民主之路→歷史模板+民主化論證→L2-04; 民主之路→以民主定義路徑→L2-08,
_ecfadc25727b,_ecfadc25727b_u007,"鄭文燦也說,他和范綱祥曾一起在野百合併肩作戰,范綱祥放棄市議員連任,用百分之百的誠意參選立委,好的立委可以讓桃園不一樣;",claim,"賴清德是最有能力保護台灣的總統參選人,一定要讓賴清德與鄭運鵬雙雙當選,守護台灣珍貴的民主。",2024/01/12 22:45,[],[],False,,f48438ff7883ffce7457294948d44b4d,False,01_Ho_chinatimes_news,2023-10-21 21:51:00,"鄭文燦也說,他和范綱祥曾一起在野百合併肩作戰,范綱祥放棄市議員連任,用百分之百的誠意參選立委,好的立委可以讓桃園不一樣;",True,institution_only,True,gate: core_election,False,KEEP,0.61841881275177,,,True,KEEP,01_news_datasets/01_Ho_chinatimes_news_units.csv,1,,21558,req_6aba47e94ed84d7faaf6c30cba3b9e72,merged_deduped.csv,merged_deduped.csv,L1-06,選賢與能、好立委改變地方，屬治理/政策,,L2-04|L2-07,野百合併肩作戰→L2-04；好的立委可以讓桃園不一樣→L2-07,
_0caae7132739,_0caae7132739_u000,"(12/10 15:06 更新) (中央社記者沈如峰基隆10日電)總統蔡英文今天在基隆輔選時說,民眾若覺得她當總統做得不錯,那是因她從故前總統李登輝任內就被培養,才有今天執政成果,目前最有資格接棒的就是民進黨賴清德團隊。",claim,,"蔡總統上午在民進黨基隆市立委參選人鄭文婷、現任立委蔡適應、基隆市議會議長童子瑋陪同下,前往鄭文婷競選總部,並在總部推出的競選小物「撐基隆」雨傘上,貼上「選對的人、走對的路」貼紙,並在上面簽名。","[{""name"": ""賴清德"", ""party"": ""DPP""}, {""name"": ""民進黨"", ""party"": ""DPP""}]",[],False,,2ba2173ba537a46c47a396a664c5866b,False,03_Lai_chinatimes_news,2023-12-10 13:41:00,"蔡英文:民進黨賴蕭配是最有資格的接棒團隊 2023/12/10 13:41 (12/10 15:06 更新) (中央社記者沈如峰基隆10日電)總統蔡英文今天在基隆輔選時說,民眾若覺得她當總統做得不錯,那是因她從故前總統李登輝任內就被培養,才有今天執政成果,目前最有資格接棒的就是民進黨賴清德團隊。",True,cooccur: actor×institution,True,gate: actor×inst,False,KEEP,0.579822838306427,,,True,KEEP,01_news_datasets/03_Lai_chinatimes_news_units.csv,1,,3872,req_7f1d3c83b4624be38cf2ba1b1a2f101a,merged_deduped.csv,merged_deduped.csv,L1-06,自我與接班團隊施政評價，屬治理正當性,,L2-04|L2-06|L2-07,執政成果被肯定→L2-06；最有資格接棒、輔選語境→L2-07；李登輝任內被培養、傳承脈絡→L2-04,
_35634f43cd86,_35634f43cd86_u004,"此外,賴清德、蕭美琴昨天前往中選會登記時,胸前的「Q版貓狗胸章」也別具巧思,上頭繪有象徵賴清德「狗派」的台灣黑狗圖像、代表「台灣戰貓」蕭美琴「貓派」的貓咪繪像,郭雅慧說明,正副總統候選人的互補性很高,一位堅毅熱情、一位冷靜靈巧,團隊便規劃以「狗派、貓派都是挺台派」的形象來呈現,透過動物深植人心的特質、強烈的對比性,用活潑親民的風格,讓選民一眼看出這個組合的重要特質。",claim,"郭雅慧說,影片中藏有許多巧思,包括「和你一起,成就下一代的未來」、「婚姻平權,讓彩虹到更遠的地方」、「台灣成為世界關鍵字」等,都扣合先前賴清德公布的國政藍圖,最後更有賴清德八月出訪巴拉圭過境美國時和蕭美琴的「合體彩蛋」。",民進黨總統、副總統參選人賴清德與蕭美琴昨赴中選會完成登記。,"[{""name"": ""賴清德"", ""party"": ""DPP""}, {""name"": ""蕭美琴"", ""party"": ""DPP""}]",[],False,,2ab102508b7401b9915ddae2542994c5,False,03_Lai_ltn_news,2023-11-22 05:30:00,"此外,賴清德、蕭美琴昨天前往中選會登記時,胸前的「Q版貓狗胸章」也別具巧思,上頭繪有象徵賴清德「狗派」的台灣黑狗圖像、代表「台灣戰貓」蕭美琴「貓派」的貓咪繪像,郭雅慧說明,正副總統候選人的互補性很高,一位堅毅熱情、一位冷靜靈巧,團隊便規劃以「狗派、貓派都是挺台派」的形象來呈現,透過動物深植人心的特質、強烈的對比性,用活潑親民的風格,讓選民一眼看出這個組合的重要特質。",True,cooccur: actor×institution,True,gate: taiwanicity=3,True,KEEP,1.0,KEEP,1.0,True,KEEP,01_news_datasets/03_Lai_ltn_news_units.csv,1,,3801,req_19b3c8c3233a4fd1b2aa3a786e9f0627,merged_deduped.csv,merged_deduped.csv,L1-07,競選形象與情緒動員，非政策,,L2-02,「挺台派」作為身分標籤→L2-02,
_702b251d2e4c,_702b251d2e4c_u008,"他也酸歷史哥,怎麼不敢寫是「國民黨網軍教師」黑夜奇俠在肉搜星光奈奈,在另則發文也提到「白藍互相肉搜,我們1450就安靜不講話(嚼爆米花)」。",claim,"她在留言處也指出,「太可怕了,肉搜艾瑪家人的那個帳號還來問我,某地址有沒有住人....」、「藍色的支持者我知道你們很難相信,但是這事實,還有人要我自己檢討? 台灣不是民主自由國家?不管你支持誰?都不應該受到這種狀況吧。這種要檢討的情形只有中國才會發生吧」、「我應該感謝綠色那邊嗎?提供很多很多資料給我,真的是証據確鑿,在被欺負的時候提供援助。這麼多年來,第一次感受到滿滿的支援,怪不得這麼多年輕人會投入綠色拼命。」、「之前我跟綠色網軍互嗆時?從沒見到藍色援助,現在還拿刀在背後插我。」 星光奈奈3日下午則再度發文,怒批「太噁心了!想問藍色你們這些有頭有臉有影響力的,在他臉書互相追蹤好友中,不少人還是我支持過,請問到底有多少人請他肉搜不支持者的資料?連孩子都不放過???」、「當我看到一些資料的感覺只有想吐.....跟綠色對峙8年,沒想到最後是藍色的在背後插刀」。","星光奈奈發文指出,讓合作對象的家人被騷擾資料的源頭,帶頭的竟然是藍色網軍,她還tag侯友宜 、趙少康,質問「你們的網軍側翼,比綠色更恐怖,叫白色的怎麼敢靠過去?」(圖擷自「星光奈奈」臉書,本報合成) 四叉貓也發文指出,「歷史哥澄清唬」雖發文譴責「黑夜奇俠」肉搜星光奈奈的行為,但他PO出截圖表示,過去「黑俠」也都會提供肉搜資料給「歷史哥」,並酸怎麼不敢寫是「國民黨網軍教師」黑夜奇俠在肉搜星光奈奈。","[{""name"": ""國民黨"", ""party"": ""KMT""}]",[],False,,a5204406c2112e980c4088d437e882a6,False,02_Ke_ltn_news,2023-12-04 09:04:28,"他也酸歷史哥,怎麼不敢寫是「國民黨網軍教師」黑夜奇俠在肉搜星光奈奈,在另則發文也提到「白藍互相肉搜,我們1450就安靜不講話(嚼爆米花)」。",True,cooccur: actor×institution,True,gate: actor×inst,False,REVIEW,0.3305124044418335,,,False,KEEP,01_news_datasets/02_Ke_ltn_news_units.csv,1,,14527,req_776a74d125294cc2a0793d88b782acfc,merged_deduped.csv,merged_deduped.csv,L1-07,嘲諷攻擊與情緒表達，非品格論證,,L2-02,民主自由、台灣vs中國差異→L2-02；政黨網軍衝突無國族層面→其餘不選,
_3a56033c4494,_3a56033c4494_u003,"侯友宜致詞表示,感謝雲林鄉親相挺,民進黨總統候選人賴清德在政見發表會說,侯友宜後面站著的是朱立倫、國民黨副總統候選人趙少康、韓國瑜、前總統馬英九等人,都親共,只差沒說他們不是台灣人,韓國瑜、朱立倫他們難道不是台灣人?",claim,"國民黨今晚在雲林虎尾舉行造勢活動,虎尾夜市湧入人潮,造成四周馬路大塞車,前雲林縣長張榮味、雲林縣長張麗善與前高雄市長韓國瑜、國民黨主席朱立倫都到場挺侯友宜。","侯友宜指出,國民黨很清楚反對一國兩制,堅持民主自由、反對台獨。","[{""name"": ""賴清德"", ""party"": ""DPP""}, {""name"": ""侯友宜"", ""party"": ""KMT""}, {""name"": ""趙少康"", ""party"": ""KMT""}, {""name"": ""民進黨"", ""party"": ""DPP""}, {""name"": ""國民黨"", ""party"": ""KMT""}]","[""政見發表會|procedure""]",True,debate/manifesto,03183524099749d44c534e17915734f3,False,01_Ho_chinatimes_news,2023-12-26 22:28:00,"侯友宜致詞表示,感謝雲林鄉親相挺,民進黨總統候選人賴清德在政見發表會說,侯友宜後面站著的是朱立倫、國民黨副總統候選人趙少康、韓國瑜、前總統馬英九等人,都親共,只差沒說他們不是台灣人,韓國瑜、朱立倫他們難道不是台灣人?",True,cooccur: actor×institution,True,gate: taiwanicity=2,True,KEEP,1.0,KEEP,1.0,True,KEEP,01_news_datasets/01_Ho_chinatimes_news_units.csv,1,,289,req_384eb395f0714c04b3eb4937b47d4e68,merged_deduped.csv,merged_deduped.csv,L1-07,情緒反駁被說不算台灣人，非主權安全,,L2-02,指控「不是台灣人」→身分邊界爭奪→L2-02,
_8cf01a0922f8,_8cf01a0922f8_u006,"透過 Google News 至於「戰貓」稱號的來由,蕭美琴表示,先前駐美時曾被記者問到,在國際上面對戰狼將如何應對,蕭美琴便回應,「那我就是戰貓,貓比狼還受到喜愛,且特質更吸引人,不只有平衡感,在狹隘的空間上也有辦法取得平衡」。",claim,"蕭美琴透露,因為總統蔡英文先前經常幫她照顧貓咪,有次她在花蓮撿到一隻小貓,雙方後來通話時,小貓在旁不停喵喵叫,她決定將貓咪送給蔡總統,這隻貓便成了現在健康活潑的台灣第一貓「蔡想想」。","如今戰貓的性格,成了蕭美琴與國際友人往來互動時的代表性精神。","[{""name"": ""蕭美琴"", ""party"": ""DPP""}]",[],False,,0bc81ccfabb566eeba0ea37f0aa1d218,False,02_Ke_chinatimes_news,2023-11-28 21:08:00,"透過 Google News 至於「戰貓」稱號的來由,蕭美琴表示,先前駐美時曾被記者問到,在國際上面對戰狼將如何應對,蕭美琴便回應,「那我就是戰貓,貓比狼還受到喜愛,且特質更吸引人,不只有平衡感,在狹隘的空間上也有辦法取得平衡」。",True,cooccur: actor×institution,True,gate: actor×inst,False,REVIEW,0.2980596423149109,,,False,KEEP,01_news_datasets/02_Ke_chinatimes_news_units.csv,1,,1055,req_31bb6f6e185248618e67d19e81954834,merged_deduped.csv,merged_deduped.csv,L1-07,自我形象與情緒風格，無政策/道德,,L2-02,戰狼(中國外交隱喻)對比戰貓→L2-02,
_2f9dedbf5e80,_2f9dedbf5e80_u007,(編輯:張若瑤)1121213 2024大選 總統電視辯論會12/30下午登場 分析賴清德侯友宜柯文哲支持率趨勢 小笠原欣幸:8月後各有消長 彭博:台灣2024大選三足鼎立 以親美、親中劃清戰線 學者:民進黨恐失立法院多數 柯文哲成關鍵角色 學者:2024三腳督年輕中間選票關鍵 棄保操作不易 賴蕭陸空催票拚擴大領先 立委選舉強攻12激戰區 侯康配拚北票南補決戰中台 立委席次上看50席 柯盈配評估選情回穩 挖藍牆腳擴張選票 扭轉年輕票流向 侯友宜端牛肉趙少康第一線宣傳 年輕族群牽動勝負 賴陣營強化內政議題 2023/12/15 16:10 2023/12/14 10:36 2023/12/13 14:27 2023/12/13 14:27 2023/12/13 14:26 2023/12/13 14:26,claim,"參與街講的柯辦發言人吳怡萱受訪指出,有別於柯文哲的廟口開講、造勢晚會,多聚焦在國家政府議題,街講鎖定的族群就是年輕選民,並從年輕人視角回看台灣的民生議題,未必要強大的組織動員,更重要的是傳達理念。",,"[{""name"": ""賴清德"", ""party"": ""DPP""}, {""name"": ""侯友宜"", ""party"": ""KMT""}, {""name"": ""趙少康"", ""party"": ""KMT""}, {""name"": ""柯文哲"", ""party"": ""TPP""}, {""name"": ""民進黨"", ""party"": ""DPP""}]","[""辯論|procedure"", ""立法院|institution""]",True,debate/manifesto,13c6ea50b79a1ba1ce98c126dfad3e74,False,01_Ho_chinatimes_news,2023-12-13 14:27:00,"(編輯:張若瑤)1121213 2024大選 總統電視辯論會12/30下午登場 分析賴清德侯友宜柯文哲支持率趨勢 小笠原欣幸:8月後各有消長 彭博:台灣2024大選三足鼎立 以親美、親中劃清戰線 學者:民進黨恐失立法院多數 柯文哲成關鍵角色 學者:2024三腳督年輕中間選票關鍵 棄保操作不易 賴蕭陸空催票拚擴大領先 立委選舉強攻12激戰區 侯康配拚北票南補決戰中台 立委席次上看50席 柯盈配評估選情回穩 挖藍牆腳擴張選票 扭轉年輕票流向 侯友宜端牛肉趙少康第一線宣傳 年輕族群牽動勝負 賴陣營強化內政議題 2023/12/15 16:10 2023/12/14 10:36 2023/12/13 14:27 2023/12/13 14:27 2023/12/13 14:26 2023/12/13 14:26 本網站之文字、圖片及影音,非經授權,不得轉載、公開播送或公開傳輸及利用。",True,cooccur: actor×institution,True,gate: taiwanicity=3,True,KEEP,1.0,KEEP,1.0,True,KEEP,01_news_datasets/01_Ho_chinatimes_news_units.csv,1,,1742,req_8f570c8c51d34255889d63304aa2011c,merged_deduped.csv,merged_deduped.csv,L1-07,選舉與政黨攻防、無政策實質→情緒/動員,,L2-02|L2-07,親美、親中劃清戰線→L2-02；大選/立委選舉、戰線、催票→L2-07,
_daa17a093bbe,_daa17a093bbe_u002,"柯文哲:國旗不是國民黨的專利 更多新聞:桃園造勢也飆破萬人 柯文哲感動:沒法像藍綠發便當、遊覽車 2024總統大選 TVBS報票員招募中 新北耶誕城「桑塔熊回歸」必看光雕秀 活動時間、交通攻略 新北耶誕城「桑塔熊回歸」必看光雕秀 活動時間、交通攻略 快來下載TVBS新聞APP,天天打卡抽咖啡 全新百貨級菜市場正式開幕!",context,"對此,民眾黨總統候選人柯文哲也譏諷:「我國觀光又多另一個景點。」 更多新聞:戴國旗徽章搶韓粉票?",,"[{""name"": ""柯文哲"", ""party"": ""TPP""}, {""name"": ""國民黨"", ""party"": ""KMT""}]","[""國旗|symbol""]",True,campaigning,34fdd22988ad566d8ee0189782bfdd1a,False,02_Ke_tvbs_news,2023-12-18 13:07:00,"柯文哲:國旗不是國民黨的專利 更多新聞:桃園造勢也飆破萬人 柯文哲感動:沒法像藍綠發便當、遊覽車 2024總統大選 TVBS報票員招募中 新北耶誕城「桑塔熊回歸」必看光雕秀 活動時間、交通攻略 新北耶誕城「桑塔熊回歸」必看光雕秀 活動時間、交通攻略 快來下載TVBS新聞APP,天天打卡抽咖啡 全新百貨級菜市場正式開幕!",True,cooccur: actor×institution,True,gate: actor×inst,False,KEEP,0.4572216868400574,,,True,KEEP,01_news_datasets/02_Ke_tvbs_news_units.csv,1,,4690,req_1216c7cff0ec47ddb06399e9fd2484d4,merged_deduped.csv,merged_deduped.csv,L1-07,選舉與造勢宣傳資訊，無政策/道德主題,,L2-02,「國旗不是國民黨的專利」→國族象徵歸屬與認同邊界爭奪→L2-02,
_e9419dc082ff,_e9419dc082ff_u001,"〔即時新聞/綜合報導〕前文化部長龍應台本月18日在美媒《紐約時報》發表一篇題為「北京未開一槍,已給台灣社會帶來裂痕」的文章,相關內容掀起兩岸熱議,台灣社會認為龍應台想「投降」,但中國在文章中看到的卻是「台獨」,搞得裡外不是人。",claim,"前文化部長龍應台日前在美媒《紐約時報》發表文章談反戰,相關內容掀起兩岸熱議。","文章曝光後引發輿論,台派不少評論指龍應台「假中立」,嘴巴喊著反戰,實際上想著要投降,可其文章也未獲中方好感,中共官媒《環球時報》為此21日還刊出「龍應台應該知道,讓台灣不再做美國的棋子才是正確選擇」為題的文章回擊,批評她沒有與分裂勢力作鬥爭,反而試圖營造悲痛壓抑氣氛讓台灣年輕人迷失方向,這種發言是在「拖延兩岸統一」。",[],"[""兩岸|cross-strait""]",False,,354dba97ec10ea1d8d28673fed09471d,False,02_Ke_ltn_news,2023-04-30 19:17:21,"(資料照) 2023/04/30 19:17 〔即時新聞/綜合報導〕前文化部長龍應台本月18日在美媒《紐約時報》發表一篇題為「北京未開一槍,已給台灣社會帶來裂痕」的文章,相關內容掀起兩岸熱議,台灣社會認為龍應台想「投降」,但中國在文章中看到的卻是「台獨」,搞得裡外不是人。",True,institution_only,True,gate: taiwanicity=2,True,KEEP,1.0,KEEP,1.0,True,KEEP,01_news_datasets/02_Ke_ltn_news_units.csv,1,,4720,req_048a32c8a9034a66b3b4f209065cc4d7,merged_deduped.csv,merged_deduped.csv,L1-07,兩岸統獨與戰爭認知衝突，非主權安全本身,,L2-02|L2-05,「北京…給台灣社會帶來裂痕」→L2-05；「台灣社會」「台獨」兩岸對立與分歧→L2-02,
_d6722e8bc410,_d6722e8bc410_u059,"為印尼聲音(IndosuarA)撰稿的奧布瑞(Aubrey Fanani)說,印尼總統大選也剛開跑,她今年首次採訪台灣大選,感受到兩地造勢大不相同,「台灣比較冷靜」。",claim,"巴斯克華說,報導台灣選舉也讓菲律賓觀眾知道台灣是民主國家,人民選出自己的政府,呈現台灣與中國的對比,及民主制度可選擇領導人的好處。","印尼上次總統大選結果遭落選方質疑,還提起選舉無效訴訟,她期待看到台灣的候選人如何面對選舉結果。",[],[],True,campaigning,0e6cfd0e22e70fedf1f3bfb322a82b18,False,01_Ho_chinatimes_news,2023-12-15 16:10:00,"為印尼聲音(IndosuarA)撰稿的奧布瑞(Aubrey Fanani)說,印尼總統大選也剛開跑,她今年首次採訪台灣大選,感受到兩地造勢大不相同,「台灣比較冷靜」。",True,institution_only,True,gate: taiwanicity=2,True,KEEP,1.0,KEEP,1.0,True,KEEP,01_news_datasets/01_Ho_chinatimes_news_units.csv,1,,1272,req_3b46e025f1b94bf597eee674246a8645,merged_deduped.csv,merged_deduped.csv,L1-07,描述選舉氣氛差異，無政策/道德主題,,L2-02,台灣與印尼選舉造勢差異→L2-02,
_8ca27e57c7f4,_8ca27e57c7f4_u003,"邱臣遠指出,日前賴清德宣稱「蔡政府執政成績好」,他有資格爭取未來4至8年服務機會,卻不斷透過「白宮與中南海」的說法,操作「美中二選一」的意識形態;",claim,"民眾黨團總召邱臣遠、立委陳琬惠、黨團副主任兼發言人楊寶楨今天舉行「賴清德承諾頻跳票,誇口民進黨執政成績」記者會。","另一方面,賴清德脫口說出「義務役不會前往戰場」,與總統蔡英文主張矛盾,根本是選票考量。","[{""name"": ""賴清德"", ""party"": ""DPP""}]",[],False,,705b789d1b0e4159c458468db080c33f,False,03_Lai_chinatimes_news,2023-08-08 13:39:00,"邱臣遠指出,日前賴清德宣稱「蔡政府執政成績好」,他有資格爭取未來4至8年服務機會,卻不斷透過「白宮與中南海」的說法,操作「美中二選一」的意識形態;",True,cooccur: actor×institution,True,gate: actor×inst,False,KEEP,0.5994817018508911,,,False,KEEP,01_news_datasets/03_Lai_chinatimes_news_units.csv,1,,9865,req_ff9549408396431c94d1d2f06d0ab60c,merged_deduped.csv,merged_deduped.csv,L1-07,批評意識形態操作與選舉攻防，屬情緒/動員,,L2-02|L2-06,批評執政成績與選舉操作→國家應更好→L2-06；操作美中二選一意識形態→外部他者對比→L2-02,
_74f5c954e09c,_74f5c954e09c_u013,不過半 才可能擺脫藍綠泥淖 高雄趕場輔選 賴清德:台灣別走回頭路依賴中國 葛來儀籲賴清德考慮凍結台獨黨綱 卓榮泰:中國放棄武統才是重點 回防新北造勢 侯友宜:民進黨說我親中真是瞎了眼 侯友宜:反對台獨和一國兩制 讓兩岸因對話更平安 賴清德回應老家公益信託沒有委屈 柯文哲酸太慢了 財部:大面積國有地早已停售 優先辦社宅絕無炒房 總統政見會聚焦居住正義 賴侯柯端牛肉搶年輕票 賴清德政見會拆解老家爭議 左右開攻反擊侯柯 2024/01/22 16:57 2024/01/15 11:44 2024/01/14 21:26 2024/01/14 20:59 2024/01/14 20:34 2024/01/14 20:09,claim,(編輯:林興盟)1121202 柯盈配造勢鞏固都會區 黃國昌巡講分進合擊 柯文哲:國會3黨,,"[{""name"": ""賴清德"", ""party"": ""DPP""}, {""name"": ""侯友宜"", ""party"": ""KMT""}, {""name"": ""柯文哲"", ""party"": ""TPP""}, {""name"": ""民進黨"", ""party"": ""DPP""}]","[""社宅|housing"", ""兩岸|cross-strait""]",True,debate/manifesto,26a713ea43ce2f9a5e7079633b12a194,False,01_Ho_chinatimes_news,2023-12-02 16:28:00,"不過半 才可能擺脫藍綠泥淖 高雄趕場輔選 賴清德:台灣別走回頭路依賴中國 葛來儀籲賴清德考慮凍結台獨黨綱 卓榮泰:中國放棄武統才是重點 回防新北造勢 侯友宜:民進黨說我親中真是瞎了眼 侯友宜:反對台獨和一國兩制 讓兩岸因對話更平安 賴清德回應老家公益信託沒有委屈 柯文哲酸太慢了 財部:大面積國有地早已停售 優先辦社宅絕無炒房 總統政見會聚焦居住正義 賴侯柯端牛肉搶年輕票 賴清德政見會拆解老家爭議 左右開攻反擊侯柯 2024/01/22 16:57 2024/01/15 11:44 2024/01/14 21:26 2024/01/14 20:59 2024/01/14 20:34 2024/01/14 20:09 本網站之文字、圖片及影音,非經授權,不得轉載、公開播送或公開傳輸及利用。",True,cooccur: actor×institution,True,gate: taiwanicity=4,True,KEEP,1.0,KEEP,1.0,True,KEEP,01_news_datasets/01_Ho_chinatimes_news_units.csv,1,,3463,req_a00852d210d74e93805480a72c391207,merged_deduped.csv,merged_deduped.csv,L1-07,選舉攻防與情緒標語，非政策本身,,L2-01|L2-02|L2-05|L2-06,藍綠泥淖→L2-06；台灣別走回頭路依賴中國→L2-02|L2-05；中國放棄武統→L2-05；反對台獨和一國兩制→L2-01|L2-02|L2-05；更平安→L2-05,
_0814fa67b0f8,_0814fa67b0f8_u010,"但萬一,有些「數點忘祖」的台灣人民,死皮賴臉地向美國「求救」,而美國又不知死活的,敢於挑戰「天朝」宇宙無敵嘴砲大軍,而把登島「受降」的解放軍切斷所有海空退路的話,大家猜猜看:在台灣孤立無援的解放軍,能夠撐得了多少天?",context,"的存亡兩極後果,如果美軍不來,在台灣的中共協力者和解放軍裡應外合之下,「中華民國」當然可能會有投降的「選項」。","會像當年登陸古寧頭的共軍那樣才三天不到,就大規模地成堆投降嗎?",[],[],False,,07a025c8e29a94a65b1c5e3d68e89264,False,03_Lai_ltn_news,2023-08-05 17:25:04,"但萬一,有些「數點忘祖」的台灣人民,死皮賴臉地向美國「求救」,而美國又不知死活的,敢於挑戰「天朝」宇宙無敵嘴砲大軍,而把登島「受降」的解放軍切斷所有海空退路的話,大家猜猜看:在台灣孤立無援的解放軍,能夠撐得了多少天?",True,institution_only,False,,False,KEEP,0.5666521191596985,,,True,REVIEW,01_news_datasets/03_Lai_ltn_news_units.csv,1,,701,req_8f652c6d82bd4e438fdc11a4fda4b541,merged_deduped.csv,merged_deduped.csv,L1-07,"嘲諷情緒渲染戰爭場景,非主權論證",,L2-02|L2-05,"台灣人民→我群；解放軍/天朝→他者+潛在威脅→L2-02,L2-05",
_a30db06c681e,_a30db06c681e_u008,NCC:尚待委員會認定 接副手與周杰倫有關 趙少康提侯友宜救弟之恩 趙少康成侯友宜副手 昔日政治金童組織戰鬥藍影響力跨政媒 藍白合破局柯文哲指柯侯配較強 侯友宜:各自努力 蕭美琴憶以胃潰瘍更嚴重婉拒當副手 賴清德:我剛好是醫生 趙少康指不會當選 柯文哲:在野看好度我最高 彭博:台灣2024大選三足鼎立 以親美、親中劃清戰線 盼藍白合到最後1秒 趙少康:國民黨仁至義盡 2025/05/24 10:37 2023/12/06 10:33 2023/11/29 11:40 2023/11/26 14:15 2023/11/26 11:44 2023/11/25 13:07,context,"趙春山並認為,當國民黨清楚地說明了兩岸政策後,會給民眾黨總統參選人柯文哲的兩岸政策帶來壓力,因為柯文哲強調要在藍綠之外走出第三條路,「在兩岸政策上的第三條路是什麼,跟藍綠的道路有什麼差別?」(編輯:曹宇帆)1121126 趙少康:不做沒聲音副總統 該講就要講 趙少康任副手踩黨政軍紅線?",,"[{""name"": ""賴清德"", ""party"": ""DPP""}, {""name"": ""蕭美琴"", ""party"": ""DPP""}, {""name"": ""侯友宜"", ""party"": ""KMT""}, {""name"": ""趙少康"", ""party"": ""KMT""}, {""name"": ""柯文哲"", ""party"": ""TPP""}, {""name"": ""國民黨"", ""party"": ""KMT""}]",[],False,,13445c8543ed66c855b6d1b907db69d5,False,01_Ho_chinatimes_news,2023-11-26 14:15:00,"NCC:尚待委員會認定 接副手與周杰倫有關 趙少康提侯友宜救弟之恩 趙少康成侯友宜副手 昔日政治金童組織戰鬥藍影響力跨政媒 藍白合破局柯文哲指柯侯配較強 侯友宜:各自努力 蕭美琴憶以胃潰瘍更嚴重婉拒當副手 賴清德:我剛好是醫生 趙少康指不會當選 柯文哲:在野看好度我最高 彭博:台灣2024大選三足鼎立 以親美、親中劃清戰線 盼藍白合到最後1秒 趙少康:國民黨仁至義盡 2025/05/24 10:37 2023/12/06 10:33 2023/11/29 11:40 2023/11/26 14:15 2023/11/26 11:44 2023/11/25 13:07 本網站之文字、圖片及影音,非經授權,不得轉載、公開播送或公開傳輸及利用。",True,cooccur: actor×institution,True,gate: actor×inst,False,KEEP,0.6989526152610779,,,True,KEEP,01_news_datasets/01_Ho_chinatimes_news_units.csv,1,,1697,req_93b782cb7ee64e449e7ec1a2185519cf,merged_deduped.csv,merged_deduped.csv,L1-07,選戰與人物花絮，無政策/道德主軸,,L2-02,「台灣2024大選三足鼎立」「以親美、親中劃清戰線」→國際定位與陣營差異→L2-02,
_cc33c703f193,_cc33c703f193_u012,"賴清德抵達飯店前,對街未如蔡總統3月到訪時聚集中國抗議人士,整個街區兩側人行道的集會區,都是台灣僑胞與挺台的中國僑界人士。",context,"與總統蔡英文今年3月底過境紐約相比,賴清德這次在紐約下榻飯店、宴請僑界地點相同,但過境時間縮短,駐處延後發出採訪通知,也沒有外媒事先披露如蔡總統3月30日在紐約接受華府智庫哈德遜研究所(Hudson Institute)頒獎等重要活動。",(編輯:馮昭)1120813 賴清德:沒有台獨金孫 台灣主權不屬於中華人民共和國 賴清德「進白宮」言論掀波 府:台美相互了解沒誤會 巴拉圭總統當選人潘尼亞:我就是親台派、不會改變 賴副總統出訪前夕 總統召開幕僚會議掌握台海情勢 賴清德過境美國 陸委會:外交權利中共無權置喙 蘇姿丰父親蘇春槐現身賴清德下榻飯店 揪紐約各社團參與早餐會 過境紐約見僑胞 賴清德喊台灣安全世界就安全 學者:賴清德過境台美緊密協調 展現長期互信 賴清德紐約僑宴 AIT主席影片預告舊金山相會 統促會登報動員 舊金山駐處:中方無理藉機尋釁 2024/04/14 17:42 2023/08/13 11:58 2023/08/13 11:04 2023/08/13 10:46 2023/08/13 09:58 2023/08/13 07:46,"[{""name"": ""賴清德"", ""party"": ""DPP""}]",[],True,,287e91f2d94cdb0027c4274107753c40,False,03_Lai_chinatimes_news,2023-08-13 10:46:00,"賴清德抵達飯店前,對街未如蔡總統3月到訪時聚集中國抗議人士,整個街區兩側人行道的集會區,都是台灣僑胞與挺台的中國僑界人士。",True,cooccur: actor×institution,True,gate: taiwanicity=2,True,KEEP,1.0,KEEP,1.0,True,KEEP,01_news_datasets/03_Lai_chinatimes_news_units.csv,1,,3616,req_6c57c8dea7b94b6cb6d740fd7d90e8a2,merged_deduped.csv,merged_deduped.csv,L1-07,描述僑界集會情形，無政策與威脅,,L2-02,中國抗議人士vs台灣僑胞與挺台中國僑界→外部他者差異化,
_cc85ebca2fb7,_cc85ebca2fb7_u014,(編輯:林興盟)1121024 侯友宜駁逼婚說 喊話柯文哲「先確認結婚對象是不是我」 柯文哲指侯友宜下通牒像逼婚 民眾黨底線到10月底 侯友宜促名字在同張選票限1天內答覆 柯文哲稱無選擇餘地像逼婚 侯友宜願接受「柯侯配」 柯文哲下午召開記者會回應 柯文哲大笑回應侯駁逼婚說:想一下休息一晚再來 郭辦籲國民黨徵召郭台銘 指侯將藍白破局責任推給柯 謝龍介:若侯柯配勝選 柯文哲想當閣揆可辭副總統 柯文哲指民主初選如砒霜 侯辦:不知美法領袖怎想 柯文哲與美代表團會面 強調台美關係不因誰執政改變 諾魯與台灣斷交 柯文哲:遺憾但不與中國惡性競爭 官方回應台灣議題太溫和 中國民族主義者籲武統 日華懇會長來台見證民主選舉 邀蔡英文賴清德訪日 2025/05/24 13:14 2025/05/23 10:31 2025/05/22 15:22 2025/05/21 19:20 2025/05/20 12:01 2025/05/20 11:57,claim,"可以是政策、國會、立法院長等合作,當然也可以是總統參選人組合,合作之後一定也會產生爭議,該如何協調妥協也是藍白合的內容。",,"[{""name"": ""賴清德"", ""party"": ""DPP""}, {""name"": ""侯友宜"", ""party"": ""KMT""}, {""name"": ""柯文哲"", ""party"": ""TPP""}, {""name"": ""國民黨"", ""party"": ""KMT""}, {""name"": ""民眾黨"", ""party"": ""TPP""}]",[],False,,ec40087fa4a5abac65d4160cb3a9b12f,False,02_Ke_chinatimes_news,2023-10-24 21:27:00,"(編輯:林興盟)1121024 侯友宜駁逼婚說 喊話柯文哲「先確認結婚對象是不是我」 柯文哲指侯友宜下通牒像逼婚 民眾黨底線到10月底 侯友宜促名字在同張選票限1天內答覆 柯文哲稱無選擇餘地像逼婚 侯友宜願接受「柯侯配」 柯文哲下午召開記者會回應 柯文哲大笑回應侯駁逼婚說:想一下休息一晚再來 郭辦籲國民黨徵召郭台銘 指侯將藍白破局責任推給柯 謝龍介:若侯柯配勝選 柯文哲想當閣揆可辭副總統 柯文哲指民主初選如砒霜 侯辦:不知美法領袖怎想 柯文哲與美代表團會面 強調台美關係不因誰執政改變 諾魯與台灣斷交 柯文哲:遺憾但不與中國惡性競爭 官方回應台灣議題太溫和 中國民族主義者籲武統 日華懇會長來台見證民主選舉 邀蔡英文賴清德訪日 2025/05/24 13:14 2025/05/23 10:31 2025/05/22 15:22 2025/05/21 19:20 2025/05/20 12:01 2025/05/20 11:57 本網站之文字、圖片及影音,非經授權,不得轉載、公開播送或公開傳輸及利用。",True,cooccur: actor×institution,True,gate: taiwanicity=3,True,KEEP,1.0,KEEP,1.0,True,KEEP,01_news_datasets/02_Ke_chinatimes_news_units.csv,1,,20841,req_a2aa5e61fbaa43d09c5e5ed2d10ed9eb,merged_deduped.csv,merged_deduped.csv,L1-07,媒體標題串聯與選戰花絮，偏情緒敘事，排除道德/政策,,L2-01|L2-02|L2-05|L2-08,台美關係不因誰執政改變→L2-01；諾魯與台灣斷交→L2-01；不與中國惡性競爭→L2-02；中國民族主義者籲武統→L2-05；見證民主選舉→L2-08,
_fc4684456a7b,_fc4684456a7b_u014,"民進黨立委陳亭妃也指出,中國這些動作有什麼意義?",claim,"民進黨立委許智傑表示,蕭美琴被中共制裁,代表對台灣外交貢獻真的很大,對國人來說這是一個光榮榜,中共用行動證明台美外交表現真的太好了。","過去將許多台灣政治人物列為台獨份子,又怎麼了?","[{""name"": ""民進黨"", ""party"": ""DPP""}]",[],False,,687e1aa4fa579aa0147f7c604c8ba07a,False,02_Ke_ltn_news,2023-04-07 11:08:42,"民進黨立委陳亭妃也指出,中國這些動作有什麼意義?",True,cooccur: actor×institution,True,gate: actor×inst,False,KEEP,0.6122246384620667,,,True,KEEP,01_news_datasets/02_Ke_ltn_news_units.csv,1,,9159,req_d31eb06ec0684f6bbdf428699829685b,merged_deduped.csv,merged_deduped.csv,L1-07,嘲問中國制裁意義，情緒表達非主權論述,,L2-02,質疑中國制裁意義→隱含其作為外部他者且行為無效→L2-02,
_c952ca2c2f09,_c952ca2c2f09_u009,(編輯:蘇志宗)1121213 2024大選 總統電視辯論會12/30下午登場 分析賴清德侯友宜柯文哲支持率趨勢 小笠原欣幸:8月後各有消長 彭博:台灣2024大選三足鼎立 以親美、親中劃清戰線 學者:民進黨恐失立法院多數 柯文哲成關鍵角色 學者:2024三腳督年輕中間選票關鍵 棄保操作不易 賴蕭陸空催票拚擴大領先 立委選舉強攻12激戰區 侯康配拚北票南補決戰中台 立委席次上看50席 柯盈配評估選情回穩 挖藍牆腳擴張選票 柯文哲對準年輕人胃口 線上線下串連宣傳政見理念 2023/12/15 16:10 2023/12/13 14:27 2023/12/13 14:26 2023/12/13 14:26 2023/12/13 12:06 2023/12/13 12:01,claim,"賴清德在兩岸外交要延續總統蔡英文路線,但內政上必須走在行政團隊前面,這也是為什麼賴清德陸續拋出縮減公、私立大學學費落差、健保點值補助、改善醫界工作條件,希望形成「未來執政,可以做得更好」的印象。",,"[{""name"": ""賴清德"", ""party"": ""DPP""}, {""name"": ""侯友宜"", ""party"": ""KMT""}, {""name"": ""柯文哲"", ""party"": ""TPP""}, {""name"": ""民進黨"", ""party"": ""DPP""}]","[""辯論|procedure"", ""立法院|institution""]",True,debate/manifesto,b42d981b5eaf5ec3d8ebdabfa242809e,False,01_Ho_chinatimes_news,2023-12-13 14:26:00,"(編輯:蘇志宗)1121213 2024大選 總統電視辯論會12/30下午登場 分析賴清德侯友宜柯文哲支持率趨勢 小笠原欣幸:8月後各有消長 彭博:台灣2024大選三足鼎立 以親美、親中劃清戰線 學者:民進黨恐失立法院多數 柯文哲成關鍵角色 學者:2024三腳督年輕中間選票關鍵 棄保操作不易 賴蕭陸空催票拚擴大領先 立委選舉強攻12激戰區 侯康配拚北票南補決戰中台 立委席次上看50席 柯盈配評估選情回穩 挖藍牆腳擴張選票 柯文哲對準年輕人胃口 線上線下串連宣傳政見理念 2023/12/15 16:10 2023/12/13 14:27 2023/12/13 14:26 2023/12/13 14:26 2023/12/13 12:06 2023/12/13 12:01 本網站之文字、圖片及影音,非經授權,不得轉載、公開播送或公開傳輸及利用。",True,cooccur: actor×institution,True,gate: taiwanicity=3,True,KEEP,1.0,KEEP,1.0,True,KEEP,01_news_datasets/01_Ho_chinatimes_news_units.csv,1,,15840,req_2b4fa4a7512a4e7bacb95ba2c0c431e8,merged_deduped.csv,merged_deduped.csv,L1-07,選情與政黨競爭描述，屬情緒/動員,,L2-02|L2-07,親美、親中劃清戰線→L2-02；催票、拚、擴張選票→L2-07,
_29b59bf287ad,_29b59bf287ad_u003,"賴清德、蕭美琴競選總部總幹事潘孟安回應表示,看到這份文件嚇一跳,以為內容農場一向在境外,沒想到居然在境內;",claim,"侯漢廷今天舉行記者會,出示一份文件,聲稱發文者為民進黨中央政策委員會,要求政府部門及媒體輔選,手法包括抹紅、賣「亡國感」等,日期是去年11月20日,解密條件或保存期限為10年,還標註民進黨秘書長許立明「批准」。","民進黨公文從來沒有統一編號,用假訊息、假公文,還有簡體字,民進黨已經提告。","[{""name"": ""賴清德"", ""party"": ""DPP""}, {""name"": ""蕭美琴"", ""party"": ""DPP""}]",[],False,,43f121d37f0611c56e12715600222302,False,02_Ke_chinatimes_news,2024-01-10 16:14:00,"賴清德、蕭美琴競選總部總幹事潘孟安回應表示,看到這份文件嚇一跳,以為內容農場一向在境外,沒想到居然在境內;",True,cooccur: actor×institution,True,gate: actor×inst,False,REVIEW,0.4089893698692322,,,False,KEEP,01_news_datasets/02_Ke_chinatimes_news_units.csv,1,,6053,req_7178a15123954204a69613bed1be02f9,merged_deduped.csv,merged_deduped.csv,L1-07,嘲諷式情緒回應，非談政策或道德論證,,L2-02,內容農場在境外/境內對比→L2-02,
_25a1334bc8b7,_25a1334bc8b7_u002,"賴清德競總發言人郭雅慧說明,正副總統參選人的互補性很高,一位堅毅熱情、一位冷靜靈巧,團隊便規劃以「狗派、貓派都是挺台派」的形象來呈現,動物形象的特質非常深植人心,而且對比性很強,用活潑親民的風格,讓更多選民一眼看出這個組合的重要特質。",claim,"愛貓的蕭美琴昨天出席賴清德在競選總部召開的副手公布記者會,看到競總視覺效果,她發現「為什麼都是狗,沒有貓?只有一隻貓。」 今天正副總統參選人登記,賴清德與蕭美琴都別上了「Q版貓狗胸章」,徽章上有設計師繪製象徵賴清德「狗派」的台灣黑狗圖像,以及代表台灣戰貓蕭美琴「貓派」的貓咪繪像。",2024/01/12 22:45,"[{""name"": ""賴清德"", ""party"": ""DPP""}]",[],False,,01cfbca87b1e5f435f1be20da82264dd,False,03_Lai_chinatimes_news,2023-11-21 13:58:00,"賴清德競總發言人郭雅慧說明,正副總統參選人的互補性很高,一位堅毅熱情、一位冷靜靈巧,團隊便規劃以「狗派、貓派都是挺台派」的形象來呈現,動物形象的特質非常深植人心,而且對比性很強,用活潑親民的風格,讓更多選民一眼看出這個組合的重要特質。",True,cooccur: actor×institution,True,gate: actor×inst,False,KEEP,0.47565558552742,,,True,KEEP,01_news_datasets/03_Lai_chinatimes_news_units.csv,1,,176,req_b8c0f3b492a4400d849fce46abe49a1b,merged_deduped.csv,merged_deduped.csv,L1-07,競選形象與情緒動員，非政策/道德,,L2-02,「挺台派」作為政治身分→L2-02,
meeting1_a39271e8d074,meeting1_a39271e8d074_u000,"除了这个议题以外,我看到赖主席还是一直在说我,我好像是一个中国的,我还是在这里特别跟麦子一说,不要再抹红我了,我给孩子带官呢中干了是吧?",claim,,去按照中华民国宪法的中间路线。,"[{""name"": ""柯文哲"", ""party"": ""TPP""}]",[],False,,eb777342cdd9b5217aef6bbebeff6b32,False,meeting1,,"除了这个议题以外,我看到赖主席还是一直在说我,我好像是一个中国的,我还是在这里特别跟麦子一说,不要再抹红我了,我给孩子带官呢中干了是吧?",True,institution_only,False,,False,KEEP,0.501687348,,,False,REVIEW,02_conference_datasets/meeting1_units.csv,3,,20793,req_75598541c2e6470889c9c232551f093d,merged_deduped.csv,merged_deduped.csv,L1-07,被抹紅抱怨與情緒發洩，非主權安全,,L2-02,被抹紅成「中國的」→兩岸身分邊界暗示→L2-02,
_5d56c0ebfcfe,_5d56c0ebfcfe_u010,(編輯:張良知)1121231 民眾黨黃金週台中高雄大造勢 選前之夜返凱道集結 總統辯論會侯友宜柯文哲圍攻賴清德 激戰憲法兩岸論述 賴提跳出悶經濟不鎖進一中 柯批五缺侯酸怎不廢ECFA 談侯未回提問 柯文哲:國民黨操作藍綠對抗與棄保 綠20場大型晚會造勢 賴蕭配黃金週南北車掃催票 法國外交部賀台灣選舉展現民主 呼籲尊重現狀 新北市議會民進黨團要求侯友宜到會補施政報告 趙少康復出政壇搶鎂光燈 昔政治金童難救選情 蔣萬安陪同投票 趙少康:心情輕鬆、有信心 2024/01/12 23:38 2023/12/31 15:04 2023/12/31 15:00 2023/12/31 14:21 2023/12/31 12:06 2023/12/31 10:35,claim,"黨內人士認為,目前選舉氛圍還沒有到很熱,藍營會勤走陸戰為選戰加溫,再加上大型造勢拉抬勝選氣勢,催出支持者熱情,也要拉攏中間選民,讓選民知道他們是下架民進黨的最佳組合。",,"[{""name"": ""賴清德"", ""party"": ""DPP""}, {""name"": ""侯友宜"", ""party"": ""KMT""}, {""name"": ""趙少康"", ""party"": ""KMT""}, {""name"": ""柯文哲"", ""party"": ""TPP""}, {""name"": ""民進黨"", ""party"": ""DPP""}, {""name"": ""國民黨"", ""party"": ""KMT""}, {""name"": ""民眾黨"", ""party"": ""TPP""}]","[""辯論|procedure"", ""ECFA|policy"", ""兩岸|cross-strait""]",True,debate/manifesto,bfad62c460046c68dc49cef558f70af1,False,02_Ke_chinatimes_news,2023-12-31 14:21:00,"(編輯:張良知)1121231 民眾黨黃金週台中高雄大造勢 選前之夜返凱道集結 總統辯論會侯友宜柯文哲圍攻賴清德 激戰憲法兩岸論述 賴提跳出悶經濟不鎖進一中 柯批五缺侯酸怎不廢ECFA 談侯未回提問 柯文哲:國民黨操作藍綠對抗與棄保 綠20場大型晚會造勢 賴蕭配黃金週南北車掃催票 法國外交部賀台灣選舉展現民主 呼籲尊重現狀 新北市議會民進黨團要求侯友宜到會補施政報告 趙少康復出政壇搶鎂光燈 昔政治金童難救選情 蔣萬安陪同投票 趙少康:心情輕鬆、有信心 2024/01/12 23:38 2023/12/31 15:04 2023/12/31 15:00 2023/12/31 14:21 2023/12/31 12:06 2023/12/31 10:35 本網站之文字、圖片及影音,非經授權,不得轉載、公開播送或公開傳輸及利用。",True,cooccur: actor×institution,True,gate: taiwanicity=3,True,KEEP,1.0,KEEP,1.0,True,KEEP,01_news_datasets/02_Ke_chinatimes_news_units.csv,1,,16848,req_5a0e553b38b9453a9880c695637ad3ce,merged_deduped.csv,merged_deduped.csv,L1-07,選舉與造勢新聞串列，屬情緒動員,,L2-01|L2-02|L2-03|L2-06|L2-07|L2-08,"法國外交部賀台灣選舉展現民主→L2-03,L2-06,L2-08；呼籲尊重現狀→L2-03；憲法兩岸論述/不鎖進一中→L2-01；藍綠對抗→L2-02；造勢催票/集結→L2-07",
meeting1_e7ed23a839fc,meeting1_e7ed23a839fc_u000,"两岸一家圈我 2015 年就讲过的,你们当时总不觉得有问题?",context,,"还有你刚才在讲说丢掉邦交国,我们在批评政府,你能不能拿出来?","[{""name"": ""柯文哲"", ""party"": ""TPP""}]","[""两岸|cross-strait""]",False,,5ed31171de1829431560b09fc8e6a106,False,meeting1,,"两岸一家圈我 2015 年就讲过的,你们当时总不觉得有问题?",True,institution_only,False,,False,KEEP,0.466359526,,,True,REVIEW,02_conference_datasets/meeting1_units.csv,3,,8328,req_f8ae689bd5db4f9b928c158a5019fa11,merged_deduped.csv,merged_deduped.csv,L1-07,質疑過去言論被批評，屬情緒反擊，非道德論證,,L2-01|L2-02,"兩岸一家→兩岸同屬一體隱含主權/認同框架→L2-01, L2-02",
_67cba0400123,_67cba0400123_u006,"PO文發布後吸引超過26萬人觀看,許多網友紛紛留言表達不同看法,有人說「所謂的華僑商會和老鄉會全是共匪在外的間諜機構......」、「這些不要臉的東西,身在自由世界卻為獨裁的中共搖旗吶喊,怎麼好意思舉美國的國旗?」、「紐約粉紅真是烏央烏央的,應該『一鍵送中』」、「真心的話,他們最應該做的是送自己的孩子、孫子參加解放軍的海、空軍、陸戰隊選拔」、「反美是工作,在美是生活」,還有網友爆料「旗袍群,華人互助群,華人同城群裡找的人,50美金(約新台幣1526元)加1盒盒飯1天。」。",quote,"根據情資,中國已動員僑民、和統會及幫派份子在蔡總統過境美國期間陳抗騷擾,對此近日傳出微信大量轉傳1張針對蔡英文訪美示威行程截圖,全篇充斥「抗議、示威」等敏感字詞卻沒有遭官方自動封鎖,還可自由轉傳,顯示中國當局疑有計畫性策畫這場活動,PO文曝光引起大量網友議論。",,[],"[""國旗|symbol""]",False,,50d40721739308ac276f389f6ecf5c0d,False,03_Lai_ltn_news,2023-03-30 17:31:16,"PO文發布後吸引超過26萬人觀看,許多網友紛紛留言表達不同看法,有人說「所謂的華僑商會和老鄉會全是共匪在外的間諜機構......」、「這些不要臉的東西,身在自由世界卻為獨裁的中共搖旗吶喊,怎麼好意思舉美國的國旗?」、「紐約粉紅真是烏央烏央的,應該『一鍵送中』」、「真心的話,他們最應該做的是送自己的孩子、孫子參加解放軍的海、空軍、陸戰隊選拔」、「反美是工作,在美是生活」,還有網友爆料「旗袍群,華人互助群,華人同城群裡找的人,50美金(約新台幣1526元)加1盒盒飯1天。」。",True,institution_only,True,gate: 3 inst terms,False,KEEP,0.6004719734191895,,,True,KEEP,01_news_datasets/03_Lai_ltn_news_units.csv,1,,7152,req_d3885c24ceb3447697da6e4928f578cb,merged_deduped.csv,merged_deduped.csv,L1-07,情緒性嘲諷與辱罵發言，非論證,,L2-02,共匪、獨裁中共、自由世界vs送中→L2-02；反美是工作在美是生活→L2-02,
_702b251d2e4c,_702b251d2e4c_u006,"她在留言處也指出,「太可怕了,肉搜艾瑪家人的那個帳號還來問我,某地址有沒有住人....」、「藍色的支持者我知道你們很難相信,但是這事實,還有人要我自己檢討? 台灣不是民主自由國家?不管你支持誰?都不應該受到這種狀況吧。這種要檢討的情形只有中國才會發生吧」、「我應該感謝綠色那邊嗎?提供很多很多資料給我,真的是証據確鑿,在被欺負的時候提供援助。這麼多年來,第一次感受到滿滿的支援,怪不得這麼多年輕人會投入綠色拼命。」、「之前我跟綠色網軍互嗆時?從沒見到藍色援助,現在還拿刀在背後插我。」 星光奈奈3日下午則再度發文,怒批「太噁心了!想問藍色你們這些有頭有臉有影響力的,在他臉書互相追蹤好友中,不少人還是我支持過,請問到底有多少人請他肉搜不支持者的資料?連孩子都不放過???」、「當我看到一些資料的感覺只有想吐.....跟綠色對峙8年,沒想到最後是藍色的在背後插刀」。",claim,"她也提到,「這八年來基本上都是在罵綠色,很常幫藍色講話。只因為這次沒支持藍色,看來藍色真的比綠色惡劣,更恐怖?說綠色沒言論自由?跟綠色頂多在網路上互酸,也不至於影響到實際生活。」 星光奈奈2日的發文文末也點名侯友宜 、趙少康「你們的網軍側翼,比綠色更恐怖,叫白色的怎麼敢靠過去?」,並tag韓國瑜「你說再給國民黨一次機會?」。","他也酸歷史哥,怎麼不敢寫是「國民黨網軍教師」黑夜奇俠在肉搜星光奈奈,在另則發文也提到「白藍互相肉搜,我們1450就安靜不講話(嚼爆米花)」。",[],[],False,,d540167a04a22d195b5a0e7c433dd732,False,02_Ke_ltn_news,2023-12-04 09:04:28,"她在留言處也指出,「太可怕了,肉搜艾瑪家人的那個帳號還來問我,某地址有沒有住人....」、「藍色的支持者我知道你們很難相信,但是這事實,還有人要我自己檢討? 台灣不是民主自由國家?不管你支持誰?都不應該受到這種狀況吧。這種要檢討的情形只有中國才會發生吧」、「我應該感謝綠色那邊嗎?提供很多很多資料給我,真的是証據確鑿,在被欺負的時候提供援助。這麼多年來,第一次感受到滿滿的支援,怪不得這麼多年輕人會投入綠色拼命。」、「之前我跟綠色網軍互嗆時?從沒見到藍色援助,現在還拿刀在背後插我。」 星光奈奈3日下午則再度發文,怒批「太噁心了!想問藍色你們這些有頭有臉有影響力的,在他臉書互相追蹤好友中,不少人還是我支持過,請問到底有多少人請他肉搜不支持者的資料?連孩子都不放過???」、「當我看到一些資料的感覺只有想吐.....跟綠色對峙8年,沒想到最後是藍色的在背後插刀」。",True,institution_only,False,,False,KEEP,0.5896613597869873,,,False,REVIEW,01_news_datasets/02_Ke_ltn_news_units.csv,1,,18804,req_3a6636d9a50949afb73bdb31f99da921,merged_deduped.csv,merged_deduped.csv,L1-07,情緒宣洩與指責肉搜行為，非制度討論,,L2-02|L2-06|L2-08,台灣不是民主自由國家?→民主價值命題；這種情形只有中國才會發生→台中差異化；不應該受到這種狀況→負面對比自豪,
_926b540d441f,_926b540d441f_u008,(編輯:郭諭儒)1120826 基隆罹癌女遺願 借鏡香港守護台灣民主自由 黃國昌再批賴老家違建 賴競總:錯誤訊息誤導大眾 亞錦賽大巨蛋開幕8隊齊聚 巴勒斯坦全隊出席 蔡其昌雲林助選 批國民黨無端抹黑劉建國,context,"賴清德強調,這場選舉的關鍵,就是守護台灣的主權,有主權,才能擁有民主、自由、人權,而要完成這樣的目標,除了希望大家支持賴清德,民進黨所提名的立委參選人也要一起相挺,讓台灣越來越好。",,"[{""name"": ""國民黨"", ""party"": ""KMT""}]",[],False,,81944398192483a0796f19857c6382d3,False,03_Lai_chinatimes_news,2023-08-26 18:47:00,"(編輯:郭諭儒)1120826 基隆罹癌女遺願 借鏡香港守護台灣民主自由 黃國昌再批賴老家違建 賴競總:錯誤訊息誤導大眾 亞錦賽大巨蛋開幕8隊齊聚 巴勒斯坦全隊出席 蔡其昌雲林助選 批國民黨無端抹黑劉建國 本網站之文字、圖片及影音,非經授權,不得轉載、公開播送或公開傳輸及利用。",True,cooccur: actor×institution,True,gate: actor×inst,False,KEEP,0.5614715814590454,,,False,KEEP,01_news_datasets/03_Lai_chinatimes_news_units.csv,1,,11395,req_e53b577eb88845518b6cafde29f6a5e6,merged_deduped.csv,merged_deduped.csv,L1-07,"標題串聯多新聞,無明確單一主題,預設情緒",,L2-02|L2-05|L2-08,"守護台灣民主自由→L2-08；借鏡香港守護台灣→隱含台港差異與威脅→L2-02,L2-05",
_81017646e579,_81017646e579_u020,"賴清德表示,侯友宜、柯文哲跟他參選總統,在中國的眼中,三人通通都是台獨,如果侯友宜跟柯文哲接受這就是台獨,難不成是在選特首?",claim,"兔死狗烹,殷鑑不遠,不要傻傻跟著中國定義台獨,也不要跟著中國一直檢討受害的台灣。","而國民黨副主席夏立言訪中的隔天,中國就公布台灣貿易壁壘調查報告,這是不是公然介選,是否有裡應外合,國民黨不要又說別人抹紅。","[{""name"": ""賴清德"", ""party"": ""DPP""}, {""name"": ""侯友宜"", ""party"": ""KMT""}, {""name"": ""柯文哲"", ""party"": ""TPP""}]",[],False,,9229434aa7ceac2e360522a28d3f9e5f,False,01_Ho_chinatimes_news,2023-12-20 21:25:00,"賴清德表示,侯友宜、柯文哲跟他參選總統,在中國的眼中,三人通通都是台獨,如果侯友宜跟柯文哲接受這就是台獨,難不成是在選特首?",True,cooccur: actor×institution,True,gate: taiwanicity=2,True,KEEP,1.0,KEEP,1.0,True,KEEP,01_news_datasets/01_Ho_chinatimes_news_units.csv,1,,12839,req_8f195a4e47ef4058916ee5eec8478908,merged_deduped.csv,merged_deduped.csv,L1-07,嘲諷反問、情緒攻擊中國與對手，非主談主權,,L2-02,中國眼中三人都是台獨→外部他者定義我群差異→L2-02；選特首(港式職位)對比→L2-02,
