unit_id,sentence,role,prev,next,speakers,targets,proc_symbolic_flag,event_phase,source,date,target_l1,sample_score,score_reasons,sampling_reason
_22bae0f8a1ca_u003,"賴清德表示,世界局勢正在劇烈變化,台灣必須團結一致,將數位轉型及2050淨零轉型的挑戰化為進步的動力,他將推動7大主張,包含發展「五大信賴產業」、打造智慧科技島、建構「以人為本」智慧新社會、推動金融創新與發展、創新創業雨林生態系、發展護國群山、綠色成長新戰略,以此迎向新的國際經貿體系,善用自由民主國家同盟的身分、站穩全球供應鏈關鍵角色,推動創新驅動的經濟發展模式,打造人人擁有能力與公平機會追求自我實現的創新經濟與智慧國家。",claim,目標5年內創造2萬個新創就業、新創投資金額每年達1500億元、10年內讓台灣成為創新解決方案的淨輸出國。,"賴清德表示,他會持續推動蔡英文總統提出的「六大核心戰略產業」,進一步發展半導體、人工智慧、軍工、安控及通訊等「五大信賴產業」,支持台灣產業立足台灣、佈局全球、行銷全世界,成為全球供應鏈可信任的夥伴,包含協助企業建立跨國雙向研發中心,","[{""name"": ""賴清德"", ""party"": ""DPP""}]",[],False,,01_Ho_ltn_news,2023-10-03 11:58:35,L1-14,12.8,boundary_semantic|l2_L2-02|l2_L2-03|l2_L2-05|l2_L2-10|l2_L2-11|l2_L2-13|l2_L2-14|l2_L2-15|has_speaker|has_target|claim,l1_gap_filling
_5e83e31eaafd_u014,"賴清德提出的4大支柱理念全文如下: 「首先,我們必須建立台灣的威懾力,防禦力是國家安全的基石。在蔡英文總統領導下,我們提高國防預算、實現兵役改革、增強軍隊實力;這些行動增加北京動武的風險和代價達到減少軍事衝突風險的目的。我將加速轉型、強化不對稱作戰,注重成本效益和機動能力。我將在兵力訓練、重組訓練程序、民防、訊息交換上,尋求與民主夥伴和盟友更廣泛的合作。 第二,經濟安全是國家安全。自民主化後,台灣展現強大科技實力。身為前台南市長,我對見證推動下一代技術的半導體產業在台南和台灣各地發展感到驕傲。身為前行政院長,我致力提高工資、減稅、和吸引新投資。 我們的經濟成果為我們帶來機會的同時,也為我們構成了挑戰,對中國貿易的依賴成為被利用的弱點、使我們承受經濟脅迫。我們必須確保供應鏈安全,同時追求能使對外貿易多元化的貿易協定。我將支持本土產業創新,減少不必要的監管措施,努力確保經濟成長的果實更為均衡共享。 第三支柱是基於與全世界民主國家建立夥伴關係。今年,台灣派出全亞洲第一支前往烏克蘭義診的醫療團,協助因戰火受傷的民眾。各國國會議員、非政府組織、智庫和官方代表訪台人數寫下紀錄,這證明儘管中共持續威脅,我們並不孤單。 第四支柱是穩定而有原則的兩岸關係領導能力。近年來,中國切斷交流,堅持九二共識和一個中國框架,習近平視此框架為實現統一的途徑。中國解放軍對台灣、日本和東南海鄰國的威脅行動,加劇區域的軍事緊張局勢。 儘管軍事和經濟挑戰日益增加,我的首要任務仍維持務實與一致性。我將支持兩岸現狀,這也符合中華民國,也就是台灣,以及國際社會的最佳利益。我不排除在對等和尊嚴的原則基礎上,進行無前提條件對話的可能性。 1996年來,儘管很多事情發生變化,但很多事情並沒有改變。中國軍機和軍艦依舊在台海四周活動、試圖影響我們的民主選舉。經濟上的緊張情勢依舊存在。每天我們都被提醒著,永遠不能將自由和民主視作理所當然。然而我現在的承諾和27年前一樣明確:我將永遠為台灣人民和國際社會的和平與穩定努力奮鬥」。",claim,看清當前所面對到的挑戰、並確保台海維持和平穩定。,"(編輯:張芷瑄)1120705 賴清德:台灣能成為經濟日不落國 重啟服貿是錯誤 賴清德:服貿若簽訂 台灣經濟將被鎖進一中原則市場 柯文哲:九二共識版本多 恢復兩岸實質交流較重要 侯友宜:接受合乎中華民國憲法的九二共識 賴清德:放棄主權的和平是假和平 籲支持守護主權者 侯友宜不排斥侯習會 促賴清德說清楚贊成或反對台獨 本網站之文字、圖片及影音,非經授權,不得轉載、公開播送或公開傳輸及利用。","[{""name"": ""賴清德"", ""party"": ""DPP""}]","[""兩岸|cross-strait""]",False,,02_Ke_chinatimes_news,2023-07-05 09:01:00,L1-14,12.8,l2_L2-02|l2_L2-03|l2_L2-04|l2_L2-05|l2_L2-07|l2_L2-08|l2_L2-10|l2_L2-13|l2_L2-14|l2_L2-15|has_speaker|has_target|claim,l1_gap_filling
_22bae0f8a1ca_u003,"賴清德表示,世界局勢正在劇烈變化,台灣必須團結一致,將數位轉型及2050淨零轉型的挑戰化為進步的動力,他將推動7大主張,包含發展「五大信賴產業」、打造智慧科技島、建構「以人為本」智慧新社會、推動金融創新與發展、創新創業雨林生態系、發展護國群山、綠色成長新戰略,以此迎向新的國際經貿體系,善用自由民主國家同盟的身分、站穩全球供應鏈關鍵角色,推動創新驅動的經濟發展模式,打造人人擁有能力與公平機會追求自我實現的創新經濟與智慧國家。",claim,目標5年內創造2萬個新創就業、新創投資金額每年達1500億元、10年內讓台灣成為創新解決方案的淨輸出國。,"賴清德表示,他會持續推動蔡英文總統提出的「六大核心戰略產業」,進一步發展半導體、人工智慧、軍工、安控及通訊等「五大信賴產業」,支持台灣產業立足台灣、佈局全球、行銷全世界,成為全球供應鏈可信任的夥伴,包含協助企業建立跨國雙向研發中心,","[{""name"": ""賴清德"", ""party"": ""DPP""}]",[],False,,02_Ke_ltn_news,2023-10-03 11:58:35,L1-14,12.8,boundary_semantic|l2_L2-02|l2_L2-03|l2_L2-05|l2_L2-10|l2_L2-11|l2_L2-13|l2_L2-14|l2_L2-15|has_speaker|has_target|claim,l1_gap_filling
_22bae0f8a1ca_u003,"賴清德表示,世界局勢正在劇烈變化,台灣必須團結一致,將數位轉型及2050淨零轉型的挑戰化為進步的動力,他將推動7大主張,包含發展「五大信賴產業」、打造智慧科技島、建構「以人為本」智慧新社會、推動金融創新與發展、創新創業雨林生態系、發展護國群山、綠色成長新戰略,以此迎向新的國際經貿體系,善用自由民主國家同盟的身分、站穩全球供應鏈關鍵角色,推動創新驅動的經濟發展模式,打造人人擁有能力與公平機會追求自我實現的創新經濟與智慧國家。",claim,目標5年內創造2萬個新創就業、新創投資金額每年達1500億元、10年內讓台灣成為創新解決方案的淨輸出國。,"賴清德表示,他會持續推動蔡英文總統提出的「六大核心戰略產業」,進一步發展半導體、人工智慧、軍工、安控及通訊等「五大信賴產業」,支持台灣產業立足台灣、佈局全球、行銷全世界,成為全球供應鏈可信任的夥伴,包含協助企業建立跨國雙向研發中心,","[{""name"": ""賴清德"", ""party"": ""DPP""}]",[],False,,03_Lai_ltn_news,2023-10-03 11:58:35,L1-14,12.8,boundary_semantic|l2_L2-02|l2_L2-03|l2_L2-05|l2_L2-10|l2_L2-11|l2_L2-13|l2_L2-14|l2_L2-15|has_speaker|has_target|claim,l1_gap_filling
_5e83e31eaafd_u014,"賴清德提出的4大支柱理念全文如下: 「首先,我們必須建立台灣的威懾力,防禦力是國家安全的基石。在蔡英文總統領導下,我們提高國防預算、實現兵役改革、增強軍隊實力;這些行動增加北京動武的風險和代價達到減少軍事衝突風險的目的。我將加速轉型、強化不對稱作戰,注重成本效益和機動能力。我將在兵力訓練、重組訓練程序、民防、訊息交換上,尋求與民主夥伴和盟友更廣泛的合作。 第二,經濟安全是國家安全。自民主化後,台灣展現強大科技實力。身為前台南市長,我對見證推動下一代技術的半導體產業在台南和台灣各地發展感到驕傲。身為前行政院長,我致力提高工資、減稅、和吸引新投資。 我們的經濟成果為我們帶來機會的同時,也為我們構成了挑戰,對中國貿易的依賴成為被利用的弱點、使我們承受經濟脅迫。我們必須確保供應鏈安全,同時追求能使對外貿易多元化的貿易協定。我將支持本土產業創新,減少不必要的監管措施,努力確保經濟成長的果實更為均衡共享。 第三支柱是基於與全世界民主國家建立夥伴關係。今年,台灣派出全亞洲第一支前往烏克蘭義診的醫療團,協助因戰火受傷的民眾。各國國會議員、非政府組織、智庫和官方代表訪台人數寫下紀錄,這證明儘管中共持續威脅,我們並不孤單。 第四支柱是穩定而有原則的兩岸關係領導能力。近年來,中國切斷交流,堅持九二共識和一個中國框架,習近平視此框架為實現統一的途徑。中國解放軍對台灣、日本和東南海鄰國的威脅行動,加劇區域的軍事緊張局勢。 儘管軍事和經濟挑戰日益增加,我的首要任務仍維持務實與一致性。我將支持兩岸現狀,這也符合中華民國,也就是台灣,以及國際社會的最佳利益。我不排除在對等和尊嚴的原則基礎上,進行無前提條件對話的可能性。 1996年來,儘管很多事情發生變化,但很多事情並沒有改變。中國軍機和軍艦依舊在台海四周活動、試圖影響我們的民主選舉。經濟上的緊張情勢依舊存在。每天我們都被提醒著,永遠不能將自由和民主視作理所當然。然而我現在的承諾和27年前一樣明確:我將永遠為台灣人民和國際社會的和平與穩定努力奮鬥」。",claim,看清當前所面對到的挑戰、並確保台海維持和平穩定。,"(編輯:張芷瑄)1120705 賴清德:台灣能成為經濟日不落國 重啟服貿是錯誤 賴清德:服貿若簽訂 台灣經濟將被鎖進一中原則市場 柯文哲:九二共識版本多 恢復兩岸實質交流較重要 侯友宜:接受合乎中華民國憲法的九二共識 賴清德:放棄主權的和平是假和平 籲支持守護主權者 侯友宜不排斥侯習會 促賴清德說清楚贊成或反對台獨 本網站之文字、圖片及影音,非經授權,不得轉載、公開播送或公開傳輸及利用。","[{""name"": ""賴清德"", ""party"": ""DPP""}]","[""兩岸|cross-strait""]",False,,03_Lai_chinatimes_news,2023-07-05 09:01:00,L1-14,12.8,l2_L2-02|l2_L2-03|l2_L2-04|l2_L2-05|l2_L2-07|l2_L2-08|l2_L2-10|l2_L2-13|l2_L2-14|l2_L2-15|has_speaker|has_target|claim,l1_gap_filling
_b0e011a7bee2_u019,"至於領導國家的自我期許,賴清德說,他會在國際上推動價值外交,以民主和平繁榮等普世價值,來跟國際社會紀行更深更穩固的連結;",claim,"在此次疫情就可看到,Taiwan Can Help、Taiwan is Helping這種精神,是可以幫助國際社會的。","其次是推動國家希望工程,希望能結合台灣社會各界的力量,將台灣打造為民主和平的台灣、創新繁榮的台灣,以及公義永續的台灣。","[{""name"": ""賴清德"", ""party"": ""DPP""}]",[],False,,03_Lai_chinatimes_news,2023-08-24 22:05:00,L1-14,10.3,boundary_semantic|l2_L2-02|l2_L2-03|l2_L2-04|l2_L2-05|l2_L2-10|has_speaker|has_target|claim|good_length,l1_gap_filling
_349444b127e0_u009,"第三是推動國家希望工程,賴清德指出,要在蔡總統八年執政基礎上,持續讓台灣在全球變動局勢下穩健發展,成為國際社會穩定而不可或缺的力量,不論是價值外交、穩定兩岸、國防自主、經濟升級、能源轉型、青年投資、居住正義、教育平權等,零到六歲國家一起養、長照3.0等,通通都要繼續做、做更多、做更好。",claim,"賴清德說,第二個保證是「民主治理」,他要組成用人唯才、不分黨派,最能因應挑戰、開放包容的新政府,汲取在野黨意見,團結民意、壯大台灣,未來台灣還要面對國內外許多挑戰,國人要對抗的不是彼此,而是共同的困境。","賴清德說,第四是「堅持理想、永不放棄」,壯大台灣、照顧人民是堅定的理想,也是每一天的工作,「清廉、勤政、愛鄉土」不是掛在牆上的七個字,是放在心裡時時警惕的,做得不夠多、不夠快的,民進黨檢討改進,有人犯錯也絕對不會包庇寬貸,他們不完美,但一定會做最能回應民意的政黨,才對得起人民的託付。","[{""name"": ""賴清德"", ""party"": ""DPP""}]","[""兩岸|cross-strait""]",False,,03_Lai_ltn_news,2024-01-12 05:30:00,L1-14,10.3,l2_L2-03|l2_L2-04|l2_L2-05|l2_L2-07|l2_L2-10|l2_L2-12|l2_L2-13|has_speaker|has_target|claim|good_length,l1_gap_filling
_51c7c9109a8a_u006,"蔡英文表示,今日民主蓬勃的台灣,是堅定實踐以良善治理為內涵的民主而獲得的成果,台灣的經驗不只述說我們維護民主的生活方式,也表達我們勇於承擔維護區域與世界和平穩定的責任,從提供人道援助到透過綠能保護地球,從教育交流、實務訓練到協助重組全球供應鏈,台灣不只有地緣政治的重要性,也被視為國際社會不可或缺的一員。",claim,"「面對這樣的挑戰,我們必須保持團結,遏制並阻止這種挑釁行為。」蔡英文強調,歷史和共同經驗不斷提醒我們,自滿和冷眼姑息會讓威權者更加肆無忌憚,過去幾十年來台灣一直站在對抗威權挑戰的最前線,而我們對民主的堅持是前所未有的堅定。","蔡英文表示,台灣人民對民主的承諾是前所未有的堅定,並深知民主是永久且唯一的路,在台灣以堅韌和勇氣因應中國威脅之際,我們與理念相近國家的夥伴關係,即是最有效的防禦措施。",[],[],False,,02_Ke_ltn_news,2023-05-16 06:22:33,L1-14,10.3,boundary_semantic|l2_L2-02|l2_L2-04|l2_L2-05|l2_L2-10|l2_L2-12|has_speaker|has_target|claim|good_length,l1_gap_filling
_d56a00cb10f0_u006,"他說,他將用過去8年在台北市政府的公務經驗及從醫30年的良知與專業,踏出改革之路,需要解決人口危機、改善勞動條件、提高高等教育投資、守護醫療品質、落實居住正義、確保能源穩定、建立產業韌性、杜絕債留子孫,打造共融社會。",claim,"柯文哲認為,他在台灣政壇所代表的是理性、務實、科學,透過每一天實踐落實在人民生活之中,選擇柯文哲不是選擇一個候選人,而是選擇過去這10年來,台灣社會所渴望的進步與公義。","同時,他也要強化民主核心價值,他認為,這是台灣在世界舞台上最重要的資產,也是抗衡地緣政治壓力的唯一解方,「民主,是中華民國可以安全的最大保障」。",[],[],False,,02_Ke_chinatimes_news,2023-12-30 16:46:00,L1-14,9.3,boundary_semantic|l2_L2-04|l2_L2-05|l2_L2-12|l2_L2-15|has_speaker|has_target|claim|good_length,l1_gap_filling
_8dd8b5738117_u004,"他還大言不慚地說,去年在黨的領導下,中國「經濟保持增長」、「就業物價基本穩定」、「民生保障紮實」、「社會大局穩定」,應對疫情也是「最大程度守護人民生命安全和身體健康,最大限度減少對經濟社會生活的影響」。",claim,"針對去年10月被外界譏為確立習近平「帝制」的中共第二十次全國代表大會,習近平沾沾自喜表示「我們勝利召開了黨的二十大,確立了全面建設社會主義現代化國家的宏偉藍圖」。","習近平的說法,彷彿近幾個月在中國傳出的動盪不安、醫療系統崩潰、搶藥等亂象,是另一個平行時空發生的事。",[],[],False,,03_Lai_ltn_news,2023-01-20 19:02:50,L1-14,9.3,boundary_semantic|l2_L2-03|l2_L2-04|l2_L2-05|l2_L2-07|has_speaker|has_target|claim|good_length,l1_gap_filling
_d56a00cb10f0_u006,"他說,他將用過去8年在台北市政府的公務經驗及從醫30年的良知與專業,踏出改革之路,需要解決人口危機、改善勞動條件、提高高等教育投資、守護醫療品質、落實居住正義、確保能源穩定、建立產業韌性、杜絕債留子孫,打造共融社會。",claim,"柯文哲認為,他在台灣政壇所代表的是理性、務實、科學,透過每一天實踐落實在人民生活之中,選擇柯文哲不是選擇一個候選人,而是選擇過去這10年來,台灣社會所渴望的進步與公義。","同時,他也要強化民主核心價值,他認為,這是台灣在世界舞台上最重要的資產,也是抗衡地緣政治壓力的唯一解方,「民主,是中華民國可以安全的最大保障」。",[],[],False,,03_Lai_chinatimes_news,2023-12-30 16:46:00,L1-14,9.3,boundary_semantic|l2_L2-04|l2_L2-05|l2_L2-12|l2_L2-15|has_speaker|has_target|claim|good_length,l1_gap_filling
_a41729177e4f_u003,"華爾街日報今刊登賴清德投書,有關「和平4支柱」,包含強化台灣威懾能力、建構經濟安全,與全球民主國家建立夥伴關係,並務實一致地支持兩岸現狀。",claim,"對此,民進黨立委賴瑞隆認為,穩健、維持現狀這樣的路線,才是台灣當前最重要的路線,如果急切接受「九二共識」、「一國兩制」、服貿協議等,讓台灣陷入不安,不是台灣人民所樂見。","對此,賴瑞隆表示,賴副投書再次闡述中華民國台灣未來的走向,就是維持現狀的這個走向,特別是從7年前蔡英文總統當選後,就持續以維持現狀希望和全世界、兩岸能夠和平相處,全力壯大經濟和實力,尋求各界共同發展;","[{""name"": ""賴清德"", ""party"": ""DPP""}]","[""兩岸|cross-strait""]",False,,03_Lai_ltn_news,2023-07-05 17:53:55,L1-14,9.3,boundary_semantic|l2_L2-02|l2_L2-03|l2_L2-04|l2_L2-07|has_speaker|has_target|claim|good_length,l1_gap_filling
_a0f8c5214db0_u018,"賴清德強調,他的目標很明確,就是要團結全黨,帶領大家重新擦亮清廉勤政愛鄉土與綠色執政品質保證兩塊招牌,民主進步黨存在的目的就是為了台灣打拚,過去民進黨推動民主改革,下個階段的使命就是在複雜多變的國際局勢中,堅定守護台灣,促進台灣的民主、和平、繁榮。",claim,"「我無比珍惜,必定全力以赴,不敢辜負所託」。","(編輯:林克倫)1120115 民進黨主席補選15日投票 賴清德布局黨務向正國會借將 賴清德:當選黨主席不迴避檢討 該開刀就開刀 蔡總統:賴清德是總統接班適當人選 盼他把黨帶好 民進黨主席補選 陳其邁:盼在賴清德帶領下重整隊伍 外界關注內閣人事布局 鄭文燦:團結讓台灣更好 吳怡農打正面選戰小輸 綠省思2024如何找回支持 2025/05/20 12:24 2025/05/15 13:01 2025/05/15 11:38 2025/05/11 11:16 2025/05/08 13:16 2025/05/08 12:15 本網站之文字、圖片及影音,非經授權,不得轉載、公開播送或公開傳輸及利用。","[{""name"": ""賴清德"", ""party"": ""DPP""}, {""name"": ""民進黨"", ""party"": ""DPP""}]",[],False,,03_Lai_chinatimes_news,2023-01-15 18:37:00,L1-14,9.3,l2_L2-02|l2_L2-03|l2_L2-04|l2_L2-10|l2_L2-14|l2_L2-15|has_speaker|has_target|claim|good_length,l1_gap_filling
萧美琴专访_d60ae253e66a_u002,"我自己是没有很喜欢台湾,这种文化,因为比如说像是蔡总统之前就会被人家说你自己没有生小孩,你没有资格谈台湾少子化的问题,或者是说像侯友宜最近在造势场合就会被人家说为什么你太太都没有出来站台就是。",claim,"吉娃娃: 最后有一个是我的我自己个人在做research的时候,因为有看过很多访谈就有发现萧大使在其他的访谈上面有被问到感情的状态而且还有被追问个两三次。","吉娃娃: 我自己没有很喜欢这种好像你一定要成家才能治国,然后你的感情状态一定是要很美满啊什么才能当政治人物。","[{""name"": ""侯友宜"", ""party"": ""KMT""}]",[],True,campaigning,萧美琴专访,,L1-14,8.8,boundary_semantic|l2_L2-06|l2_L2-08|l2_L2-12|has_speaker|has_target|procedural|claim|good_length,l1_gap_filling
_ac813a53ae11_u005,"賴清德表示,如沒有民主保障,國際公司、創意研發公司無法持續發展,為了守住台灣,在蔡英文領導下推動全民國防,強調「和平靠國防、國防靠全民」強調和平只有經由力量才能得到,懦弱是最大的挑釁,給予侵略者的政治企圖,所以強化我國國防,是保護自己、民主成果、經濟成就,及人民的生活。",claim,"賴清德指出,政府協助企業立足台灣,行銷全世界,從總統蔡英文提出歡迎台商回台投資專案、企業加碼投資、歡迎海外資金回流,並積極加入區域經濟、洽簽台美21世紀貿易倡議、歐盟緊密合作等,未來更會解決淨零轉型、疫後經濟復甦、俄侵烏帶動的地緣政治變化等問題,台灣成功數位轉型、智慧轉型,發揮韌性,因應未來挑戰。","賴清德說,「我們從來沒有想要去侵略哪個國家,強化國防是我們追求和平的手段,要共同合作保護、追求和平,對於和平,絕對不放棄,而且和平不只是台灣的責任,民主國家都要站在一起,以和平為最大目標,重申戰爭沒有贏家,和平才能符合共同利益,只要我們團結一致、2024年團結一致,追求和平,一定讓台灣更好。」 磐石會會長交接典禮,賴清德與企業人士合影。","[{""name"": ""賴清德"", ""party"": ""DPP""}]",[],False,,03_Lai_ltn_news,2023-03-18 17:28:55,L1-14,8.3,l2_L2-02|l2_L2-03|l2_L2-04|l2_L2-07|l2_L2-10|has_speaker|has_target|claim|good_length,l1_gap_filling
_2094a553d92d_u003,這4大支柱包括必須建立台灣的威懾力、提升經濟安全、基於與全世界民主國家建立夥伴關係、穩定而有原則的兩岸關係領導能力。,context,"全文/賴清德投書華爾街日報 提4大支柱致力維護兩岸和平 民進黨主席暨2024總統參選人賴清德今天投書「華爾街日報」,以「我保衛台海和平的計畫」為題,闡述實踐和平的4大支柱理念。","對於賴清德針對台海和平的闡述,「德國馬歇爾基金會」(GMF)印太研究主任葛來儀(Bonnie Glaser)指出,賴清德在文章中提出重要觀點,強調加強台灣防衛與強化經濟安全的重要性,贊成維持兩岸現狀,並承諾致力於和平穩定。",[],"[""兩岸|cross-strait""]",False,,02_Ke_chinatimes_news,2023-07-05 09:47:00,L1-14,8.3,boundary_semantic|l2_L2-02|l2_L2-03|l2_L2-04|l2_L2-07|has_speaker|has_target|good_length,l1_gap_filling
_22bae0f8a1ca_u011,"賴清德指出,除了護國神山,更要發展護國群山,要支持地方創生與在地產業發展、創造更好就業機會,協助中小及微型企業、服務業及社會企業的發展,讓傳統產業、服務業、觀光業及其他產業持續成長茁壯,強化產學創新鏈結,提高攬才留才能力,並且鼓勵事業內部新創發展,培育新世代隱形冠軍,同時發展國際化會展產業,打造更多元的台灣主題產業展,帶動城市特色發展。",claim,"他說明,1500億元包含新創業者的投資、金融業及國家資金的挹注等,會是早期資金到各階段需求的加總。","在發展綠色成長新戰略方面,賴清德指出,2050淨零轉型是國家發展戰略佈局的重要議題,未來除了持續發展綠能科技之外,也要推動淨零科技,運用資通訊技術、數位化工具,結合AIoT技術,協助產業進行綠色轉型,進一步建立本土「綠色金融」,鼓勵資金投入因應氣候變遷,協助產業低碳及無碳轉型,確保在「淨零轉型」之下,讓國人擁有平等發展的機會。","[{""name"": ""賴清德"", ""party"": ""DPP""}]",[],False,,01_Ho_ltn_news,2023-10-03 11:58:35,L1-14,8.3,l2_L2-03|l2_L2-05|l2_L2-06|l2_L2-10|l2_L2-13|has_speaker|has_target|claim|good_length,l1_gap_filling
_22bae0f8a1ca_u011,"賴清德指出,除了護國神山,更要發展護國群山,要支持地方創生與在地產業發展、創造更好就業機會,協助中小及微型企業、服務業及社會企業的發展,讓傳統產業、服務業、觀光業及其他產業持續成長茁壯,強化產學創新鏈結,提高攬才留才能力,並且鼓勵事業內部新創發展,培育新世代隱形冠軍,同時發展國際化會展產業,打造更多元的台灣主題產業展,帶動城市特色發展。",claim,"他說明,1500億元包含新創業者的投資、金融業及國家資金的挹注等,會是早期資金到各階段需求的加總。","在發展綠色成長新戰略方面,賴清德指出,2050淨零轉型是國家發展戰略佈局的重要議題,未來除了持續發展綠能科技之外,也要推動淨零科技,運用資通訊技術、數位化工具,結合AIoT技術,協助產業進行綠色轉型,進一步建立本土「綠色金融」,鼓勵資金投入因應氣候變遷,協助產業低碳及無碳轉型,確保在「淨零轉型」之下,讓國人擁有平等發展的機會。","[{""name"": ""賴清德"", ""party"": ""DPP""}]",[],False,,03_Lai_ltn_news,2023-10-03 11:58:35,L1-14,8.3,l2_L2-03|l2_L2-05|l2_L2-06|l2_L2-10|l2_L2-13|has_speaker|has_target|claim|good_length,l1_gap_filling
_b79329944155_u012,"工作室表示,侯友宜在新北市整整13年,熟稔各項市政、了解基層聲音,今年又再度榮獲遠見雜誌縣市長滿意度調查,代表最優秀的五星級市長,如今扛起更大責任,將發揮畢生力量、服務更多人民,用生命捍衛中華民國,讓政黨輪替成為常態,終結民進黨8年執政以來種種亂象,還給人民一個願意好好做事情的政府,帶給人民和平、安定、繁榮、永續。",claim,"競選工作室也吸引來自台大、輔大和台北大學等大學和研究生的參與,會以「政治實習生」的方式,包括行程設計、街頭宣講、台上演說等不同的形式,實際參與整個選舉過程, 透過 Google News 工作室表示,侯友宜生長於南台灣,是菜市場裡長大的孩子,從警官學校畢業後,隨著辦案的需要,足跡遍及全台灣,相當了解基層民眾的心聲,對於是非善惡,更是絕不妥協,侯友宜2018年投入人生第一場選舉,就是希望團結台灣,不分黨派、不分族群,一起讓國家、社會更和諧,減少政治對立下的衝突與撕裂。","(編輯:郭無患)1120601 侯友宜不排斥侯習會 促賴清德說清楚贊成或反對台獨 傳柯侯郭下週見面 侯友宜:謝謝關心 侯辦行動劇諷浮編特別預算 綠:惡意扭曲 賴清德反對重啟服貿 侯辦:放任服務業低薪 本網站之文字、圖片及影音,非經授權,不得轉載、公開播送或公開傳輸及利用。","[{""name"": ""侯友宜"", ""party"": ""KMT""}, {""name"": ""民進黨"", ""party"": ""DPP""}]",[],False,,03_Lai_chinatimes_news,2023-06-01 10:11:00,L1-14,8.3,boundary_semantic|l2_L2-03|l2_L2-04|l2_L2-11|has_speaker|has_target|claim|good_length,l1_gap_filling
_ca6b22e77477_u003,"透過 Google News 蔡總統說,為何國際社會要保護台灣,因為台灣是民主自由的世界標竿,保護台灣就是保護世界民主自由,且台灣在全球供應鏈扮演非常關鍵角色,若某天台灣不生產半導體,世界產量將減半,加上台灣有許多產業關鍵零組件製造能力,及台灣附近水域若被阻礙,世界經濟將受很大影響,因此西方國家有共識要守護台灣。",claim,"蔡總統也舉例提升老人長照、育兒福利等措施說,政府不僅照顧老、少,也強化國防,錢都花在刀口上,在野黨卻抹黑說是「大撒幣、債留子孫」,但政府絕無債留子孫,除執行許多政策、建設,更還債新台幣8000多億元,明年還要還債1000多億元,政府是負責任的。","蔡總統也說,台灣人辛苦得到國際認同,這條路要繼續走,拜託大家一定要讓黃秀芳當選,黃秀芳是最優質立委,也拜託支持賴清德、民進黨副總統候選人蕭美琴,賴清德行政歷練完整,未來台灣面對多變的國際情勢,領導台灣的團隊一定要有經驗、要有與國際溝通能力,賴清德與蕭美琴是最佳組合。",[],[],False,,03_Lai_chinatimes_news,2023-12-24 14:41:00,L1-14,8.3,l2_L2-02|l2_L2-03|l2_L2-05|l2_L2-10|l2_L2-14|has_speaker|has_target|claim|good_length,l1_gap_filling
_d594edeb850f_u005,"夏立言認為,這些寶貴的政治資產,值得兩岸共同珍視,從過去的歷史經驗來看,無論兩岸關係經歷多少起伏波折,哪怕彼此有再大的分歧,但只要能夠繼續交流對話、累積互信,以智慧化解衝突,用包容尋求共識,把維繫台海和平當成重要目標,相信沒有什麼困難是不能化解的。",claim,"夏立言強調,當時雙方不僅定期進行「兩岸事務首長會議」,後來也成功於新加坡舉行「馬習會」,為兩岸領導人面對面平等協商、和平交流樹立典範,更得到國際社會的高度肯定,這不但證明了過去8年國民黨兩岸政策的正確性和重要性,而且也是國共兩黨合作下,不可忽視的重大成就。","國民黨表示,維持兩岸關係的和平穩定,促進台灣人民、兩岸人民的生活福祉,一直是國民黨最優先的政策目標,相信這也是當前兩岸從民間到官方的共識,該黨將秉持一路走來的智慧與精神,不畏艱難險阻,繼續戮力推動台灣民生福祉,推動兩岸交流、促進兩岸和平,為兩岸的發展和繁榮找到最佳的平衡點。",[],"[""兩岸|cross-strait""]",False,,01_Ho_ltn_news,2023-02-10 21:53:15,L1-14,8.3,boundary_semantic|l2_L2-04|l2_L2-06|l2_L2-14|has_speaker|has_target|claim|good_length,l1_gap_filling
_d3ea8b47e4fe_u011,"以前國民黨執政時,民眾關心經濟、貿易、文化、觀光等,現在卻是擔憂戰爭風險,所以這次選舉首要目標就是國家安全。",context,"侯友宜致詞表示,日前他出訪日本,被日本政界問及台海局勢與危機問題;","朱立倫致詞指出,新竹縣近年發展快速,未來要繼續靠侯友宜及楊文科在中央、地方共同努力,讓新竹縣繼續大發展,並要靠所有同黨同志團結一心,下架民進黨。","[{""name"": ""國民黨"", ""party"": ""KMT""}]",[],False,,02_Ke_chinatimes_news,2023-08-04 20:49:00,L1-14,8.3,boundary_semantic|l2_L2-03|l2_L2-06|l2_L2-07|l2_L2-12|has_speaker|has_target|good_length,l1_gap_filling
_08e54e529541_u014,"黨政人士表示,蔡英文除了不像前兩任總統在第二任後期涉入弊案,或是陷入爭議性的議題,再加上她在總統任期內強化國防、總體經濟的成長,以及加入國際民主陣營,讓台灣被世界看見,並維持兩岸現況的穩定,都讓國人願意讓賴清德接續蔡英文路線,讓現有的執政團隊繼續協助治理國家。",claim,"最後一點,黨政人士表示,選舉結果代表蔡英文這八年執政獲得國人肯定,去年底的媒體民調顯示,蔡英文總統執政8年施政滿意度有43.5%,可以說是近20年來,卸任前夕獲得國人最高支持度的總統。","透過 Google News 不過,黨政人士也對上述觀察做出提醒,中國的介選愈來愈靈活、細膩,在現有的基礎上持續變化,目的除了試圖控制選舉,也訴求破壞國人對於民主的信心;","[{""name"": ""賴清德"", ""party"": ""DPP""}]","[""兩岸|cross-strait""]",False,,02_Ke_chinatimes_news,2024-01-13 20:53:00,L1-14,8.3,l2_L2-02|l2_L2-03|l2_L2-04|l2_L2-07|l2_L2-10|has_speaker|has_target|claim|good_length,l1_gap_filling
_20afb2de1725_u009,"賴清德強調,他若當選,兩岸發生戰爭的機會最小,他會在總統蔡英文的四大堅持之上,透過和平四大支柱行動方案,包含建立台灣的威懾力、經濟安全是國家安全、與全世界民主國家建立夥伴關係,穩定而有原則的兩岸關係領導能力等,讓台海永續和平與國家繁榮。",claim,"賴清德說,台灣經濟已經走在正確的路上,若台灣接受了一個中國原則,又接受兩岸服務貿易協議,恐會讓經濟與產業走上回頭路。","他說,發揮威懾的力量,是要讓中國不至於做出錯誤的判斷,不敢越雷池一步,透過強化國防力量、經濟力量,達成「不戰而屈人之兵」,並在對等尊嚴情況下與中國交流合作。","[{""name"": ""賴清德"", ""party"": ""DPP""}]","[""兩岸|cross-strait""]",False,,01_Ho_chinatimes_news,2023-12-08 22:51:00,L1-14,8.3,l2_L2-02|l2_L2-03|l2_L2-04|l2_L2-07|l2_L2-11|has_speaker|has_target|claim|good_length,l1_gap_filling
_41ee904f1f27_u011,"此外,柯文哲也在晚間透過「KP TV」直播談及新北國中生割喉案,並以過去台北市執政經驗為例,指出社會、校園安全必須從制度層面解決、層層防護。",claim,"但願台灣的孩子,能在正常的環境下,順利平安成長。","柯文哲表示,應建立從學校、輔導老師、醫院到市府的多重保障,班上的班導師主動發現問題後,要即時將問題上報,引介至專業輔導系統。","[{""name"": ""柯文哲"", ""party"": ""TPP""}]",[],False,,02_Ke_chinatimes_news,2023-12-27 23:01:00,L1-14,8.3,boundary_semantic|l2_L2-05|l2_L2-07|l2_L2-09|has_speaker|has_target|claim|good_length,l1_gap_filling
_20afb2de1725_u009,"賴清德強調,他若當選,兩岸發生戰爭的機會最小,他會在總統蔡英文的四大堅持之上,透過和平四大支柱行動方案,包含建立台灣的威懾力、經濟安全是國家安全、與全世界民主國家建立夥伴關係,穩定而有原則的兩岸關係領導能力等,讓台海永續和平與國家繁榮。",claim,"賴清德說,台灣經濟已經走在正確的路上,若台灣接受了一個中國原則,又接受兩岸服務貿易協議,恐會讓經濟與產業走上回頭路。","他說,發揮威懾的力量,是要讓中國不至於做出錯誤的判斷,不敢越雷池一步,透過強化國防力量、經濟力量,達成「不戰而屈人之兵」,並在對等尊嚴情況下與中國交流合作。","[{""name"": ""賴清德"", ""party"": ""DPP""}]","[""兩岸|cross-strait""]",False,,02_Ke_chinatimes_news,2023-12-08 22:51:00,L1-14,8.3,l2_L2-02|l2_L2-03|l2_L2-04|l2_L2-07|l2_L2-11|has_speaker|has_target|claim|good_length,l1_gap_filling
_6dac1b78a4c3_u003,"賈麥岱指出,今年台瓜兩國建立邦交關係將屆滿89年,兩國元首這樣頻密互訪,更具象徵意義,台瓜建交以來,雙方政府領導人均以和平、博愛及致力國家繁榮、人民富足為治國基礎,即使面對諸多政經挑戰及複雜國際情勢,我們都能夠克服萬難,在尋求國家發展、為民謀福的道路上持續前進。",claim,"賈麥岱首先以「中華民國台灣總統」稱呼蔡英文總統,他說,他要代表瓜地馬拉共和國人民和政府表達最誠摯、兄弟般的問候,幾週前蔡總統才到瓜地馬拉訪問,今天能回訪台灣國是訪問,非常榮幸,這是台瓜兩國最高層級的官式互訪,達成互惠互利的協議,充分象徵兩國友誼及合作關係成果豐碩。","賈麥岱表示,近90年來,瓜地馬拉和中華民國台灣持續加強有利國家發展的交流與合作關係,相信未來我們仍會繼續團結一心、相互扶持,我們對兩國邦誼代表的理念、價值深具信心,誠如蔡總統訪問瓜國時表達的,兩國將秉持踏實、互惠、互利的原則繼續推動外交關係。",[],[],False,,02_Ke_ltn_news,2023-04-25 10:59:05,L1-14,8.3,boundary_semantic|l2_L2-03|l2_L2-04|l2_L2-10|has_speaker|has_target|claim|good_length,l1_gap_filling
_20afb2de1725_u009,"賴清德強調,他若當選,兩岸發生戰爭的機會最小,他會在總統蔡英文的四大堅持之上,透過和平四大支柱行動方案,包含建立台灣的威懾力、經濟安全是國家安全、與全世界民主國家建立夥伴關係,穩定而有原則的兩岸關係領導能力等,讓台海永續和平與國家繁榮。",claim,"賴清德說,台灣經濟已經走在正確的路上,若台灣接受了一個中國原則,又接受兩岸服務貿易協議,恐會讓經濟與產業走上回頭路。","他說,發揮威懾的力量,是要讓中國不至於做出錯誤的判斷,不敢越雷池一步,透過強化國防力量、經濟力量,達成「不戰而屈人之兵」,並在對等尊嚴情況下與中國交流合作。","[{""name"": ""賴清德"", ""party"": ""DPP""}]","[""兩岸|cross-strait""]",False,,03_Lai_chinatimes_news,2023-12-08 22:51:00,L1-14,8.3,l2_L2-02|l2_L2-03|l2_L2-04|l2_L2-07|l2_L2-11|has_speaker|has_target|claim|good_length,l1_gap_filling
_0e853dfbeafb_u005,"侯友宜說,台灣第三波民主改革是為了建立典範,這是重要里程碑,如何讓人民重新信任政府很重要,領導人要有誠信,建立典範就是為了團結大家。",claim,"主持人吳子嘉談及藍白合11月簽署6點協議,第6點提到國民黨與民眾黨承諾為台灣第三波民主改革建立典範,必須成立聯合政府。","侯友宜表示,當時藍白合6點協議,別人算不算,他不管,但是他講過的一定算。","[{""name"": ""侯友宜"", ""party"": ""KMT""}]",[],False,,01_Ho_chinatimes_news,2024-01-01 23:22:00,L1-14,8.3,boundary_semantic|l2_L2-02|l2_L2-14|l2_L2-15|has_speaker|has_target|claim|good_length,l1_gap_filling
_42c7342cbc72_u003,"總統大選登記截止(11/24)後,多家民調傾巢而出,游盈隆6日在臉書發文建議選民可透過3點判準去看手中的民調,「第一,民調是否採『真人電話訪談』,如果是,可以採納,如果不是,可擱置;第二,民調是否採市話/手機並用,例如73比或各半,如果是,優先採納,如果不是,可存參;第三,民調機構是長期穩定經營的,或臨時蹦出來的,前者通常比後者可信。秉持這3原則看民調,會獲得比較接近真實的選情。」 綜合各家民調數據,當前選情似乎變成傳統藍綠對決,白色力量被邊緣化,但游盈隆不以為然,「對於當前2024民調大戰,我的感覺是,不下於2000年總統大選,甚至在某些方面尤有過之。例如,本應屬於競總內參的滾動式民調,現在有民調機構直接公佈,特別是因為『全市話』民調會高估2大黨候選人支持度,嚴重不利小黨候選人,再加上媒體的推波助瀾,因此柯文哲最近被打的很慘,如果不耐打,很可能很快會被打趴在地。這或許符合2大黨眼前的利益,但當中牽涉到的『民調責任倫理問題』,社會應給予適度的關注才對。」 游盈隆表示,「我對目前選情的觀察是,綠藍白仍呈三足鼎立態勢,但『賴蕭配』已逐漸拉開與『侯趙配』及『柯吳配』的差距,最近一次(12/4)匯流民調採市話/手機各半,共2千份樣本,結果是賴蕭三成七、侯趙二成八、柯吳二成六,應該是相對比較接近真實的。由於藍白相去不遠,除非未來出現慘烈的棄保效應,否則,賴蕭配將逐漸走出8年魔咒(指近16年來執政滿8年都會政黨輪替)陰影。」 游盈隆也呼籲,劣質民調或假民調雖然不能決定選舉結果,但這種民調若充斥台灣大選,絕對是有害正常、健康、公平的選舉競爭,不利台灣民主發展,甚至成為台灣民主的汙點和恥辱,「選民必須正視,民調發佈者也應自我克制」。",quote,"游盈隆也分享自己對於當前選情的看法,指民進黨、國民黨和民眾黨仍呈三強鼎立態勢,但「賴蕭配」已逐漸與其他2組拉開差距。",不用抽 不用搶 現在用APP看新聞 保證天天中獎點我下載APP按我看活動辦法,"[{""name"": ""柯文哲"", ""party"": ""TPP""}]",[],False,,02_Ke_ltn_news,2023-12-07 00:31:23,L1-14,8.3,l2_L2-02|l2_L2-03|l2_L2-04|l2_L2-05|l2_L2-06|has_speaker|has_target|quote,l1_gap_filling
_962afde33527_u011,"賴清德指出,過去8年在總統蔡英文領導下,兩岸外交國防受國際社會肯定,在產業發展也交出漂亮成績單,會在此基礎上持續推動經濟發展。",claim,"賴清德表示,已有許多國際媒體大篇幅報導中國在這次選舉中介入的嚴重程度,這幾天假訊息與認知作戰鋪天蓋地而來,盼民眾注意不要受到影響,他也在前天開記者會向國際社會說明,會與國會力量結合,守護台灣促進民主和平繁榮發展。",(編輯:方沛清)1130111 徐耀昌:苗栗人欠民進黨人情 生技、電力股走強 台股17600點關卡震盪 陸學者:台灣三黨,"[{""name"": ""賴清德"", ""party"": ""DPP""}]","[""兩岸|cross-strait""]",False,,03_Lai_chinatimes_news,2024-01-11 13:41:00,L1-14,8.3,l2_L2-03|l2_L2-04|l2_L2-05|l2_L2-07|l2_L2-10|has_speaker|has_target|claim|good_length,l1_gap_filling
_b79329944155_u012,"工作室表示,侯友宜在新北市整整13年,熟稔各項市政、了解基層聲音,今年又再度榮獲遠見雜誌縣市長滿意度調查,代表最優秀的五星級市長,如今扛起更大責任,將發揮畢生力量、服務更多人民,用生命捍衛中華民國,讓政黨輪替成為常態,終結民進黨8年執政以來種種亂象,還給人民一個願意好好做事情的政府,帶給人民和平、安定、繁榮、永續。",claim,"競選工作室也吸引來自台大、輔大和台北大學等大學和研究生的參與,會以「政治實習生」的方式,包括行程設計、街頭宣講、台上演說等不同的形式,實際參與整個選舉過程, 透過 Google News 工作室表示,侯友宜生長於南台灣,是菜市場裡長大的孩子,從警官學校畢業後,隨著辦案的需要,足跡遍及全台灣,相當了解基層民眾的心聲,對於是非善惡,更是絕不妥協,侯友宜2018年投入人生第一場選舉,就是希望團結台灣,不分黨派、不分族群,一起讓國家、社會更和諧,減少政治對立下的衝突與撕裂。","(編輯:郭無患)1120601 侯友宜不排斥侯習會 促賴清德說清楚贊成或反對台獨 傳柯侯郭下週見面 侯友宜:謝謝關心 侯辦行動劇諷浮編特別預算 綠:惡意扭曲 賴清德反對重啟服貿 侯辦:放任服務業低薪 本網站之文字、圖片及影音,非經授權,不得轉載、公開播送或公開傳輸及利用。","[{""name"": ""侯友宜"", ""party"": ""KMT""}, {""name"": ""民進黨"", ""party"": ""DPP""}]",[],False,,01_Ho_chinatimes_news,2023-06-01 10:11:00,L1-14,8.3,boundary_semantic|l2_L2-03|l2_L2-04|l2_L2-11|has_speaker|has_target|claim|good_length,l1_gap_filling
_75a875ec09a5_u003,"針對兩岸關係,他主張「台灣自主、兩岸和平」,維持現有的民主、自由政治制度與生活方式,願意在對等、尊嚴前提下展開交流,他辦過雙城論壇、世大運,具備成功和中國大陸打交道經驗,從未讓台灣權益受損。",claim,"柯文哲在第一輪發言時表示,台灣本來就是移民社會,只要住在台灣、認同台灣、喜歡台灣就是台灣人,希望建構團結和諧社會,政治要落實每一天,人民才是政治主體,而非意識形態。","透過 Google News 柯文哲表示,將以「5個互相」與對岸互動,包含互相認識、互相了解、互相尊重、互相合作、互相諒解,理解各有困難,希望找出彼此可接受方案。",[],"[""兩岸|cross-strait""]",False,,02_Ke_chinatimes_news,2023-12-20 19:51:00,L1-14,8.3,boundary_semantic|l2_L2-02|l2_L2-04|l2_L2-09|has_speaker|has_target|claim|good_length,l1_gap_filling
_08e54e529541_u014,"黨政人士表示,蔡英文除了不像前兩任總統在第二任後期涉入弊案,或是陷入爭議性的議題,再加上她在總統任期內強化國防、總體經濟的成長,以及加入國際民主陣營,讓台灣被世界看見,並維持兩岸現況的穩定,都讓國人願意讓賴清德接續蔡英文路線,讓現有的執政團隊繼續協助治理國家。",claim,"最後一點,黨政人士表示,選舉結果代表蔡英文這八年執政獲得國人肯定,去年底的媒體民調顯示,蔡英文總統執政8年施政滿意度有43.5%,可以說是近20年來,卸任前夕獲得國人最高支持度的總統。","透過 Google News 不過,黨政人士也對上述觀察做出提醒,中國的介選愈來愈靈活、細膩,在現有的基礎上持續變化,目的除了試圖控制選舉,也訴求破壞國人對於民主的信心;","[{""name"": ""賴清德"", ""party"": ""DPP""}]","[""兩岸|cross-strait""]",False,,03_Lai_chinatimes_news,2024-01-13 20:53:00,L1-14,8.3,l2_L2-02|l2_L2-03|l2_L2-04|l2_L2-07|l2_L2-10|has_speaker|has_target|claim|good_length,l1_gap_filling
_d3ea8b47e4fe_u011,"以前國民黨執政時,民眾關心經濟、貿易、文化、觀光等,現在卻是擔憂戰爭風險,所以這次選舉首要目標就是國家安全。",context,"侯友宜致詞表示,日前他出訪日本,被日本政界問及台海局勢與危機問題;","朱立倫致詞指出,新竹縣近年發展快速,未來要繼續靠侯友宜及楊文科在中央、地方共同努力,讓新竹縣繼續大發展,並要靠所有同黨同志團結一心,下架民進黨。","[{""name"": ""國民黨"", ""party"": ""KMT""}]",[],False,,03_Lai_chinatimes_news,2023-08-04 20:49:00,L1-14,8.3,boundary_semantic|l2_L2-03|l2_L2-06|l2_L2-07|l2_L2-12|has_speaker|has_target|good_length,l1_gap_filling
_42c7342cbc72_u003,"總統大選登記截止(11/24)後,多家民調傾巢而出,游盈隆6日在臉書發文建議選民可透過3點判準去看手中的民調,「第一,民調是否採『真人電話訪談』,如果是,可以採納,如果不是,可擱置;第二,民調是否採市話/手機並用,例如73比或各半,如果是,優先採納,如果不是,可存參;第三,民調機構是長期穩定經營的,或臨時蹦出來的,前者通常比後者可信。秉持這3原則看民調,會獲得比較接近真實的選情。」 綜合各家民調數據,當前選情似乎變成傳統藍綠對決,白色力量被邊緣化,但游盈隆不以為然,「對於當前2024民調大戰,我的感覺是,不下於2000年總統大選,甚至在某些方面尤有過之。例如,本應屬於競總內參的滾動式民調,現在有民調機構直接公佈,特別是因為『全市話』民調會高估2大黨候選人支持度,嚴重不利小黨候選人,再加上媒體的推波助瀾,因此柯文哲最近被打的很慘,如果不耐打,很可能很快會被打趴在地。這或許符合2大黨眼前的利益,但當中牽涉到的『民調責任倫理問題』,社會應給予適度的關注才對。」 游盈隆表示,「我對目前選情的觀察是,綠藍白仍呈三足鼎立態勢,但『賴蕭配』已逐漸拉開與『侯趙配』及『柯吳配』的差距,最近一次(12/4)匯流民調採市話/手機各半,共2千份樣本,結果是賴蕭三成七、侯趙二成八、柯吳二成六,應該是相對比較接近真實的。由於藍白相去不遠,除非未來出現慘烈的棄保效應,否則,賴蕭配將逐漸走出8年魔咒(指近16年來執政滿8年都會政黨輪替)陰影。」 游盈隆也呼籲,劣質民調或假民調雖然不能決定選舉結果,但這種民調若充斥台灣大選,絕對是有害正常、健康、公平的選舉競爭,不利台灣民主發展,甚至成為台灣民主的汙點和恥辱,「選民必須正視,民調發佈者也應自我克制」。",quote,"游盈隆也分享自己對於當前選情的看法,指民進黨、國民黨和民眾黨仍呈三強鼎立態勢,但「賴蕭配」已逐漸與其他2組拉開差距。",不用抽 不用搶 現在用APP看新聞 保證天天中獎點我下載APP按我看活動辦法,"[{""name"": ""柯文哲"", ""party"": ""TPP""}]",[],False,,01_Ho_ltn_news,2023-12-07 00:31:23,L1-14,8.3,l2_L2-02|l2_L2-03|l2_L2-04|l2_L2-05|l2_L2-06|has_speaker|has_target|quote,l1_gap_filling
_794e0e14509b_u007,"侯友宜也說,要守護中華文化,「我們的祖先同樣來自一個地方」,遵循中華民國憲法、兩岸人民關係條例,裡面載明「兩岸之間互不承認主權,互不否認治權」,並強調,中華民國前途,未來由2300萬人決定,要提升自我防衛能力,也要不斷溝通,這是領導人該負的責任,全世界領導人有責任避戰,不能引發戰爭。",claim,"首先,中華民國海內外同胞要團結一致,對自己的國家充滿信心,同時兩岸一定要重新對話、交流,讓關係回溫,產生更多信任。","潘恩受訪時則表示,基於他自己的身分,沒有辦法明確表達支持誰,但他認為侯友宜致詞的內容很振奮人心,美國會一直跟台灣站在一起,這是無庸置疑的。","[{""name"": ""侯友宜"", ""party"": ""KMT""}]","[""兩岸|cross-strait""]",False,,01_Ho_chinatimes_news,2023-09-17 10:24:00,L1-14,8.3,boundary_semantic|l2_L2-04|l2_L2-06|l2_L2-12|has_speaker|has_target|claim|good_length,l1_gap_filling
_0567d83ca2cf_u004,"賴清德表示,堅持台灣主權立場不變,未來執政四大方針「拚經濟、護民主 、強國防、保和平」,並勾勒澎湖未來發展藍圖,配合國家2050淨零轉型 政策,建設澎湖成為低碳示範城市,利用海底電纜來往供電,發展太陽能、潮汐、風力發電綠能,供應澎湖全島,交通工具全用電動車,讓澎湖發展觀光產業,賴也不忘「牽成」立委楊曜,要求群眾也要投票支持楊曜。",claim,"澎湖信賴之友會成立大會,澎湖綠營政要齊聚一堂,包括立委楊曜、縣長陳光復、南部服務中心副執行長陳慧玲、馬公市長黃健忠、議員呂黃春金、蘇育德、蔡清續、民進黨澎湖縣黨部主委顏家康等人都到場,西衛社區活動中心湧入滿滿支持者,超過千餘人,展現出勝選氣勢。","隨後賴清德等人,轉往澎湖信仰中心開台天后宮,並大啖澎湖仙人掌冰,參觀澎湖仿古磁磚畫,澎湖縣政府特別準備澎湖風味餐,包括大蛤包飯、花枝丸、月亮蝦餅、石鉅肉粽、花枝漿油條及小管麵線等,由賴清德為澎湖美食代言,同時陳光復縣長也借花獻佛,以大蛤包飯寓意包中(粽)。","[{""name"": ""賴清德"", ""party"": ""DPP""}]",[],False,,03_Lai_ltn_news,2023-06-18 13:09:43,L1-14,8.3,l2_L2-02|l2_L2-03|l2_L2-04|l2_L2-07|l2_L2-13|has_speaker|has_target|claim|good_length,l1_gap_filling
_db02c5bbb69f_u010,"賴清德也提到,在蔡總統領導下,全民團結一致走對的路,讓台灣民主成為世界模範生、經濟優等生,國際社會也對台灣比出大拇指;",claim,"他認為,現在的文山區立委是國民黨籍,若能夠世代交替,讓新一代的年輕人上來,對地方來說會是一樁好事。","他盼望民眾支持賴清德、蕭美琴,並在蔡總統帶領的道路上繼續穩健進步。","[{""name"": ""賴清德"", ""party"": ""DPP""}]",[],False,,02_Ke_chinatimes_news,2023-12-09 22:22:00,L1-14,8.3,l2_L2-02|l2_L2-03|l2_L2-05|l2_L2-10|l2_L2-14|has_speaker|has_target|claim|good_length,l1_gap_filling
_41b5fd80bbf9_u003,"賴清德說,建設國家就像蓋房子、造工廠,團隊從規劃設計到發包動工,需要眾人的幫忙,而在蔡英文總統的領導之下,國家的進步有目共睹,未來他若當選,要推動未來願景及希望工程,建設和平民主、創新繁榮的台灣。",claim,"賴清德到新北市新莊區出席「全國工程界信賴台灣後援會成立大會」,進場時受到群眾簇擁,「總統好」、「凍蒜」聲不絕於耳,現場湧入近千人,座無虛席。","他話鋒一轉問台下,「大家可以比較一下,參選總統的各組人馬中,誰背後的團隊最完整?」民進黨有3大智庫、200多名專家學者,加上蔡總統的執政團隊,「我們已經準備好了,當選後就要捲起袖子投入建設國家的行列」。","[{""name"": ""賴清德"", ""party"": ""DPP""}]",[],False,,03_Lai_ltn_news,2023-10-21 17:35:01,L1-14,8.3,l2_L2-02|l2_L2-03|l2_L2-04|l2_L2-13|l2_L2-15|has_speaker|has_target|claim|good_length,l1_gap_filling
_7158de126bdc_u018,"(編輯:龍柏安)1130102 原文來自「亞洲自由電台」:<HTML> 蕭美琴趙少康激辯憲法九二共識 吳欣盈提台灣自主 趙少康稱恆春人盼核三延役 地方不認同 趙少康宣布辭中廣董事長 不領副總統薪水、官邸改青年住宅【全文】 政院:個資法與歐盟保護原則相同 若修法將參考國際 談執政成績 蕭美琴:民進黨比國民黨更會治國【全文】 吳欣盈砲打藍綠 自豪財經專業主打經濟牌【全文】 趙少康提問針對蕭美琴 吳欣盈:不要把我當空氣 國民黨板橋運動場開票 民眾揮舞國旗表達支持 蔣萬安陪同投票 趙少康:心情輕鬆、有信心 吳欣盈攜賀瓏小物投票 感嘆無電子投票民主缺一角 柯文哲喊已走到終結藍綠十字路口 要讓奇蹟發生 2025/03/22 22:03 2024/01/05 18:09 2024/01/03 14:10 2024/01/02 12:59 2024/01/01 11:06 2023/12/31 16:48 本網站之文字、圖片及影音,非經授權,不得轉載、公開播送或公開傳輸及利用。",claim,"自由亞洲電台表示其內容為錯誤解讀,GDPR適用於歐盟的27個成員國,也適用於歐洲經濟區內的非歐盟國家,包含冰島、挪威、列支敦士登,並未達50幾個。",,"[{""name"": ""蕭美琴"", ""party"": ""DPP""}, {""name"": ""趙少康"", ""party"": ""KMT""}, {""name"": ""柯文哲"", ""party"": ""TPP""}, {""name"": ""吳欣盈"", ""party"": ""TPP""}, {""name"": ""民進黨"", ""party"": ""DPP""}, {""name"": ""國民黨"", ""party"": ""KMT""}]","[""國旗|symbol""]",True,,02_Ke_chinatimes_news,2024-01-02 12:59:00,L1-14,8.3,l2_L2-02|l2_L2-03|l2_L2-08|l2_L2-10|l2_L2-14|has_speaker|has_target|procedural|claim,l1_gap_filling
_fa3e95a9e48e_u002,"關渡宮董事長陳玉坤表示,期望台灣能在賴清德繼續領導下,安全、有尊嚴地在國際社會上立足。",claim,"(記者劉信德攝) 2023/10/21 11:35 〔記者甘孟霖/台北報導〕民進黨總統參選人、副總統賴清德今(21日)受邀,到台北市北投關渡宮出席媽祖文化季活動。","賴清德上午8點15分左右抵達關渡宮,在廟方人員陪同之下進入參香祈福,接著便至座位區觀看開場藝陣、舞龍舞獅表演。","[{""name"": ""賴清德"", ""party"": ""DPP""}]",[],False,,01_Ho_ltn_news,2023-10-21 11:35:07,L1-14,7.8,boundary_semantic|l2_L2-05|l2_L2-07|l2_L2-10|has_speaker|has_target|claim,l1_gap_filling
_7a68fd8c920e_u007,"姚立明也援引現行憲法第2條、第3條,來詮釋中華民國和中華人民共和國是互不隸屬,來捍衛中華民國跟中華人民共和國互不相隸屬的現實狀況,並特別強調「協商式民主」,就是透過協商、尋求共識,要鞏固及提升執政的正當性,就要盡力讓更多人民參與決策,同時讓人民的意志與選舉結果,符合憲法直接及平等原則。",claim,"政策的形成,要打開政黨的藩籬,也要優化台灣的選舉,深化民主,更要讓新觀念進入民進黨的政策思維。","此外,據轉述,姚立明分析,柯文哲在20至29歲年輕人的支持度已經突破6成,不能再更高,但柯的支持度也只鎖在年輕人這塊,因此目前支持度已到天花板,未來只會下滑。",[],[],True,legislative,02_Ke_ltn_news,2023-07-19 17:14:43,L1-14,7.8,boundary_semantic|l2_L2-02|l2_L2-14|has_speaker|has_target|procedural|claim|good_length,l1_gap_filling
总统辩论_e76e2f37b3f6_u017,"三组候选人当中我最有经验,可以继续走蔡英文总统的外交路线,让台湾持续走入国际,赢得国际社会的支持。",claim,蔡英文总统的外交路线的确获得国际社会的肯定。,"赖清德: 那蔡英文总统的路线基本上是以台湾为优先,不循过去国民党的老路,同时以民主,自由,人权为价值,跟民主阵营站在一起未来我会以过去的经验,特别是萧美琴,过去担任美国大使。",[],[],False,,总统辩论,,L1-14,7.8,boundary_semantic|l2_L2-05|l2_L2-08|l2_L2-10|has_speaker|has_target|claim,l1_gap_filling
_7a68fd8c920e_u007,"姚立明也援引現行憲法第2條、第3條,來詮釋中華民國和中華人民共和國是互不隸屬,來捍衛中華民國跟中華人民共和國互不相隸屬的現實狀況,並特別強調「協商式民主」,就是透過協商、尋求共識,要鞏固及提升執政的正當性,就要盡力讓更多人民參與決策,同時讓人民的意志與選舉結果,符合憲法直接及平等原則。",claim,"政策的形成,要打開政黨的藩籬,也要優化台灣的選舉,深化民主,更要讓新觀念進入民進黨的政策思維。","此外,據轉述,姚立明分析,柯文哲在20至29歲年輕人的支持度已經突破6成,不能再更高,但柯的支持度也只鎖在年輕人這塊,因此目前支持度已到天花板,未來只會下滑。",[],[],True,legislative,03_Lai_ltn_news,2023-07-19 17:14:43,L1-14,7.8,boundary_semantic|l2_L2-02|l2_L2-14|has_speaker|has_target|procedural|claim|good_length,l1_gap_filling
_e139f2b1b488_u007,"(編輯:張若瑤)1130111 德國之聲專訪 馬英九:就兩岸關係而言必須相信習近平 馬英九稱兩岸關係須相信習近平 柯文哲:相信自己比較安全 馬英九稱兩岸關係必須相信習 曹興誠:虛偽的一群人 賴清德:九二共識若走到底 台灣會跟香港一樣 侯友宜:與馬英九意見不同 任內不會觸及統一問題 馬英九將缺席藍營選前之夜 馬辦:沒有受邀 德國12年來首次賀台選舉 凸顯對台政策轉變 綠:藍敗選因對中政策、靠攏深藍、抹黑外交國防 彭博:賴清德當選總統 中國對台政策面臨新挑戰 習近平:政法工作要堅持發展「楓橋經驗」 2024/01/22 16:57 2024/01/11 17:58 2024/01/11 17:49 2024/01/11 15:59 2024/01/11 15:07 2024/01/11 14:58 本網站之文字、圖片及影音,非經授權,不得轉載、公開播送或公開傳輸及利用。",claim,"國民黨總統候選人侯友宜昨天則表示,馬英九這番想法,跟他有些不同,他對大陸的意圖,從來沒有存在不切實際的想法。",,"[{""name"": ""賴清德"", ""party"": ""DPP""}, {""name"": ""侯友宜"", ""party"": ""KMT""}, {""name"": ""柯文哲"", ""party"": ""TPP""}, {""name"": ""藍營"", ""party"": ""KMT""}]","[""兩岸|cross-strait""]",False,,01_Ho_chinatimes_news,2024-01-11 15:59:00,L1-14,7.8,l2_L2-03|l2_L2-04|l2_L2-07|l2_L2-10|l2_L2-14|has_speaker|has_target|claim,l1_gap_filling
meeting2_5abdc99432aa_u017,"三组候选人当中我最有经验,可以继续走蔡英文总统的外交路线,让台湾持续走入国际,赢得国际社会的支持。",claim,蔡英文总统的外交路线的确获得国际社会的肯定。,"赖清德: 那蔡英文总统的路线基本上是以台湾为优先,不循过去国民党的老路,同时以民主,自由,人权为价值,跟民主阵营站在一起未来我会以过去的经验,特别是萧美琴,过去担任美国大使。",[],[],False,,meeting2,,L1-14,7.8,boundary_semantic|l2_L2-05|l2_L2-08|l2_L2-10|has_speaker|has_target|claim,l1_gap_filling
_8651aff9a9d3_u000,"賴清德接受網路節目「下班瀚你聊」專訪時指出,若由他當選總統,兩岸發生戰爭的機率最低,因為他最有能力守護國家的安全。",claim,,"(資料照) 2023/11/06 05:30 〔記者陳政宇、廖雪茹、蔡彰盛/綜合報導〕在野陣營不斷操作「賴清德當選,兩岸會發生戰爭」、「會修憲改國號」等論述。","[{""name"": ""賴清德"", ""party"": ""DPP""}]","[""兩岸|cross-strait""]",False,,01_Ho_ltn_news,2023-11-06 05:30:00,L1-14,7.3,boundary_semantic|l2_L2-04|l2_L2-07|has_speaker|has_target|claim|good_length,l1_gap_filling
_fa3e95a9e48e_u005,"陳玉坤致詞說,關渡宮300多年來扶持媽祖,堅持打造最美、最單純的媽祖信仰中心,集結所有社會良善的力量,讓台灣穩定,希望未來台灣在賴清德繼續領導下,能夠安全有尊嚴地在國際社會上立足,台灣人絕對有辦法為國際做出貢獻。",claim,與會的來賓還有台北市長蔣萬安、立委吳思瑤等人。,"他也向蔣萬安勉勵,希望能將北市打造成適合生養、教育的國際城市。","[{""name"": ""賴清德"", ""party"": ""DPP""}]",[],False,,01_Ho_ltn_news,2023-10-21 11:35:07,L1-14,7.3,l2_L2-04|l2_L2-05|l2_L2-07|l2_L2-10|has_speaker|has_target|claim|good_length,l1_gap_filling
_d594edeb850f_u003,"據國民黨轉述,夏立言表示,就在18年前兩岸同樣面臨緊張情勢時,國民黨順應兩岸民眾對和平的渴望,通過「破冰之旅」化解了一觸即發的兩岸危局,此後在國民黨執政時期,兩岸在共同的政治基礎上,舉行數次會談,簽署多項攸關民生福祉的協議,開啟了雙方和平穩定、繁榮發展的黃金時代。",claim,"國民黨指出,夏立言在會談中首先肯定自「連胡會」以來到國民黨執政8年期間,包括「馬習會」在內的國共交流與合作成果,並對當前兩岸面臨的各種問題和困難,以及台灣民眾的諸多關切事項如民生經貿議題等,表達國民黨的立場和看法,最後夏立言還提出未來兩岸可以加強交流合作的方向和願景,並與王滬寧交流彼此意見。","夏立言強調,當時雙方不僅定期進行「兩岸事務首長會議」,後來也成功於新加坡舉行「馬習會」,為兩岸領導人面對面平等協商、和平交流樹立典範,更得到國際社會的高度肯定,這不但證明了過去8年國民黨兩岸政策的正確性和重要性,而且也是國共兩黨合作下,不可忽視的重大成就。","[{""name"": ""國民黨"", ""party"": ""KMT""}]","[""兩岸|cross-strait""]",False,,01_Ho_ltn_news,2023-02-10 21:53:15,L1-14,7.3,boundary_semantic|l2_L2-03|l2_L2-04|has_speaker|has_target|claim|good_length,l1_gap_filling
meeting3_545a806ce4c9_u004,"这一次的总统大选除了在选择总统、副总统候选人,哪一队对国家有使命感,有能力守护台湾的安全,又可以促进台湾的民主和平跟繁荣,也是在选择国家的一条方向。",context,"台湾是应该要自信的,在信赖台湾这条路上持续壮大,还是要走回头路,不管是接受九二共事,或者是接受两岸一家情,或者去推动服贸,真的对台湾有比较好吗?",我要敬请各位父老乡亲。,[],[],False,,meeting3,,L1-14,7.3,l2_L2-02|l2_L2-03|l2_L2-04|l2_L2-07|l2_L2-08|has_speaker|has_target|good_length,l1_gap_filling
_5f5021f654b6_u006,"提到蔡總統執政8年,賴清德說,蔡總統帶領中華民國台灣推動轉型改革,落實長期堅持的社會價值,讓國際社會認定台灣是一個文明、勇敢而且值得尊敬的國家,這要感謝民眾支持蔡總統領導的團隊,也要感謝軍公教與社會大眾,共同努力讓國家走進正確的道路。",claim,"從政後,則自民意當中檢討、反省、改進、補足缺失,藉以在承擔更大責任時,能夠撐起國家的需要,讓國家前進。","賴清德表示,這8年來台灣選擇務實外交、國防自主的道路,得到國際社會更大的支持;","[{""name"": ""賴清德"", ""party"": ""DPP""}]",[],False,,01_Ho_chinatimes_news,2023-12-30 17:10:00,L1-14,7.3,l2_L2-05|l2_L2-10|l2_L2-13|l2_L2-15|has_speaker|has_target|claim|good_length,l1_gap_filling
_17943ab23566_u008,"關於高房價,邱慧洳指出,民眾黨主張「大力蓋、大力改、大力補」,也就是大力興建社會住宅,改革稅制並以租金補貼租客,民眾黨有能力、有信心,讓年輕人買得起、租得起又住得好。",claim,"邱慧洳表示,媒體改革部分,民眾黨主張制定反媒體壟斷法、制定廣電三法,樹立3大透明原則,分別是財報透明、補助透明、股權透明,讓媒體回歸專業及獨立性,並嚴禁黨政黑手介入公共媒體。","關於勞動權益,邱慧洳表示,民眾黨主張修正最低工資法,訂定明確公式,上市櫃公司應揭露勞工薪資水準作為加薪依據,並提升護理人員、警消人員權益,以及女性勞參率,增加家庭照護假。","[{""name"": ""民眾黨"", ""party"": ""TPP""}]",[],False,,01_Ho_chinatimes_news,2024-01-08 21:04:00,L1-14,7.3,boundary_semantic|l2_L2-05|l2_L2-15|has_speaker|has_target|claim|good_length,l1_gap_filling
_80a570af472b_u014,"美國國務院一名發言人說:「不論哪一黨執政,美國對台政策都不會改變,我們期待與台灣選民選出的人進行合作。」 部分美國官員預期不論誰勝選,中國都會升高對台軍事、經濟及外交施壓,並為此作準備。",claim,"AIT主席羅森柏格(Laura Rosenberger)先前在賴清德與侯友宜分別訪美時,都有與他們會面。","一位美國資深官員告訴路透社:「可能會有一段時間緊張情勢升高,需要外交、明確的溝通管道,以及重申和平、穩定與維持現狀的重要。」 這位官員說,美國已在與中國的會談中明確表達對軍事、經濟及其他脅迫手段的擔憂。",[],[],False,,01_Ho_chinatimes_news,2024-01-05 17:44:00,L1-14,7.3,boundary_semantic|l2_L2-03|l2_L2-10|has_speaker|has_target|claim|good_length,l1_gap_filling
_5f5021f654b6_u016,"各位父老鄉親,我要感謝大家37年來支持民進黨,讓民進黨從草根當中誕生,成為有力的監督力量,也成為執政黨實現理想,2016年和2020年人民的支持給予了我們的力量和機會,讓蔡英文總統有機會帶領中華民國台灣推動轉型改革,也落實我們長期堅持的社會價值,讓國際社會認定台灣是一個文明、勇敢而且值得尊敬的國家。",claim,"那侯市長如果真的有心改革黑金政治,貴黨內黑金家族應該第一刀就要掃除下去,對國家社會一定有莫大的幫助。","2018年跟2022年的挫敗,也帶給我們深切的反省跟檢討,這些都是民進黨繼續前進的重要力量,感謝你們大家。","[{""name"": ""民進黨"", ""party"": ""DPP""}]",[],False,,01_Ho_chinatimes_news,2023-12-30 17:10:00,L1-14,7.3,l2_L2-05|l2_L2-10|l2_L2-13|l2_L2-15|has_speaker|has_target|claim|good_length,l1_gap_filling
_0b921e9a7ed7_u006,"與會委員分析,中共主張無神論,中共黨領導一切,宗教從屬於黨之下,對台文化宗教交流也是結合其內部政治發展與政策需要,如對台宗教交流主推項目,早期推動「宗教直航」,現則搭配「宗教祖國」、「兩岸一家親」、「融合發展」等中方政策,以及設立約20多個宗教類的海峽兩岸交流基地,凸顯中共對宗教的政治利用遠大於宗教信仰本質,並藉此擴大發揮對台影響力。",claim,"有委員觀察到,中共「20大」報告提及「安全」高達91次,在現階段中共高舉政治安全前提下,中共亦常將「安全」因素融入兩岸文化宗教交流活動,加大中共官方主導角色,強化統戰力道,交流活動呈現空洞化、形式化,如中共邀請我宗教團體赴中必定強調「心靈契合」、「融合發展」。","有委員提醒,面對中共以宗教文化交流活動對台進行統戰滲透,且近期不斷發生國人赴中遭遇到人身自由與安全受侵害事件,政府應主動與我宗教界相關人士及團體保持互動,提供赴陸交流相關注意事項,並將中共統戰手法及赴中交流安全與風險案例資訊充分揭露,避免我民間團體赴中遭遇人身安全風險。",[],"[""兩岸|cross-strait""]",False,,01_Ho_ltn_news,2023-12-08 15:38:40,L1-14,7.3,l2_L2-03|l2_L2-04|l2_L2-06|l2_L2-12|has_speaker|has_target|claim|good_length,l1_gap_filling
_3a0d31bd6a79_u002,"侯友宜向支持者喊話,這次選舉是和平與戰爭的選擇,承諾自己會讓兩岸走向和平安全,只要他當選總統,會清查民進黨執政下的弊案。",claim,"(記者俞肇福攝) 2023/10/15 14:07 〔記者俞肇福/基隆報導〕國民黨總統參選人侯友宜與國民黨基隆市立委參選人林沛祥聯合競選總部今日(15日)成立,國民黨主席朱立倫表示,和平是民眾最大心願與目標,希望由侯友宜帶領中華民國走向和平,也要讓林沛祥前進立院,和侯友宜攜手翻轉台灣。","侯友宜與林沛祥聯合競選總部成立大會,基隆市長謝國樑、中廣董事長趙少康、國民黨立法院黨團總召曾銘宗、立委李德維、立委王鴻薇等人都到場站台,金門立委陳玉珍也特地從金門跨海來到基隆共襄盛舉。","[{""name"": ""侯友宜"", ""party"": ""KMT""}, {""name"": ""民進黨"", ""party"": ""DPP""}]","[""兩岸|cross-strait""]",False,,01_Ho_ltn_news,2023-10-15 14:07:32,L1-14,7.3,boundary_semantic|l2_L2-04|l2_L2-07|has_speaker|has_target|claim|good_length,l1_gap_filling
_4dbd2eac54ee_u010,"透過 Google News 侯友宜指出,他非常清楚的展現自己的態度,認為兩岸要建立對話,避免戰爭,台灣也一定要不斷提升自我防衛能力,更重要的是要跟民主同盟合作,他很清楚的表達,態度也很堅定。",claim,"他身為未來的領導人,也充分表達自己負責任的態度及立場,「我要用我的生命顧台灣,至死不渝」。","侯友宜說,要對所有關心台海危機的好朋友再三強調,他會做到讓台海安定、台灣安全,也讓堅決民主自由的盟友都能安心,「我們一起並肩作戰,讓台灣遠離戰爭,世界能夠和平穩定」。","[{""name"": ""侯友宜"", ""party"": ""KMT""}]","[""兩岸|cross-strait""]",False,,01_Ho_chinatimes_news,2023-08-02 19:01:00,L1-14,7.3,boundary_semantic|l2_L2-02|l2_L2-04|has_speaker|has_target|claim|good_length,l1_gap_filling
_3c5ce1c98c79_u014,"「過去,民進黨站在第一線對抗專制獨裁政權,如今,我們的新使命是守護台灣,並且促進台灣的民主、和平與繁榮。」 宣言也指出,民進黨身為執政黨,從2016年以來,推動各項經濟政策,持續壯大台灣,也積極連結國際盟友,加強合作。",claim,民主是台灣人民累積打拚的珍貴資產。,"今年,台灣不僅和美國達成首批「台美21世紀貿易倡議」簽署,也陸續與菲律賓、印度和越南簽署更新投資協定,而台加「投資促進及保障協議」也啟動談判,種種的努力與成果,讓國際社會看見台灣,深化與台灣的連結。","[{""name"": ""民進黨"", ""party"": ""DPP""}]",[],False,,03_Lai_ltn_news,2023-07-16 16:36:43,L1-14,7.3,l2_L2-02|l2_L2-03|l2_L2-04|l2_L2-10|has_speaker|has_target|claim|good_length,l1_gap_filling
_af91895048e0_u001,"(記者叢昌瑾攝) 2024/01/12 20:30 〔即時新聞/綜合報導〕前總統馬英九日前接受外媒《德國之聲》專訪時,表示「兩岸關係必須相信中國領導人習近平」,引發社會譁然。",claim,"民進黨10日晚間在凱道造勢,支持者在景福門周圍擠的水洩不通。","對此,前國大代表黃澎孝對於馬英九統一的「肺腑之言」會這麼「嚇人」進行了分析,指出答案就在各機構長期進行的「統獨民調」中,並分享一位臉友在他的貼文留言,「昨晚在凱道有很多年輕人被馬英九嚇出來!」、「馬英九是民進黨的催票機!」。",[],"[""兩岸|cross-strait""]",False,,02_Ke_ltn_news,2024-01-12 20:30:27,L1-14,7.3,boundary_semantic|l2_L2-04|l2_L2-05|has_speaker|has_target|claim|good_length,l1_gap_filling
_5dab73381912_u003,"翁岳生指出,「112年司法院大法官提名審薦小組」共召開3次會議,有26人符合法定資格要件,在詳加審閱候選人相關資料,了解其工作歷練、價值理念等,最後針對學術能力、民主素養、品德操守等個人表現評選,達成共識後將建議人選呈給總統。",claim,"黃虹霞、吳陳鐶、林俊益、蔡明誠共4名司法院大法官將於9月30日任滿8年,依法退職。","根據規定,新任大法官將於10月1日就職,總統府預計在立法院本會期將提送提名人選,咨請立法院行使同意權。",[],[],False,,02_Ke_ltn_news,2023-05-30 14:20:15,L1-14,7.3,boundary_semantic|l2_L2-02|l2_L2-14|has_speaker|has_target|claim|good_length,l1_gap_filling
meeting1_39e771a13e42_u004,"这一次的总统大选除了在选择总统、副总统候选人,哪一队对国家有使命感,有能力守护台湾的安全,又可以促进台湾的民主和平跟繁荣,也是在选择国家的一条方向。",context,"台湾是应该要自信的,在信赖台湾这条路上持续壮大,还是要走回头路,不管是接受九二共事,或者是接受两岸一家情,或者去推动服贸,真的对台湾有比较好吗?",我要敬请各位父老乡亲。,[],[],False,,meeting1,,L1-14,7.3,l2_L2-02|l2_L2-03|l2_L2-04|l2_L2-07|l2_L2-08|has_speaker|has_target|good_length,l1_gap_filling
_a275a620510f_u005,"接著中國媒體《鳳凰衛視》5月5日抨擊「台執政黨修法增加兩岸『擦槍走火』開戰風險」,鋪墊衝突肇生時,捍衛中國漁民「合理性」。",quote,"事後,該條例5月三讀通過,中國自媒體再度以「我政府修法意圖挑釁」、恫嚇「敢開第一槍就比照越南和菲律賓對付」等。","據觀察,國內媒體5月2日、3日接連報導「條例授權海巡署長具『用砲權』逾越總統職權」、5月5日臉書粉專《你這麼蠢,你家裡人知道嗎》以「民進黨還怕兩岸不開戰」為文,指控政府修法是為製造戰端。",[],"[""兩岸|cross-strait""]",False,,02_Ke_ltn_news,2023-05-14 11:13:47,L1-14,6.8,boundary_semantic|l2_L2-04|has_speaker|has_target|quote|good_length,l1_gap_filling
_380bcaa6cf3c_u002,"TVBS前進華府 建立媒體、政界正向互動 記者劉亭廷於參訪華府期間,前往參議院外交委員會與知情人士進行意見交流(圖/TVBS) 記者劉亭廷於TVBS國際講座中,與香港大學生進行採訪經驗分享(圖/TVBS) 香港樹仁大學同學探討香港傳統餅店結業潮新聞專題,刊登於TVBS新聞網 (圖/TVBS) 下載新聞APP,找到通關密語拿大獎 加LINE免費刮刮樂,天天拿千元禮券 王思佳首次攜女同框!",context,"同時,TVBS也透過新聞編採、數位媒體發展實務經驗分享,深化與國際學術界的合作關係,讓國內外受過新聞教育的學生們,藉此交流開啟未來投身傳媒的契機。",放手讓女兒做自己 👉早上空腹喝黑咖啡的真相 👉代謝出狀況?,[],[],False,,03_Lai_tvbs_news,2023-04-21 16:45:00,L1-14,6.3,boundary_semantic|l2_L2-06|l2_L2-10|has_speaker|has_target|good_length,l1_gap_filling
_0eabab688055_u007,"陳智菡指出,葉耀元把柯文哲評的一無是處,稱科技執政與開放政府,全台灣都有在做,反問葉耀元是否不知道台灣疫苗採購資料封存30年、高端保護力不公開、NCC審照會黑箱等事件。",claim,"陳智菡表示,到活動現場後,團隊中好幾個人都看到葉耀元「斜睨著打量人、滿臉不屑」,柯文哲回答問題時,葉也頻頻看錶、翻白眼,抨擊葉耀元身為主持人,卻連基本尊重都做不到。","陳智菡批評,葉耀元身為「忠誠的台獨工作者」,意識形態大概已經深入大腦,認為只有四個堅持與務實台獨者才算言之有物,很難容忍其他意見與聲音。","[{""name"": ""柯文哲"", ""party"": ""TPP""}]",[],False,,02_Ke_ltn_news,2023-04-27 16:44:36,L1-14,6.3,boundary_semantic|l2_L2-13|has_speaker|has_target|claim|good_length,l1_gap_filling
_56e5c3f8aa05_u006,"蔡英文強調,不只是在公衛領域,台灣有能力也有意願,對促進全球經貿發展做出貢獻,期盼在座所有議員在日本國會發揮影響力,協助台灣加入CPTPP,也希望在世界恢復往來後,台日關係能夠在既有的良好基礎上,更加緊密友好。",claim,"她要感謝包括日本在內的G7成員,連續3年重申台海和平穩定對國際社會安全和繁榮的重要性,以及日本也在今年「世界衛生大會」(WHA),呼籲國際支持台灣參與WHA和「世界衛生組織」(WHO)。","團長前原誠司眾議員表示,日本「立憲民主黨」、「日本維新會」、「國民民主黨」等3個主要在野黨聯袂組團訪台,期盼能跟共享自由民主、尊重人權及法治等普世價值的台灣發展進一步的友好關係。",[],[],False,,02_Ke_ltn_news,2023-07-03 19:50:45,L1-14,6.3,boundary_semantic|l2_L2-03|has_speaker|has_target|claim|good_length,l1_gap_filling
_9d7866bc9a44_u003,"吳回答時稱台灣可以有很多跨黨派合作,舉例包括世界50幾個國家都已經有《個資法》,民眾黨執政後將透過《個資法》接軌世界,指出目前稅率是12%,應該拉到15%,不然這3%到國外還是會被扣稅,不如投資台灣、協助產業綠能轉型等等。",claim,並各自說出兩位候選人優點?,吳欣盈辯論好幾次答非所問。,"[{""name"": ""民眾黨"", ""party"": ""TPP""}]",[],False,,02_Ke_tvbs_news,2024-01-01 19:36:00,L1-14,6.3,boundary_semantic|l2_L2-13|has_speaker|has_target|claim|good_length,l1_gap_filling
_e884c9a99ea8_u003,"但她也強調至今仍有一些問題,並沒有獲得立即性的解決,「這幾年的執政還是有進步的空間。」 2024總統大選倒數、候選人、民調分析盡在TVBS 新北耶誕城「桑塔熊回歸」必看光雕秀 活動時間、交通攻略 新北耶誕城「桑塔熊回歸」必看光雕秀 活動時間、交通攻略 快來下載TVBS新聞APP,天天打卡抽咖啡 2024十二生肖運勢搶先看 「這生肖」把握前途無量的一年 👉早上空腹喝黑咖啡的真相 👉代謝出狀況?",claim,"以及蔡政府8年的執政成績,比前一個8年的成績更為亮眼。",你吃的可能是關鍵!,[],[],False,,02_Ke_tvbs_news,2023-12-12 21:27:00,L1-14,6.3,boundary_semantic|l2_L2-15|has_speaker|has_target|claim|good_length,l1_gap_filling
_6f24dffa9d03_u000,"針對台北流行音樂中心積欠1.9億工程款,前台北市長、民眾黨總統參選人柯文哲批評中央補助不公,只給民進黨執政縣市,也與現任蔣市府團隊隔空互嗆,引發關注。",claim,,"長年關注文化議題的民進黨立委吳思瑤今(24)日晚間表示,時任行政院長的民進黨總統參選人賴清德在2018年核定補助北流,替柯文哲解決預算困難的僵局,也代表民進黨對文化建設不分黨派。","[{""name"": ""柯文哲"", ""party"": ""TPP""}, {""name"": ""民進黨"", ""party"": ""DPP""}, {""name"": ""民眾黨"", ""party"": ""TPP""}]",[],False,,02_Ke_tvbs_news,2023-07-24 21:14:00,L1-14,5.3,boundary_semantic|has_speaker|has_target|claim|good_length,l1_gap_filling
_eca4e770ea44_u004,(圖/翻攝自「Costco好市多 商品經驗老實說」臉書) 2024總統大選倒數、候選人、民調分析盡在TVBS 新北耶誕城「桑塔熊回歸」必看光雕秀 活動時間、交通攻略 新北耶誕城「桑塔熊回歸」必看光雕秀 活動時間、交通攻略 2023大阪最熱逛街聖地!,claim,"(圖/翻攝自「Costco好市多 商品經驗老實說」臉書) 「Costco好市多 商品經驗老實說」 原PO將烤全雞進行後續處理,發揮出最大效益。",環球必玩5攻略 👉早上空腹喝黑咖啡的真相 👉代謝出狀況?,[],[],False,,02_Ke_tvbs_news,2023-11-19 17:35:00,L1-14,5.3,boundary_semantic|has_speaker|has_target|claim|good_length,l1_gap_filling
_6f24dffa9d03_u000,"針對台北流行音樂中心積欠1.9億工程款,前台北市長、民眾黨總統參選人柯文哲批評中央補助不公,只給民進黨執政縣市,也與現任蔣市府團隊隔空互嗆,引發關注。",claim,,"長年關注文化議題的民進黨立委吳思瑤今(24)日晚間表示,時任行政院長的民進黨總統參選人賴清德在2018年核定補助北流,替柯文哲解決預算困難的僵局,也代表民進黨對文化建設不分黨派。","[{""name"": ""柯文哲"", ""party"": ""TPP""}, {""name"": ""民進黨"", ""party"": ""DPP""}, {""name"": ""民眾黨"", ""party"": ""TPP""}]",[],False,,03_Lai_tvbs_news,2023-07-24 21:14:00,L1-14,5.3,boundary_semantic|has_speaker|has_target|claim|good_length,l1_gap_filling
_e884c9a99ea8_u003,"但她也強調至今仍有一些問題,並沒有獲得立即性的解決,「這幾年的執政還是有進步的空間。」 2024總統大選倒數、候選人、民調分析盡在TVBS 新北耶誕城「桑塔熊回歸」必看光雕秀 活動時間、交通攻略 新北耶誕城「桑塔熊回歸」必看光雕秀 活動時間、交通攻略 快來下載TVBS新聞APP,天天打卡抽咖啡 2024十二生肖運勢搶先看 「這生肖」把握前途無量的一年 👉早上空腹喝黑咖啡的真相 👉代謝出狀況?",claim,"以及蔡政府8年的執政成績,比前一個8年的成績更為亮眼。",你吃的可能是關鍵!,[],[],False,,03_Lai_tvbs_news,2023-12-12 21:27:00,L1-14,4.3,l2_L2-15|has_speaker|has_target|claim|good_length,l1_gap_filling
_286617a74599_u003,"蕭旭岑表示,這是在民進黨執政兩岸中斷交流以來,第一個大學代表團訪問台灣,對兩岸和平、舒緩兩岸緊張情勢有重要意義。",claim,"蕭旭岑接機畫面曝光,可見陸生團由團長北大前校長郝平等人走在最前方,而他身後一位身材高挑、瞇瞇眼的女子也被認出來是中國大陸奧運金牌得主「全滿貫」桌球好手丁寧。","由北京大學前校長郝平率領北京、清華、復旦、武漢及湖南等5校共37人訪台,今日搭乘中國國際航空CA-185從北京出發,於中午11時45分抵達桃園機場,預計從今日至7月23日進行9天8夜學術交流形成,期間將走訪台北、新竹、台中、花蓮等地;","[{""name"": ""民進黨"", ""party"": ""DPP""}]","[""兩岸|cross-strait""]",False,,03_Lai_tvbs_news,2023-07-15 14:20:00,L1-14,4.3,l2_L2-04|has_speaker|has_target|claim|good_length,l1_gap_filling
_9acc68be0141_u002,"據悉,侯陣營7月1日後將正式成立競選辦公室,如今5大架構也曝光,舉凡文宣、組織、政策、新媒體、後勤部隊,未來侯辦將與國民黨主席朱立倫領導的黨中央緊密連結。",context,"在國民黨總統參選人侯友宜親自邀請下,國安會前秘書長金溥聰加入競選團隊操盤,盼在空戰上壓制對手、扭轉頹勢。","由於侯的競選團隊目前仍為「競選工作室」規模,7月1日後將擴大成「競選辦公室」,共有5大架構,包含金溥聰負責的新聞輿情與文宣部分,意圖從空戰方面壓制對手、扭轉頹勢;","[{""name"": ""國民黨"", ""party"": ""KMT""}]",[],False,,01_Ho_tvbs_news.csv,2023-06-27 13:41:00,L1-14,4.3,boundary_semantic|has_speaker|has_target|good_length,l1_gap_filling
_7a0b95af5463_u000,"總統大選將至,為強化參選人維安,國安局新購美軍特種部隊現役BARRETT MRAD狙擊槍及NVLS熱顯像儀,並與夜視鏡相輔相成強化夜間防護能力,同時搭配新型槍響偵測器,極短時間內定位敵目標予以反制。",context,,"2024總統大選明年1月舉行,為確保各陣營正副總統參選人安全,由國安局特種勤務指揮中心主責的「安維8號」,編組3+1(3組候選人、1預備組),人力約220人,將於明天正式成軍。",[],[],False,,01_Ho_tvbs_news.csv,2023-11-09 12:11:00,L1-14,4.3,boundary_semantic|has_speaker|has_target|good_length,l1_gap_filling
_e884c9a99ea8_u003,"但她也強調至今仍有一些問題,並沒有獲得立即性的解決,「這幾年的執政還是有進步的空間。」 2024總統大選倒數、候選人、民調分析盡在TVBS 新北耶誕城「桑塔熊回歸」必看光雕秀 活動時間、交通攻略 新北耶誕城「桑塔熊回歸」必看光雕秀 活動時間、交通攻略 快來下載TVBS新聞APP,天天打卡抽咖啡 2024十二生肖運勢搶先看 「這生肖」把握前途無量的一年 👉早上空腹喝黑咖啡的真相 👉代謝出狀況?",claim,"以及蔡政府8年的執政成績,比前一個8年的成績更為亮眼。",你吃的可能是關鍵!,[],[],False,,01_Ho_tvbs_news.csv,2023-12-12 21:27:00,L1-14,4.3,l2_L2-15|has_speaker|has_target|claim|good_length,l1_gap_filling
_1eaafe30bdea_u002,"不過,民進黨「賴蕭配」在開票後就持續領先,得票率更是突破40%大關,最終也在2人自行宣布當選下,象徵成功接棒總統蔡英文的政權,更讓民進黨成為自1996年總統直選以來,首個連續執政3屆的政黨。",context,"自2024年總統大選呈現「三腳督」戰況後,三組候選人的競爭就非常激烈。","總統大選即時開票,立委即時開票 2024總統大選倒數 獨家分析盡在TVBS 《邪妓》1/26獻妓品!","[{""name"": ""民進黨"", ""party"": ""DPP""}]",[],False,,02_Ke_tvbs_news,2024-01-13 20:42:00,L1-14,4.3,boundary_semantic|has_speaker|has_target|good_length,l1_gap_filling
_380bcaa6cf3c_u000,"TVBS持續發展國際新聞,強化國際媒體影響力,TVBS外交軍事記者劉亭廷近日更受到「美國東西中心(The East-West Center)」邀請,與印度記者一同前往華府,展開為期三天的「台灣-印度記者對話」,也另外透過國際新聞講座,與香港大學生分享新聞採訪經驗。",context,,"同時,TVBS也透過新聞編採、數位媒體發展實務經驗分享,深化與國際學術界的合作關係,讓國內外受過新聞教育的學生們,藉此交流開啟未來投身傳媒的契機。",[],[],False,,03_Lai_tvbs_news,2023-04-21 16:45:00,L1-14,4.3,l2_L2-03|l2_L2-10|has_speaker|has_target|good_length,l1_gap_filling
_b09c6e058a0d_u005,"賴清德執政周年,最新民調出爐訂閱TVBS新聞網YouTube,獨家內容搶先看加入TVBS新聞LINE,重點新聞一次看 你打幾分?",context,蛋殼8種簡單妙用:做無毒防蟲劑、清水管、清潔果汁機 你打幾分?,"賴清德執政周年,最新民調出爐 訂閱TVBS新聞網YouTube,獨家內容搶先看 加入TVBS新聞LINE,重點新聞一次看 👉早上空腹喝黑咖啡的真相 👉代謝出狀況?","[{""name"": ""賴清德"", ""party"": ""DPP""}]",[],False,,03_Lai_tvbs_news,2025-01-03 22:22:00,L1-14,4.3,boundary_semantic|has_speaker|has_target|good_length,l1_gap_filling
_b09c6e058a0d_u006,"賴清德執政周年,最新民調出爐 訂閱TVBS新聞網YouTube,獨家內容搶先看 加入TVBS新聞LINE,重點新聞一次看 👉早上空腹喝黑咖啡的真相 👉代謝出狀況?",context,"賴清德執政周年,最新民調出爐訂閱TVBS新聞網YouTube,獨家內容搶先看加入TVBS新聞LINE,重點新聞一次看 你打幾分?",你吃的可能是關鍵!,"[{""name"": ""賴清德"", ""party"": ""DPP""}]",[],False,,03_Lai_tvbs_news,2025-01-03 22:22:00,L1-14,4.3,boundary_semantic|has_speaker|has_target|good_length,l1_gap_filling
_1eaafe30bdea_u002,"不過,民進黨「賴蕭配」在開票後就持續領先,得票率更是突破40%大關,最終也在2人自行宣布當選下,象徵成功接棒總統蔡英文的政權,更讓民進黨成為自1996年總統直選以來,首個連續執政3屆的政黨。",context,"自2024年總統大選呈現「三腳督」戰況後,三組候選人的競爭就非常激烈。","總統大選即時開票,立委即時開票 2024總統大選倒數 獨家分析盡在TVBS 《邪妓》1/26獻妓品!","[{""name"": ""民進黨"", ""party"": ""DPP""}]",[],False,,03_Lai_tvbs_news,2024-01-13 20:42:00,L1-14,4.3,boundary_semantic|has_speaker|has_target|good_length,l1_gap_filling
_0665bace3ef8_u021,"現在要彌補,就是乾脆讓全民能夠有蒐集情報的能力作反制,這也是黑熊學院現在在努力的事,然後我現在和研究統戰的同伴也在編寫情報蒐集的教科書。",context,"6. #情報戰:自從馬英九時代把國安人員從中國叫回來,然後開放中國各單位自由來台灣之後,情報戰可以說是輸到脫褲,等到之後要彌補的時候又發生國安人員的資料外洩(駭客攻擊)。","7. #輿論戰(認知作戰):不用我說,台灣最慘的領域。",[],[],False,,01_Hou_X_datasets,2023-11-02 22:17:00,L1-14,4.3,boundary_semantic|has_speaker|has_target|good_length,l1_gap_filling
_88bf70726c8a_u014,"各政黨抽籤號次:1號 小民參政歐巴桑聯盟2號 台灣綠黨 依中選會發布的選舉制度簡介顯示,不分區立委的候選人應由政黨申請登記,但申請登記之政黨須符合下列資格條件之一: 1.最近1次總統、副總統選舉,其所推薦候選人總得票數達該次選舉有效票2%以上。",context,政黨票有哪些黨可以投?,"2.最近3次不分區立委選舉得票率,曾達2%以上。",[],[],True,,03_Lai_tvbs_news,2024-01-09 17:14:00,L1-14,3.8,l2_L2-09|has_speaker|has_target|procedural|good_length,l1_gap_filling
_fdac5759ff88_u001,"如果真的是,根據總統副總統選舉法規定,可能會喪失參選資格。",context,"在民眾黨副總統參選人吳欣盈國籍被檢視後,曾經擁有美國籍的民進黨副總統參選人蕭美琴,也成了被檢視的對象,藥師林士峰在臉書貼上2002年蕭美琴放棄美籍,拿到中華民國身分證的新聞截圖,網友就質疑蕭美琴是不是曾申請回復國籍?","2024總統大選倒數、候選人、民調分析盡在TVBS 新北耶誕城「桑塔熊回歸」必看光雕秀 活動時間、交通攻略 新北耶誕城「桑塔熊回歸」必看光雕秀 活動時間、交通攻略 快來下載TVBS新聞APP,天天打卡抽咖啡 2024龍年運勢全預測!",[],[],False,,03_Lai_tvbs_news,2023-12-02 19:43:00,L1-14,3.8,boundary_semantic|has_speaker|has_target,l1_gap_filling
_88bf70726c8a_u014,"各政黨抽籤號次:1號 小民參政歐巴桑聯盟2號 台灣綠黨 依中選會發布的選舉制度簡介顯示,不分區立委的候選人應由政黨申請登記,但申請登記之政黨須符合下列資格條件之一: 1.最近1次總統、副總統選舉,其所推薦候選人總得票數達該次選舉有效票2%以上。",context,政黨票有哪些黨可以投?,"2.最近3次不分區立委選舉得票率,曾達2%以上。",[],[],True,,01_Ho_tvbs_news.csv,2024-01-09 17:14:00,L1-14,3.8,l2_L2-09|has_speaker|has_target|procedural|good_length,l1_gap_filling
_dedd119b6879_u002,"楊志良說女性25至29歲是生育的最佳時機,但台灣25至29歲未嫁未娶占80%,30至34歲也有一半沒結婚,更引述國健署統計,稱「我們台灣女性超過30歲就沒用了!所以吳思瑤快50歲了,這輩子絕子絕孫啦!快50歲了,不可能生了!」 《TVBS》提醒您勇敢說不:◎尊重身體自主權,遇到性騷擾勇於制止、勇敢說不,請撥打113、110◎現代婦女基金會 性侵害防治服務專線02-7728-5098分機7◎婦女救援基金會 02-2555-8595◎勵馨基金會諮詢專線 02-8911-5595/性騷擾專線04-2223-9595 楊志良稱「家暴是因沒法修理蔡英文」又扯習近平 府方譴責:應向社會道歉 楊志良再引用蔡琴名曲 酸男記者「精蟲不行」、女性生殖能力低到要凍卵 北部、東北部濕涼 明日氣溫回升!",claim,"張斯綱昨晚到北市北投天母進行廟口開講,邀請楊志良站台助講,孰料楊志良談到國內不婚不生的議題時再度失言,且藍綠女性政治人物一起遭殃。",吳德榮曝跨年晴朗早晚冷 本文由《鏡週刊》授權提供 2023國內外10大新聞哪個議題最有感?,[],[],False,,01_Ho_tvbs_news.csv,2023-12-29 08:44:00,L1-14,3.8,l2_L2-05|has_speaker|has_target|claim,l1_gap_filling
_fdac5759ff88_u001,"如果真的是,根據總統副總統選舉法規定,可能會喪失參選資格。",context,"在民眾黨副總統參選人吳欣盈國籍被檢視後,曾經擁有美國籍的民進黨副總統參選人蕭美琴,也成了被檢視的對象,藥師林士峰在臉書貼上2002年蕭美琴放棄美籍,拿到中華民國身分證的新聞截圖,網友就質疑蕭美琴是不是曾申請回復國籍?","2024總統大選倒數、候選人、民調分析盡在TVBS 新北耶誕城「桑塔熊回歸」必看光雕秀 活動時間、交通攻略 新北耶誕城「桑塔熊回歸」必看光雕秀 活動時間、交通攻略 快來下載TVBS新聞APP,天天打卡抽咖啡 2024龍年運勢全預測!",[],[],False,,01_Ho_tvbs_news.csv,2023-12-02 19:43:00,L1-14,3.8,boundary_semantic|has_speaker|has_target,l1_gap_filling
_e884c9a99ea8_u002,"以及蔡政府8年的執政成績,比前一個8年的成績更為亮眼。",context,"還有賴清德在擔任台南市長期間,成績獲得人民肯定;","但她也強調至今仍有一些問題,並沒有獲得立即性的解決,「這幾年的執政還是有進步的空間。」 2024總統大選倒數、候選人、民調分析盡在TVBS 新北耶誕城「桑塔熊回歸」必看光雕秀 活動時間、交通攻略 新北耶誕城「桑塔熊回歸」必看光雕秀 活動時間、交通攻略 快來下載TVBS新聞APP,天天打卡抽咖啡 2024十二生肖運勢搶先看 「這生肖」把握前途無量的一年 👉早上空腹喝黑咖啡的真相 👉代謝出狀況?",[],[],False,,02_Ke_tvbs_news,2023-12-12 21:27:00,L1-14,3.8,boundary_semantic|has_speaker|has_target,l1_gap_filling
_88bf70726c8a_u014,"各政黨抽籤號次:1號 小民參政歐巴桑聯盟2號 台灣綠黨 依中選會發布的選舉制度簡介顯示,不分區立委的候選人應由政黨申請登記,但申請登記之政黨須符合下列資格條件之一: 1.最近1次總統、副總統選舉,其所推薦候選人總得票數達該次選舉有效票2%以上。",context,政黨票有哪些黨可以投?,"2.最近3次不分區立委選舉得票率,曾達2%以上。",[],[],True,,02_Ke_tvbs_news,2024-01-09 17:14:00,L1-14,3.8,l2_L2-09|has_speaker|has_target|procedural|good_length,l1_gap_filling
_fdac5759ff88_u001,"如果真的是,根據總統副總統選舉法規定,可能會喪失參選資格。",context,"在民眾黨副總統參選人吳欣盈國籍被檢視後,曾經擁有美國籍的民進黨副總統參選人蕭美琴,也成了被檢視的對象,藥師林士峰在臉書貼上2002年蕭美琴放棄美籍,拿到中華民國身分證的新聞截圖,網友就質疑蕭美琴是不是曾申請回復國籍?","2024總統大選倒數、候選人、民調分析盡在TVBS 新北耶誕城「桑塔熊回歸」必看光雕秀 活動時間、交通攻略 新北耶誕城「桑塔熊回歸」必看光雕秀 活動時間、交通攻略 快來下載TVBS新聞APP,天天打卡抽咖啡 2024龍年運勢全預測!",[],[],False,,02_Ke_tvbs_news,2023-12-02 19:43:00,L1-14,3.8,boundary_semantic|has_speaker|has_target,l1_gap_filling
_dedd119b6879_u002,"楊志良說女性25至29歲是生育的最佳時機,但台灣25至29歲未嫁未娶占80%,30至34歲也有一半沒結婚,更引述國健署統計,稱「我們台灣女性超過30歲就沒用了!所以吳思瑤快50歲了,這輩子絕子絕孫啦!快50歲了,不可能生了!」 《TVBS》提醒您勇敢說不:◎尊重身體自主權,遇到性騷擾勇於制止、勇敢說不,請撥打113、110◎現代婦女基金會 性侵害防治服務專線02-7728-5098分機7◎婦女救援基金會 02-2555-8595◎勵馨基金會諮詢專線 02-8911-5595/性騷擾專線04-2223-9595 楊志良稱「家暴是因沒法修理蔡英文」又扯習近平 府方譴責:應向社會道歉 楊志良再引用蔡琴名曲 酸男記者「精蟲不行」、女性生殖能力低到要凍卵 北部、東北部濕涼 明日氣溫回升!",claim,"張斯綱昨晚到北市北投天母進行廟口開講,邀請楊志良站台助講,孰料楊志良談到國內不婚不生的議題時再度失言,且藍綠女性政治人物一起遭殃。",吳德榮曝跨年晴朗早晚冷 本文由《鏡週刊》授權提供 2023國內外10大新聞哪個議題最有感?,[],[],False,,02_Ke_tvbs_news,2023-12-29 08:44:00,L1-14,3.8,l2_L2-05|has_speaker|has_target|claim,l1_gap_filling
_a71706df5949_u003,"「大學姐」林筱淇是國立中興大學企業管理博士,曾任台中市政府有給職顧問兼台中市影視發展基金會執行長、台中市觀光旅遊局局長兼市府發言人、台北市政府副發言人、悠遊卡公司發言人、2014年及2018年台北市市長柯文哲競選辦公室發言人,學經歷豐富也有施政的實務經驗,",context,"林筱淇證實,已經有多名觀光產業的意見領袖連署,希望民眾黨將她列入不分區立委安全名單,尤其她曾任職台中市觀光旅遊局局長,而且台中市是第二大城,服務業占比全國最高,希望有城市代言人為地方發聲。","不過林筱淇也指出,柯文哲曾徵詢她參選區域立委的意願,但因家人不同意,因此改爭取不分區立委,挑戰在明年大選之後成功進入國會。","[{""name"": ""柯文哲"", ""party"": ""TPP""}]",[],False,,02_Ke_tvbs_news,2023-06-28 19:09:00,L1-14,3.3,l2_L2-03|has_speaker|has_target|good_length,l1_gap_filling
_912969412881_u007,"一方面參加世大運為國家隊提供杭州亞運會的賽前調整機會,另一方面則提供奧運國家儲訓選手累積國際參賽經驗及自信。",context,"(圖/中華民國體操協會提供) 體育署指出,今年也希望複製2017年臺北世大運以來的成果;","因此,特別期許選手透過世大運階段的洗禮,累積國際綜合性賽會的參賽經驗,為接續而來的2023杭州亞運及2024巴黎奧運奠定成功的基礎。",[],[],False,,01_Ho_tvbs_news.csv,2023-06-01 16:35:00,L1-14,3.3,l2_L2-10|has_speaker|has_target|good_length,l1_gap_filling
_a46a7aeff80d_u001,"對此,前副總統呂秀蓮今(6日)表示,「理財的能力」是對從政者的重要要求,建議行政院開記者會釋疑,不要「抓一點點來談」誤導民眾。",claim,"前瞻基礎建設計畫近日成為朝野攻防焦點,總統蔡英文昨強調,前瞻計畫為台灣的發展打下扎實基礎,自己絕對沒有債留子孫,還提到前總統馬英九、前前任總統陳水扁留下的債務大概是新台幣1兆4千億到1兆7千億。",總統蔡英文。,[],[],False,,01_Ho_tvbs_news.csv,2023-08-06 17:26:00,L1-14,3.3,has_speaker|has_target|claim|good_length,l1_gap_filling
_8508c2f424de_u000,"國民黨佈局2024立委選戰,在台中市派出3位帥哥刺客參戰,分別是現任市議員黃健豪、羅廷瑋,以及藍營幕僚世代出身的廖偉翔,盼能力抗民進黨現任立委中,奪回失去的立委席次,由於3人年輕、外型、形象佳,在當地有著「花美男戰隊」之稱,其中市議員黃馨慧兒子廖偉翔,某次幫媽媽站路口輔選時,還被鄉親認成台北市長蔣萬安,自此有了「台中蔣萬安」稱號。",claim,,"廖偉翔外型帥氣,也被鄉親說是「台中蔣萬安」。","[{""name"": ""民進黨"", ""party"": ""DPP""}, {""name"": ""國民黨"", ""party"": ""KMT""}, {""name"": ""藍營"", ""party"": ""KMT""}]",[],False,,01_Ho_tvbs_news.csv,2023-06-25 15:19:00,L1-14,3.3,has_speaker|has_target|claim|good_length,l1_gap_filling
_e818d6d91a66_u002,"劉家昌5日在臉書指出,當年前總統馬英九批評時任總統陳水扁,民調低到剩18%沒資格當總統,但輪到馬英九民調跌落時仍繼續做,如今國民黨民調又跌至此,劉說:「你們好意思一而再的羞辱中華民國嗎?該把中華民國還給人民自主吧。」 更多新聞:「民眾不想聽侯友宜說話」 陳玉珍點破原因:回答千篇一律 資深音樂人劉家昌。",claim,"此前,資深音樂人兼超級韓粉劉家昌表示,看到侯民調18%的藍營支持者都茫然沮喪,要他發聲明要求,「國民黨退出這次中華民國總統的選舉」。",(圖/TVBS資料畫面) 更多新聞:尷尬!,"[{""name"": ""侯友宜"", ""party"": ""KMT""}, {""name"": ""國民黨"", ""party"": ""KMT""}]",[],False,,01_Ho_tvbs_news.csv,2023-06-07 17:40:00,L1-14,3.3,has_speaker|has_target|claim|good_length,l1_gap_filling
_0665bace3ef8_u006,"2. #網路攻擊:中國駭客的能力非常強,高於世界平均,而資安不是只有政府要做,是全民都要做。",context,"目前民間的力量偏弱,無法造成壓力。","目前台灣這一塊來說,大家對於資安的不設防可說是突破天際。",[],[],False,,01_Hou_X_datasets,2023-11-02 22:17:00,L1-14,1.8,has_speaker|has_target,l1_gap_filling
