doc_id,unit_id,sentence,role,prev,next,speakers,targets,proc_symbolic_flag,event_phase,unit_hash,unit_dup_flag,source,date,preprocessed_text,hard_rule_keep,hard_rule_reason,policy_gate,policy_gate_reason,priority_keep,semantic_status,semantic_similarity,nli_status,nli_score,key_hit,final_status,_source_file,_corpus_tier,debate_short_review,id,custom_id,source_file,source_relpath,L1_label,L1_reasoning,L1_error,L2_labels,L2_reasoning,L2_error,L1_run1,L2_run1,L1_run2,L2_run2,L1_run3,L2_run3,_min_jaccard_L2
_909cbd15fc1f,_909cbd15fc1f_u006,"林右昌提到,整個台北市的發展逐步往東區移動,特別是軟體園區還有生技園區的發展,這在他早年於行政院服務時就是國家的重點計畫,能帶動整個台北市跟國家的生技發展;",claim,,"在地方提出興建要求後,行政院由秘書長主持會議確定由國土署(前營建署)負責,經費從13億元增加到21億餘年,中央全額補助。",[],[],False,,dd35865af35eb066b0492634499a1a05,False,01_Ho_ltn_news,2023/12/6 13:16,"林右昌提到,整個台北市的發展逐步往東區移動,特別是軟體園區還有生技園區的發展,這在他早年於行政院服務時就是國家的重點計畫,能帶動整個台北市跟國家的生技發展;",True,institution_only,True,gate: core_election,False,KEEP,0.439840436,,,False,KEEP,01_news_datasets/01_Ho_ltn_news_units.csv,1,,19526,req_400d7e5c62d8416bae856560f0e03662,merged_deduped.csv,merged_deduped.csv,L1-01,談園區與城市、生技發展屬經濟；非純政策管理,,L2-07,「國家的重點計畫」「帶動…國家的生技發展」→國家層級發展願景與動員→L2-07,,L1-01,L2-06|L2-07,L1-01,L2-01|L2-07,L1-01,L2-06,0.0
_df1362e61872,_df1362e61872_u004,(圖/翻攝自娱乐小浪花er 微博) 2024總統大選倒數、候選人、民調分析盡在TVBS 就是你!,context,"女星陳妍希憑電影《那些年,我們一起追的女孩》爆紅兩岸三地,其後轉往大陸演藝圈拓展,出演2014年電視劇版《神鵰俠侶》與男星陳曉墜入愛河,並於2016年結婚,同年便產下愛子,近年將重心擺在家庭上,無奈人紅是非多,她去(2021)年遭一名網友惡意造謠,隨即火大提告,如今律師團公開勝訴判決書,竟意外曝光陳妍希的真實姓名。",,[],[],False,,a08cac4947c494943487d85474b7b281,False,02_Ke_tvbs_news,2023-10-18 15:23:00,(圖/翻攝自娱乐小浪花er 微博) 2024總統大選倒數、候選人、民調分析盡在TVBS 就是你!,True,institution_only,True,gate: core_election,False,KEEP,0.5832035541534424,,,True,KEEP,01_news_datasets/02_Ke_tvbs_news_units.csv,1,,14117,req_fcc91789fec54c34b59f40ac14b5af44,merged_deduped.csv,merged_deduped.csv,L1-07,宣傳口號與情緒渲染，無實質議題,,L2-07,總統大選→國家政治共同體；選舉動員語氣「就是你」→L2-07,,L1-06,,L1-07,,L1-07,L2-07,0.0
_a931b557747b,_a931b557747b_u002,"賴清德競選辦公室發言人郭雅慧表示,「賴Weekly」收錄當週新聞時事,並貼心幫網友們整理畫重點,希望能讓網友更方便轉傳、分享。",claim,"〔記者陳昀/台北報導〕民進黨總統參選人暨副總統賴清德今分別在LINE及Instagram上發布全新社群企劃,分別為「賴Weekly」以及「借問賴答」,整理當週新聞讓支持者方便了解,並在Instagram限時動態回應網友提問,讓社會大眾能用更多不同的方式,獲得賴清德的第一手資訊。",,"[{""name"": ""賴清德"", ""party"": ""DPP""}]",[],False,,e56efa172749ecaabd5516dbc74d1562,False,03_Lai_ltn_news,2023-06-19 15:50:55,"賴清德競選辦公室發言人郭雅慧表示,「賴Weekly」收錄當週新聞時事,並貼心幫網友們整理畫重點,希望能讓網友更方便轉傳、分享。",True,cooccur: actor×institution,True,gate: actor×inst,False,REVIEW,0.2962164580821991,,,False,KEEP,01_news_datasets/03_Lai_ltn_news_units.csv,1,,20231,req_a83fe1e335bc455cb3d01246f62dff59,merged_deduped.csv,merged_deduped.csv,L1-06,宣傳競選社群企劃，屬政策與治理管理，排除情緒,,,競選工具介紹，無主權/認同/威脅/動員/價值論述→無,,L1-06,,L1-06,,L1-06,,1.0
_b0e011a7bee2,_b0e011a7bee2_u013,"賴清德說,正因為要有實力,他在總統蔡英文的四大堅持之上,提出和平四大支柱行動方案;",claim,"他很關心長照服務員的薪水與社會認同度,可惜遭斷章取義,並在網路被擴大稱呼是「賴功德」,但其實並不是,「我做我該做的事情而已」。","反觀在野黨所提的接受一個中國原則,形同放棄主權,而放棄主權的和平,不是真的和平。","[{""name"": ""賴清德"", ""party"": ""DPP""}]",[],False,,2bdcf2526ae89405a251b7cacbca15a7,False,03_Lai_chinatimes_news,2023-08-24 22:05:00,"賴清德說,正因為要有實力,他在總統蔡英文的四大堅持之上,提出和平四大支柱行動方案;",True,cooccur: actor×institution,True,gate: actor×inst,False,KEEP,0.492379367351532,,,True,KEEP,01_news_datasets/03_Lai_chinatimes_news_units.csv,1,,3894,req_900f448d2b1544cfa6c36f126e96596c,merged_deduped.csv,merged_deduped.csv,L1-03,兩岸和平路線與主權安全，非單純政策,,L2-01|L2-07,總統蔡英文四大堅持→主權立場延續→L2-01；和平四大支柱行動方案→國家戰略願景→L2-07,,L1-03,L2-01|L2-07,L1-03,L2-01|L2-07,L1-06,L2-01|L2-07,1.0
_3cedff323ac5,_3cedff323ac5_u002,"立法院本次會期延會到本月19日結束,內閣改組議題也緊接登場,顧立雄此次先被點名可能為組閣人選之一,接著又被傳為接任國防部長的黑馬人選,也讓他昨天慰勉總統府憲兵營的行程格外受到矚目。",context,"〔記者羅添斌/台北報導〕國安會秘書長顧立雄昨日赴總統府憲兵211營春節慰問,顧立雄特別代表總統祝賀官兵新年快樂及頒贈加菜金,勉勵單位戮力戰訓本務,成為捍衛國家主權與國土安全的穩定力量。","憲兵211營隸屬於憲兵202指揮部,是負責戍守總統府安全的憲兵營,俗稱「鐵衛營 」,軍方內部又稱為「天下第一營」,平時以總統府區域的水溝蓋為界,以內為憲兵營負責安全及防衛工作丶水溝蓋以外則是由台北市警察局負責維安。",[],"[""立法院|institution""]",False,,7066e44ad77df3f31bbe31d6045f80bc,False,02_Ke_ltn_news,2023-01-18 11:26:22,"立法院本次會期延會到本月19日結束,內閣改組議題也緊接登場,顧立雄此次先被點名可能為組閣人選之一,接著又被傳為接任國防部長的黑馬人選,也讓他昨天慰勉總統府憲兵營的行程格外受到矚目。",True,institution_only,True,gate: taiwanicity=2,True,KEEP,1.0,KEEP,1.0,True,KEEP,01_news_datasets/02_Ke_ltn_news_units.csv,1,,9872,req_01c38aae01a54135b0293ab9879b49fd,merged_deduped.csv,merged_deduped.csv,L1-06,討論內閣與國防部長人事布局，屬政府管理,,,內閣改組、人事黑馬、行程受矚目→無主權/威脅/認同/動員等國族建構訊號,,L1-06,,L1-06,,L1-06,,1.0
_2f5b4f5eeb81,_2f5b4f5eeb81_u008,"她在校園與立法院裡穿梭,培育法律人才,同時從旁協助許多法案的推動。",context,"〔記者蔡彰盛/新竹報導〕民進黨新竹市立委參選人林志潔的競選主視覺今出爐了,代表她的競選活動加速啟動。","她的法律專長,有從博士時期即著手研究的刑事法律、平權研究;",[],"[""立法院|institution""]",False,,c33583772d7a955fcd87f3adf624e14b,False,02_Ke_ltn_news,2023-07-23 17:55:36,"她在校園與立法院裡穿梭,培育法律人才,同時從旁協助許多法案的推動。",True,institution_only,True,gate: core_election,True,KEEP,1.0,KEEP,1.0,True,KEEP,01_news_datasets/02_Ke_ltn_news_units.csv,1,,17164,req_2bdbee2b2e9f4fdd97ca37f9db79b1a3,merged_deduped.csv,merged_deduped.csv,L1-06,強調個人專業與立院法案推動，屬治理敘事,,,描述個人經歷與專業服務，無主權、威脅、認同或動員相關語彙→無標籤,,L1-06,,L1-06,,L1-06,,1.0
_83ff911813d1,_83ff911813d1_u003,"加薩走廊衛生部也表示,以色列今天攻擊一所聯合國學校,造成至少15人死亡。",claim,"加薩當局:戰火累計9488死 以軍炸聯合國學校釀15死 2023/11/4 21:51 (11/4 22:17 更新) (中央社加薩走廊4日綜合外電報導)巴勒斯坦伊斯蘭武裝組織哈瑪斯(Hamas)治下的加薩走廊衛生部今天表示,自以色列上個月對哈瑪斯開戰以來,加薩地區死亡總數累計已達9488人。",支持巴勒斯坦難民的聯合國近東巴勒斯坦難民救濟工作署(UNRWA)也未立即發表評論。,[],[],False,,a43c39f349d5b55649d5d58a5c428b58,False,03_Lai_chinatimes_news,2023-11-04 21:51:00,"加薩走廊衛生部也表示,以色列今天攻擊一所聯合國學校,造成至少15人死亡。",True,institution_only,True,gate: strong_anchor,False,DROP,0.0132432393729686,,,False,KEEP,01_news_datasets/03_Lai_chinatimes_news_units.csv,1,,14438,req_3de3b53dde8740bd8e5b2b77b0cc0e99,merged_deduped.csv,merged_deduped.csv,L1-04,戰爭攻擊造成平民傷亡，聚焦人命,,,描述以色列攻擊UN學校傷亡，純事實戰爭報導，無主權宣示、認同、威脅動員等國族建構語彙,,L1-03,,L1-04,,L1-04,,1.0
_cf0ec4fec61c,_cf0ec4fec61c_u020,"透過 Google News 印尼1945年制定的憲法中,在序言寫道:「有鑒於獨立是所有國家不可剝奪的權利,因此,必須在這個世界上廢除一切殖民主義,因為它不符合人性和正義。」 馬契默迪解釋,根據印尼憲法,印尼反對帝國主義,因此,必須廢除世界上所有殖民主義。",claim,"印尼憲法中指出,獨立建國是所有民族的權利,且表達反對殖民主義的立場。",,[],[],False,,c5af442149cf6e021a0b6831c57e7a6a,False,02_Ke_chinatimes_news,2023-10-13 15:28:00,"透過 Google News 印尼1945年制定的憲法中,在序言寫道:「有鑒於獨立是所有國家不可剝奪的權利,因此,必須在這個世界上廢除一切殖民主義,因為它不符合人性和正義。」 馬契默迪解釋,根據印尼憲法,印尼反對帝國主義,因此,必須廢除世界上所有殖民主義。",True,institution_only,True,gate: 2 inst terms,False,REVIEW,0.3932393789291382,,,False,KEEP,01_news_datasets/02_Ke_chinatimes_news_units.csv,1,,17382,req_4fb654defeca4d618bff964af434037f,merged_deduped.csv,merged_deduped.csv,L1-02,"談反殖民與正義屬價值與道德評價,非制度說明",,,談印尼憲法與反殖民價值，無涉台灣主權/認同/動員→不屬任何L2,,L1-05,L2-08,L1-05,L2-03|L2-08,L1-05,L2-08,0.5
_75812932e39a,_75812932e39a_u006,"例如,台灣面臨中共壓迫,應加強國防力量及軍事採購,備戰才能止戰;",context,"立法院民進黨團副幹事長江永昌則表示,特別預算基於國家緊急狀況、重大事故或災害,審議過程也都討論得很清楚,編列皆具正當性且符合法律規定。","因應新冠肺炎衝擊,政府提出防疫紓困振興或疫後特別預算;",[],[],False,,d1e83a61364d90fbde2b75723d71332e,False,03_Lai_ltn_news,2023-08-04 14:37:39,"例如,台灣面臨中共壓迫,應加強國防力量及軍事採購,備戰才能止戰;",True,institution_only,True,gate: strong_anchor,True,KEEP,1.0,KEEP,1.0,True,KEEP,01_news_datasets/03_Lai_ltn_news_units.csv,1,,18495,req_230648fdb2e94d78a47f005a068dd05d,merged_deduped.csv,merged_deduped.csv,L1-03,中共壓迫與備戰止戰=安全威脅框架，排除L1-06,,L2-01|L2-05,台灣面臨中共壓迫→L2-05；加強國防力量備戰止戰→L2-01,,L1-03,L2-01|L2-05|L2-07,L1-03,L2-01|L2-05,L1-03,L2-05,0.3333333333333333
_e9563208e5d7,_e9563208e5d7_u000,"民進黨2024總統參選人、副總統賴清德,授旗給嘉市信賴台灣之友會籌備會召集人前嘉市議員江熙哲(右)。",context,,"〔記者丁偉杰/嘉義報導〕民進黨2024總統參選人、副總統賴清德今天下午出席嘉義市信賴台灣之友會成立大會,賴為各後援會長授證,該會籌備會召集人前嘉市議員江熙哲說,賴清德一路走來始終不忘從政初衷,堅持理想,值得大家信賴,蔡英文總統2020年連任勝選,在嘉市拿下9萬9265票,他向現場喊話「明年讓賴清德在嘉市得票數超過10萬票以上」。","[{""name"": ""賴清德"", ""party"": ""DPP""}, {""name"": ""民進黨"", ""party"": ""DPP""}]",[],False,,31597bef5691e5824a2ad9519c99a325,False,01_Ho_ltn_news,2023/6/3 21:32,"民進黨2024總統參選人、副總統賴清德,授旗給嘉市信賴台灣之友會籌備會召集人前嘉市議員江熙哲(右)。",True,cooccur: actor×institution,True,gate: taiwanicity=2,True,KEEP,1.0,KEEP,1.0,True,KEEP,01_news_datasets/01_Ho_ltn_news_units.csv,1,,4347,req_c83e2867730b440ca60b8eb381463c9d,merged_deduped.csv,merged_deduped.csv,L1-06,單純活動與人物描述，無政策/情緒,,L2-07,授旗儀式、後援會→選舉動員象徵→L2-07；還有其他面向嗎？無明確主權/價值/威脅語彙,,L1-07,L2-07,L1-07,L2-07,L1-07,L2-07,1.0
_6902ad7fe6f1,_6902ad7fe6f1_u001,"他表示,如果他當選,會跟台灣社會、美中保證,不會往台獨方向走,也不會接受武力統一。",claim,"柯文哲自認最沒包袱:沒九二共識限制也沒台獨黨綱 2023/12/6 10:49 (12/6 11:15 更新) (中央社記者郭建伸台北6日電)民眾黨總統參選人柯文哲表示,他是3名總統參選人中最沒有包袱,沒有被九二共識限制過,民眾黨也沒有台獨黨綱。","柯文哲昨天深夜透過臉書表示,不僅要有嚇阻(Deterrence),更要有保證,他認同總統蔡英文最近提到,「戰爭不是選項,台灣人要選擇有尊嚴的和平」,但也反問該怎麼做。",[],[],False,,490c251849355b9c6a02a6e7f9f5cf8c,False,01_Ho_chinatimes_news,2023-12-06 10:49:00,"他表示,如果他當選,會跟台灣社會、美中保證,不會往台獨方向走,也不會接受武力統一。",True,institution_only,True,gate: taiwanicity=2,True,KEEP,1.0,KEEP,1.0,False,KEEP,01_news_datasets/01_Ho_chinatimes_news_units.csv,1,,6498,req_a8eaa60700d64076ba5e235c891fd4e0,merged_deduped.csv,merged_deduped.csv,L1-03,兩岸安全立場與戰爭威脅，排除一般政策,,L2-01|L2-05,台獨/武力統一→主權與國家地位議題→L2-01；向台灣社會、美中保證和平路線→共同威脅管理（戰爭/武統風險）→L2-05,,L1-03,L2-01|L2-05,L1-03,L2-01|L2-05,L1-03,L2-01|L2-05,1.0
_844f084413fa,_844f084413fa_u000,"外媒:賴清德當選總統 顯示台灣選民不畏中國威嚇 2024/1/13 22:47 (2025/3/27 15:59 更新) (中央社台北13日綜合外電報導)台灣總統大選結果由代表民主進步黨參選的副總統賴清德勝出,民進黨將繼續執政。",context,,"「紐約時報」(The New York Times)以「台灣選出賴清德為總統 北京受挫」(In a Setback for Beijing, Taiwan Elects Lai Ching-te as President)為標題報導,對台灣許多選民來說,這次總統大選焦點在於兩岸關係日益緊張對峙之際,該由誰來領導台灣。","[{""name"": ""賴清德"", ""party"": ""DPP""}, {""name"": ""民進黨"", ""party"": ""DPP""}]",[],False,,b6b940e9329482b930db1610c38cb135,False,02_Ke_chinatimes_news,2024-01-13 22:47:00,"外媒:賴清德當選總統 顯示台灣選民不畏中國威嚇 2024/1/13 22:47 (2025/3/27 15:59 更新) (中央社台北13日綜合外電報導)台灣總統大選結果由代表民主進步黨參選的副總統賴清德勝出,民進黨將繼續執政。",True,cooccur: actor×institution,True,gate: taiwanicity=2,True,KEEP,1.0,KEEP,1.0,True,KEEP,01_news_datasets/02_Ke_chinatimes_news_units.csv,1,,16060,req_2e58023e740a4c1c883de027d49af366,merged_deduped.csv,merged_deduped.csv,L1-03,中國威嚇與台灣安全對峙→安全,,L2-01|L2-05,不畏中國威嚇→L2-05；總統大選結果/繼續執政→L2-01,,L1-03,L2-05|L2-06,L1-03,L2-05|L2-06|L2-08,L1-03,L2-03|L2-05|L2-08,0.25
_2ac023930dab,_2ac023930dab_u026,"台銘此次参加代表國民黨初選徵召競選活動,提出的競選理念主軸是「和平」、「繁榮」、「清廉」,而「和平」最重要,因為經濟繁榮、政府清廉能為人民帶來幸福,都必須建立在兩岸穩固的「和平」基礎上。",context,你們是全台灣人民過去得以安居樂業、國泰民安、經濟增長、科技發展⋯⋯的恩人。,"執政的民進黨,從總統到主席到立委到主要幹部,天天強調地反覆質問:「現在誰對台灣最有敵意?」、「誰天天派軍機、軍艦繞台,進行軍事演習?」、「誰讓台灣變成世界上最危險最兵凶戰危之地?」、「誰讓世界上所有到台灣來投資與進行經濟活動的國際經貿、科技等都受到影響?」。","[{""name"": ""國民黨"", ""party"": ""KMT""}]","[""兩岸|cross-strait""]",False,,c79a2d8dab5753ec96e02a583bdaed9d,False,02_Ke_chinatimes_news,2023-05-13 12:31:00,"台銘此次参加代表國民黨初選徵召競選活動,提出的競選理念主軸是「和平」、「繁榮」、「清廉」,而「和平」最重要,因為經濟繁榮、政府清廉能為人民帶來幸福,都必須建立在兩岸穩固的「和平」基礎上。",True,cooccur: actor×institution,True,gate: actor×inst,False,KEEP,0.6051187515258789,,,True,KEEP,01_news_datasets/02_Ke_chinatimes_news_units.csv,1,,17571,req_070f67592e854a32b249311d7eb292dc,merged_deduped.csv,merged_deduped.csv,L1-03,兩岸和平與安全威脅，排除單純政策管理,,L2-05|L2-07,兩岸穩固和平基礎→L2-05；競選理念主軸、為人民帶來幸福→L2-07,,L1-03,L2-05|L2-07,L1-03,L2-05|L2-07,L1-03,L2-05|L2-07,1.0
_52e719f8b0f9,_52e719f8b0f9_u005,"羅秉成表示,行政院在2021年1月21日院會決定暫緩換發新式身分證計畫,待凝聚社會共識,並研議完備法制及相關政策配套後再推動。",claim,"羅秉成指出,面對境外對台灣的資安攻擊日烈,而民眾對個人資料保護要求更高,相關學者專家、公民團體及立法委員也提出許多意見,尤其憂心來自境外敵對勢力各種資安攻擊的威脅滲透,並倡議需先建立個資保護的獨立監督機制等配套,亟須審慎評估推動這項政策。","透過 Google News 羅秉成表示,為符合憲法法庭判決的要求,並加強保護民眾個資,政府現已規劃成立獨立個資保護專責機關,並提出個資法修正草案函請立法院審議中;",[],"[""院會|procedure""]",True,,45bc3df200db96bdec6102bb503a479b,False,03_Lai_chinatimes_news,2023-05-08 16:48:00,"羅秉成表示,行政院在2021年1月21日院會決定暫緩換發新式身分證計畫,待凝聚社會共識,並研議完備法制及相關政策配套後再推動。",True,institution_only,True,gate: core_election,True,KEEP,1.0,KEEP,1.0,False,KEEP,01_news_datasets/03_Lai_chinatimes_news_units.csv,1,,6206,req_577aa86a51734e5b9706b1ae8bc3a0d8,merged_deduped.csv,merged_deduped.csv,L1-06,討論身分證政策時程與配套，屬政府管理，非安全本身,,L2-07,國家政策推動、社會共識→L2-07（願景與程序動員）,,L1-06,,L1-06,,L1-06,L2-07,0.0
_3f2652d2fef5,_3f2652d2fef5_u004,"根據中選會資料,1996年大選,除前總統李登輝代表國民黨參選,前總統府資政彭明敏代表民進黨參選,泛藍陣營另有兩組人馬獨立參選,分別是「林洋港、郝柏村」與「陳履安、王清峰」,最後李登輝囊括54%高票,林洋港、陳履安各拿下14.9%、9.98%選票。",context,"法定連署門檻為最近一次總統大選選舉人總數1.5%,2020年總統選舉共1931萬1105選舉人數,因此合格連署書至少需達28萬9667份才可登記。","2000年,親民黨主席宋楚瑜拿下36.84%高票,創造迄今以連署參選者的最高得票率,該屆因泛藍分裂,民進黨推出的陳水扁當選,締造首度政黨輪替。","[{""name"": ""民進黨"", ""party"": ""DPP""}, {""name"": ""國民黨"", ""party"": ""KMT""}]",[],False,,677e9e01874646e4fde8d3323d17d67c,False,01_Ho_chinatimes_news,2023-08-28 14:39:00,"根據中選會資料,1996年大選,除前總統李登輝代表國民黨參選,前總統府資政彭明敏代表民進黨參選,泛藍陣營另有兩組人馬獨立參選,分別是「林洋港、郝柏村」與「陳履安、王清峰」,最後李登輝囊括54%高票,林洋港、陳履安各拿下14.9%、9.98%選票。",True,cooccur: actor×institution,True,gate: taiwanicity=2,True,KEEP,1.0,KEEP,1.0,True,KEEP,01_news_datasets/01_Ho_chinatimes_news_units.csv,1,,9084,req_819ad264c2b84518b7d9c135174b6c55,merged_deduped.csv,merged_deduped.csv,L1-06,單純選舉史實與得票數據，屬制度面敘述,,,1996年大選、得票率為歷史事實陳述，無當下政治論證或價值評價→不觸發各L2,,L1-06,L2-04,L1-06,,L1-06,L2-04,0.0
_259b60511d59,_259b60511d59_u012,"第二,矢板明夫認為,台灣的新政權會和北京頻頻眉來眼去,按照對岸的邏輯,去表述、應對各種國際事務。",claim,"台灣的企業、媒體、軍隊將會在很短的時間內被滲透得千瘡百孔,台灣將失去自我保衛的能力。","矢板明夫直言,新政權還會大肆宣傳疑美論、疑日論,和國際社會的民主自由陣營漸行漸遠。",[],[],False,,60c282b9a38cdf2beee4f968e2870a23,False,01_Ho_ltn_news,2023/4/14 0:02,"第二,矢板明夫認為,台灣的新政權會和北京頻頻眉來眼去,按照對岸的邏輯,去表述、應對各種國際事務。",True,institution_only,False,,False,KEEP,0.595907211,,,False,REVIEW,01_news_datasets/01_Ho_ltn_news_units.csv,1,,8499,req_57ea821f834c49279b48c4e962fd40bb,merged_deduped.csv,merged_deduped.csv,L1-03,兩岸與國際事務中的主權與安全威脅,,L2-02|L2-05,新政權依附北京邏輯處理國際事務→他者威脅L2-05；與北京靠攏、遠離他方→差異與陣營邊界L2-02,,L1-03,L2-02|L2-03|L2-05,L1-03,L2-02|L2-05,L1-03,L2-02|L2-05,0.6666666666666666
_b91ac3bf775c,_b91ac3bf775c_u014,"賴清德表示,這次非常特別的、徵召基層里長莊銘淵,莊銘淵連任4任的里長,贏得地方肯定,也許在最艱困的選區需要一個工兵一般的里長,才有辦法打破這個高築幾十年的城池,他寄予厚望。",claim,"賴清德說,這次有民進黨國際部主任、年輕具有國際視野的謝佩芬;","謝佩芬說,4年前她接受徵召投入大安,當時得票率與選票數創下歷史新高,這次轉戰同樣艱困的中山北松山選區,身為民進黨的發言人,她沒有選擇戰場的權利,這其中,她的哈佛學長賴清德給了她莫大的鼓勵與勇氣,最艱困的選區需要最勇於承擔的一級戰將,她會全力以赴。","[{""name"": ""賴清德"", ""party"": ""DPP""}]",[],False,,e708b9a6cb57184bafe005d37d082d8f,False,03_Lai_chinatimes_news,2023-07-12 17:14:00,"賴清德表示,這次非常特別的、徵召基層里長莊銘淵,莊銘淵連任4任的里長,贏得地方肯定,也許在最艱困的選區需要一個工兵一般的里長,才有辦法打破這個高築幾十年的城池,他寄予厚望。",True,cooccur: actor×institution,True,gate: actor×inst,False,KEEP,0.4317478537559509,,,False,KEEP,01_news_datasets/03_Lai_chinatimes_news_units.csv,1,,20392,req_1b120713105f450b9993e0b9f9c164b0,merged_deduped.csv,merged_deduped.csv,L1-07,競選動員與人事讚譽，無政策/道德/安全,,L2-07,艱困選區、打破高築城池→隱含行動動員→L2-07,,L1-07,L2-07,L1-07,L2-05|L2-07,L1-07,L2-07,0.5
_9e4eef8cbd19,_9e4eef8cbd19_u012,"吳崢競選團隊、民進黨新北市議員張維倩、張嘉玲等,上台向所有的支持者鞠躬致意、感謝。",claim,"民進黨候選人吳崢表示,遺憾無法持續承接現任立委江永昌的席次,讓支持者期待落空;","吳崢說,新的國會面臨挑戰,希望大家繼續相挺台灣,也期待新當選立委的張智倫一起關心中和的發展。","[{""name"": ""民進黨"", ""party"": ""DPP""}]",[],False,,97d7b5910f855b41a53284c9f566a4e4,False,02_Ke_chinatimes_news,2024-01-13 22:14:00,"吳崢競選團隊、民進黨新北市議員張維倩、張嘉玲等,上台向所有的支持者鞠躬致意、感謝。",True,cooccur: actor×institution,True,gate: actor×inst,False,REVIEW,0.4022573232650757,,,False,KEEP,01_news_datasets/02_Ke_chinatimes_news_units.csv,1,,13352,req_7894e6957a9243be9d3e5f54440b9ae9,merged_deduped.csv,merged_deduped.csv,L1-07,敗選感謝場面描寫，無政策/道德/議題,,L2-07,感謝支持者、選後場合→隱含團結與持續支持動員→L2-07,,L1-07,,L1-07,,L1-07,,1.0
_817762e5f4b1,_817762e5f4b1_u001,原住民身分法第2條違憲須修法。,context,"西拉雅族正名行政訴訟案 法院判決駁回 2023/5/11 18:20 (5/11 19:10 更新) (中央社記者劉世怡台北11日電)萬淑娟等人申請登記為西拉雅族的平地原住民,不服原民會否准,提起行政訴訟。","西拉雅族為推動正名、爭取原住民身分而提起行政訴訟,副總統賴清德在台南市長任內於民國104年還曾為此北上向台北高等行政法院遞狀、提起行政訴訟。",[],[],False,,daf91d741e28fadc5b0e8ce311d81267,False,03_Lai_chinatimes_news,2023-05-11 18:20:00,原住民身分法第2條違憲須修法。,True,institution_only,True,gate: 2 inst terms,False,REVIEW,0.1973221004009246,KEEP,0.2785688042640686,True,KEEP,01_news_datasets/03_Lai_chinatimes_news_units.csv,1,,19320,req_f09a0565303d41ab9685608e6bbf69d9,merged_deduped.csv,merged_deduped.csv,L1-06,批評法律違憲需修法，主題=制度設計，非平權敘事,,L2-01,原住民身分法違憲須修法→以憲法規範調整身分界定，涉國家法制與共同體邊界→L2-01,,L1-06,,L1-06,,L1-06,L2-01,0.0
_479ff0d673d1,_479ff0d673d1_u007,"旗海飄揚、艷麗動人,也讓路過民眾驚呼:「數大就是美」、「中華民國,不必分顏色」、「國旗在民主聖地台南」、「中華民國在台灣」。",context,"南市文化局說,由於水交社原眷戶提議,以前在眷村時期,雙十節都會有國旗佈置,希望復刻過去國慶懷舊景象,因此規劃國旗佈置,而該處正好是眷村公園廣場,也是大家聚集活動的地方,主要布置在廣場,加上周邊懸掛超過5百面國旗。",,[],"[""國旗|symbol""]",False,,67715a749943c1f3a2d6ec1c5e7899d5,False,03_Lai_ltn_news,2023-10-07 00:21:12,"旗海飄揚、艷麗動人,也讓路過民眾驚呼:「數大就是美」、「中華民國,不必分顏色」、「國旗在民主聖地台南」、「中華民國在台灣」。",True,institution_only,False,,False,KEEP,0.4462270438671112,,,True,REVIEW,01_news_datasets/03_Lai_ltn_news_units.csv,1,,9080,req_b464d9d06fe348fb8158929015ffc2c4,merged_deduped.csv,merged_deduped.csv,L1-07,以情緒讚嘆與認同表達為主，非政策或道德論證,,L2-01|L2-06|L2-08,國旗意象+中華民國在台灣→L2-01；民主聖地台南→L2-08；懷舊國慶景象與國旗美感→L2-06,,L1-07,L2-01|L2-06|L2-08,L1-07,L2-01|L2-06|L2-08,L1-07,L2-01|L2-06|L2-08,1.0
总统辩论_e76e2f37b3f6,总统辩论_e76e2f37b3f6_u1062,能源稳定堪忧。,context,柯文哲: 医疗质量堪虑 健保岌岌可危。,"柯文哲: 回来明年一月三号我要请所有相信理性务实科学,相信民意,专业价值。",[],[],False,,e3030899a54a4f772c50f8ab4aee3a91,False,总统辩论,,能源稳定堪忧。,True,institution_only,True,gate: strong_anchor,False,REVIEW,0.227667451,KEEP,0.579615176,False,KEEP,02_conference_datasets/Debate_President_units.csv,3,,20011,req_c8369571352a4e44a4479aa884303684,merged_deduped.csv,merged_deduped.csv,L1-01,談能源供應風險，屬經濟與民生基礎,,L2-05,「能源穩定堪憂」→渲染國家層級風險→L2-05,,L1-01,L2-05,L1-01,L2-05,L1-01,L2-05,1.0
_9b1061ee8d9e,_9b1061ee8d9e_u013,"余茂春認為,這顯示國際討論台灣議題的語境大幅改變,過去只討論台灣是不是中國一部分,現在180度轉變,變成從暴政對上自由的觀點來處理台灣議題。",claim,"談到美國國會推動「台灣國際團結法案」的意義,余茂春表示,這在5、6年前是不可能、是難以想像的事,當時國會若碰觸台灣主權或國際地位議題,中國一定會強烈反應,「但現在法案已通過(眾議院),中國卻幾乎沒什麼反應」。","他預期,法案應能獲得參議院高票通過,屆時希望總統拜登(Joe Biden)能簽署,讓法案正式成為美國法律。",[],[],False,,1c34a4c389c662e6574f31397cb9d7f0,False,02_Ke_chinatimes_news,2023-08-10 07:41:00,"余茂春認為,這顯示國際討論台灣議題的語境大幅改變,過去只討論台灣是不是中國一部分,現在180度轉變,變成從暴政對上自由的觀點來處理台灣議題。",True,institution_only,True,gate: 2 inst terms,False,KEEP,0.5665696263313293,,,False,KEEP,01_news_datasets/02_Ke_chinatimes_news_units.csv,1,,2528,req_2924ad960ddd484985174666369d37b3,merged_deduped.csv,merged_deduped.csv,L1-03,兩岸與國際語境中的主權與安全對峙，排除L1-06,,L2-03|L2-08,國際討論台灣議題語境改變→L2-03；暴政對上自由→L2-08,,L1-03,L2-02|L2-08,L1-03,L2-02|L2-08,L1-03,L2-02|L2-08,1.0
副总统辩论_a4a3572e071e,副总统辩论_a4a3572e071e_u250,"我们看到美光, 微软, GoogleAmazon等都扩大在台湾的投资。",context,萧美琴: 同时也解决许多美商包含今天许多大型的跨国公司来台投资。,"萧美琴: 我们很务实地解决大家的问题,强化台美之间的合作增加我们经济繁荣的韧性。","[{""name"": ""赖清德"", ""party"": ""DPP""}]",[],False,,5517c5eeb6459955a9b7b6ee4abe2754,False,副总统辩论,,"我们看到美光, 微软, GoogleAmazon等都扩大在台湾的投资。",True,institution_only,False,,False,REVIEW,0.371373653,,,False,REVIEW,02_conference_datasets/vice_president_units.csv,3,,7515,req_07c6e364d5684601b13df9eac925ee74,merged_deduped.csv,merged_deduped.csv,L1-01,談外資擴大在台投資，屬經濟發展,,L2-06,外資擴大在台投資→成就敘事與間接自豪→L2-06；還有其他面向嗎？無主權宣示、無動員語氣,,L1-01,L2-06,L1-01,L2-06|L2-07,L1-01,L2-06|L2-07,0.5
_a1f2ee3bd83e,_a1f2ee3bd83e_u005,"若未來支出增加,依法可透過編列政府預算撥充。",context,"且長照基金今年1至11月收入達916.62億元,已超過預期收入;","開辦長照保險,長照司說明,需向雇主、民眾收取保費,並由政府編列預算,籌措方式實質與加稅方式類同;",[],[],False,,7ccd20d8c37c5b716256669ff7d4479a,False,02_Ke_chinatimes_news,2023-12-29 08:51:00,"若未來支出增加,依法可透過編列政府預算撥充。",True,institution_only,True,gate: 2 inst terms,False,REVIEW,0.2505394518375397,,,False,KEEP,01_news_datasets/02_Ke_chinatimes_news_units.csv,1,,10978,req_009170b0984f4613bfb6a5fb5364a38c,merged_deduped.csv,merged_deduped.csv,L1-06,談長照財源與預算機制，排除經濟民生,,,技術性財政說明，無主權、威脅、認同或動員語彙→無標籤,,L1-06,,L1-06,,L1-06,,1.0
_78a2b06e3c62,_78a2b06e3c62_u007,"柯文哲秀3民調全贏賴清德 稱全民調最能反映選情仍盼藍白合作 被柯文哲指民調落後 侯友宜:加權後會有很大誤差 提到柯陣營公布的3份民調,吳怡萱表示,討論在野整合議題,民眾黨的DNA一直希望用公平、公正、公開的比賽規則,且藍白協商過程不斷重申全民調,因此才自己花錢做民調,「讓民調數字說話」,每份民調樣本都多達3000份,比一般民調機構都還準確。",claim,"此外,柯文哲昨天公布3份民調,都勝過民進黨總統參選人賴清德,但未將「柯侯」一起比,但國民黨總統參選人侯友宜競辦質疑,民眾黨自己出錢還刻意選擇此刻發布民調,令人難以信服,且民調只做個人,質疑柯文哲是不是早就決定要自己選。","吳怡萱表示,昨天公布的民調數據反映,柯文哲明顯領先侯友宜且緊咬賴清德,但若最後選票沒有柯文哲,侯友宜也無法贏賴清德。","[{""name"": ""賴清德"", ""party"": ""DPP""}, {""name"": ""侯友宜"", ""party"": ""KMT""}, {""name"": ""柯文哲"", ""party"": ""TPP""}, {""name"": ""民眾黨"", ""party"": ""TPP""}]",[],True,legislative,44f74a505ccfadae5fd8c07c4d9e76d5,False,02_Ke_chinatimes_news,2023-11-09 12:28:00,"柯文哲秀3民調全贏賴清德 稱全民調最能反映選情仍盼藍白合作 被柯文哲指民調落後 侯友宜:加權後會有很大誤差 提到柯陣營公布的3份民調,吳怡萱表示,討論在野整合議題,民眾黨的DNA一直希望用公平、公正、公開的比賽規則,且藍白協商過程不斷重申全民調,因此才自己花錢做民調,「讓民調數字說話」,每份民調樣本都多達3000份,比一般民調機構都還準確。",True,cooccur: actor×institution,True,gate: actor×inst,False,KEEP,0.6852200031280518,,,False,KEEP,01_news_datasets/02_Ke_chinatimes_news_units.csv,1,,6148,req_cbd443f2c0b14ee48e2e9247240cb1e1,merged_deduped.csv,merged_deduped.csv,L1-06,在野整合與民調機制，屬政策協商,,,選情、民調、公平比賽規則→僅政黨協商技術，無主權/認同/威脅/動員等國族訊號,,L1-06,,L1-06,,L1-06,,1.0
_9a49940bbd97,_9a49940bbd97_u003,"立法院將於14日至21日召開第10屆第7會期第1次臨時會,處理大法官人事同意權案。",context,"短期解套辦法先修法,把立法院行使人事同意權的門檻由1/2提高到2/3,讓少數有更多的權力。","中華民國憲法學會、中華民國台灣法曹協會、台灣行政法學會等民間法律團體,今天在立法院召開「呼籲嚴審大法官被提名人」記者會,國民黨立法院黨團總召曾銘宗、書記長謝衣鳯等人也一同出席與會。",[],"[""立法院|institution""]",False,,fbbf8941f96dc9979be7403f81e766ef,False,03_Lai_chinatimes_news,2023-06-14 13:01:00,"立法院將於14日至21日召開第10屆第7會期第1次臨時會,處理大法官人事同意權案。",True,institution_only,True,gate: core_election,True,KEEP,1.0,KEEP,1.0,True,KEEP,01_news_datasets/03_Lai_chinatimes_news_units.csv,1,,22186,req_c9e55ead72b74e6581eee88d2bd7a564,merged_deduped.csv,merged_deduped.csv,L1-06,描述立院會期與議程，屬程序治理，非主權,,,程序性會期與議程描述，無主權、威脅、認同或動員語彙→無,,L1-06,,L1-06,,L1-06,,1.0
_daa6607bae29,_daa6607bae29_u001,"侯友宜這次訪日行程由競選辦公室安排,會依新北市政府行政程序請假,業務由副市長代理。",context,"侯友宜31日訪日 拜會僑界與日本國會議員 2023/7/24 16:26 (7/24 18:00 更新) (中央社記者王承中台北24日電)國民黨總統參選人侯友宜競選辦公室今天表示,侯友宜訂於7月31日至8月2日赴日本訪問,將拜會日本國會議員、僑界人士,並接受當地媒體專訪。","侯友宜競選辦公室今天發布新聞稿指出,侯友宜31日將率團搭乘長榮BR192班機從松山機場出發,預計中午抵達東京羽田機場。","[{""name"": ""侯友宜"", ""party"": ""KMT""}]",[],False,,9d4f6116ca6d36c5dfd16a2fab484037,False,01_Ho_chinatimes_news,2023-07-24 16:26:00,"侯友宜這次訪日行程由競選辦公室安排,會依新北市政府行政程序請假,業務由副市長代理。",True,cooccur: actor×institution,True,gate: actor×inst,False,REVIEW,0.3969480097293854,,,False,KEEP,01_news_datasets/01_Ho_chinatimes_news_units.csv,1,,13847,req_bfb7db23ddf545ceaa53143ade53a669,merged_deduped.csv,merged_deduped.csv,L1-06,說明請假與代理屬行政程序，排除經濟,,,僅說明行程由競選辦公室安排、請假與代理業務，無主權、認同、威脅或動員語彙→無標籤,,L1-06,,L1-06,,L1-06,,1.0
_c70c409d9e27,_c70c409d9e27_u008,(示意圖/TVBS資料畫面) 2024總統大選倒數、候選人、民調分析盡在TVBS 就是你!,context,,,[],[],False,,fe6ea25105dea7ae880a2ab162851f95,False,02_Ke_tvbs_news,2023-10-18 21:49:00,(示意圖/TVBS資料畫面) 2024總統大選倒數、候選人、民調分析盡在TVBS 就是你!,True,institution_only,True,gate: core_election,False,KEEP,0.5355443358421326,,,True,KEEP,01_news_datasets/02_Ke_tvbs_news_units.csv,1,,22414,req_75e3baab03a142c9bfee84ed5d5cb938,merged_deduped.csv,merged_deduped.csv,L1-07,選舉宣傳語境，無政策與道德評價,,,選舉倒數、總統大選→可能一般政治動員但無國族、主權、認同等訊號,,L1-07,,L1-07,,L1-07,,1.0
_2f1b3e788958,_2f1b3e788958_u002,"高醫大全球校友總會今下午在漢神巨蛋飯店席開58桌,高醫大全球校友總會第一屆理事長梁明聖表示,賴清德擔任民進黨主席後,讓南投立委補選選情大翻轉,民進黨贏了將近2000票,實在不簡單,賴在2024年總統參選人中支持度已達36%,遙遙領先另名人氣高的參選人,他相信在賴睿智的英明領導下,2024年可以更上層樓。",claim,"〔記者方志賢/高雄報導〕副總統、民進黨主席賴清德今下午出席中華民國高雄醫學大學全球校友總會的會員大會,許多校友爭相與他拍照,並高喊「加油、總統好!」賴清德也表示,台灣社會要團結,醫界更要團結,未來如果有機會跟大家一起把台灣打造成為健康的台灣。",副總統賴清德(中)今下午出席高醫大全球校友總會會員大會。,"[{""name"": ""賴清德"", ""party"": ""DPP""}, {""name"": ""民進黨"", ""party"": ""DPP""}]",[],False,,6d0f3b8c6dec07641cb27624edc0fa8c,False,03_Lai_ltn_news,2023-03-12 20:24:54,"高醫大全球校友總會今下午在漢神巨蛋飯店席開58桌,高醫大全球校友總會第一屆理事長梁明聖表示,賴清德擔任民進黨主席後,讓南投立委補選選情大翻轉,民進黨贏了將近2000票,實在不簡單,賴在2024年總統參選人中支持度已達36%,遙遙領先另名人氣高的參選人,他相信在賴睿智的英明領導下,2024年可以更上層樓。",True,cooccur: actor×institution,True,gate: actor×inst,False,KEEP,0.6936497688293457,,,True,KEEP,01_news_datasets/03_Lai_ltn_news_units.csv,1,,9564,req_b343a58cc0624b40be35e2cd110ef72b,merged_deduped.csv,merged_deduped.csv,L1-02,"稱讚領導與能力屬品格評價,非單純情緒",,L2-06|L2-07,「2024年可以更上層樓」隱含國家應更好→L2-06；選舉勝利願景→L2-07；還有其他面向嗎？無主權/威脅/民主價值等明確訊號,,L1-07,L2-06|L2-07,L1-07,L2-06,L1-02,,0.0
_323bafe04a67,_323bafe04a67_u000,世界和平統一家庭聯合會(統一教)7日在韓國加平舉行睽違3年的國際集體婚禮。,context,,,[],[],False,,d9f1c056d9e960669bd14d9f305de39c,False,03_Lai_tvbs_news,2023-05-09 09:55:00,世界和平統一家庭聯合會(統一教)7日在韓國加平舉行睽違3年的國際集體婚禮。,True,institution_only,True,gate: 2 inst terms,False,REVIEW,0.1777047216892242,,,False,KEEP,01_news_datasets/03_Lai_tvbs_news_units.csv,1,,19226,req_50d52d507a9c45b19743645d72294bac,merged_deduped.csv,merged_deduped.csv,L1-04,宗教活動與婚禮，偏向人文與生活,,,宗教國際活動描述，無主權、威脅、認同或動員相關語彙,,L1-04,,L1-04,,L1-04,,1.0
_3e3f1755e49a,_3e3f1755e49a_u005,"侯友宜參拜「茄苳媽」,受到泰安宮總主委王子豪等人歡迎,市議員蔡育輝、方一峰、國民黨立委參選人周宏昌也到場相挺。",context,"侯友宜的民調老二、老三上上下下,郭台銘說下週三人可面談; 約了沒?","侯友宜說,全世界都說台灣最危險,因此國外投資減少,經濟下滑,「兩岸緊張,不穩定,一定相殺(意謂戰爭)」,可是民進黨執政至今,大家緊張死了,「有人喊台獨,有卡憨謀?」這次選舉很簡單,就是選個穩定的台灣,希望政黨輪替,變為清廉政府、兩岸穩定。","[{""name"": ""侯友宜"", ""party"": ""KMT""}, {""name"": ""國民黨"", ""party"": ""KMT""}]",[],False,,fa61d98bae34f40fc9feafbb97aad240,False,01_Ho_ltn_news,2023/8/26 12:24,"侯友宜參拜「茄苳媽」,受到泰安宮總主委王子豪等人歡迎,市議員蔡育輝、方一峰、國民黨立委參選人周宏昌也到場相挺。",True,cooccur: actor×institution,True,gate: actor×inst,False,KEEP,0.640429914,,,True,KEEP,01_news_datasets/01_Ho_ltn_news_units.csv,1,,22062,req_02d7fc37a7a746babee6fb63fb53a60b,merged_deduped.csv,merged_deduped.csv,L1-07,單純行程與人物描述，無政策或評價,,,宗教參拜、人物到場→無主權/威脅/動員等國族訊號,,L1-07,,L1-07,,L1-07,,1.0
_bea14b711220,_bea14b711220_u005,"離開台灣媽祖廟後,侯友宜一行出席將特別專程拜訪由近300名日本跨黨派國會議員組成的日華議員懇談會(簡稱日華懇)。",claim,"詹德薰今年4月接下日本關東地區信賴台灣之友會顧問書,6月初台灣民眾黨主席、總統參選人柯文哲拜訪該廟時,詹德薰出面接待時喊「凍蒜」,引起關注。","侯友宜是繼2007年總統參選人馬英九後,國民黨再次有總統參選人造訪日本各界。","[{""name"": ""侯友宜"", ""party"": ""KMT""}]",[],False,,fd7292ee4da12cc053063afdd04b1a00,False,01_Ho_chinatimes_news,2023-07-31 12:23:00,"離開台灣媽祖廟後,侯友宜一行出席將特別專程拜訪由近300名日本跨黨派國會議員組成的日華議員懇談會(簡稱日華懇)。",True,cooccur: actor×institution,True,gate: actor×inst,False,KEEP,0.481311023235321,,,False,KEEP,01_news_datasets/01_Ho_chinatimes_news_units.csv,1,,22328,req_da7f02468bba4344af9ef5712aeee5b0,merged_deduped.csv,merged_deduped.csv,L1-03,外交出訪、安全展示屬主權安全，非單純行政,,L2-01,以國家名義拜會日本國會跨黨派議員組織→主權行為展演L2-01；無其他明顯國族面向,,L1-03,L2-01,L1-03,L2-01,L1-03,L2-01,1.0
_af954b32dd5a,_af954b32dd5a_u002,"郭台銘宣布參選2024總統 展開連署行動 郭台銘今天舉行「主流民意大聯盟」記者會,並表示決定以總統參選人的身分,投入2024總統大選。",claim,"高金素梅透過臉書表示,她已宣布與無黨籍台東縣議員陳政宗聯手參選立委,任何事改變不了這個方向,總統大選這一票會投給符合期待的參選人。","高金素梅今天在臉書表示,7月14日時,她與陳政宗宣布聯手參選,爭取一起進入立法院籌組「原住民黨團」;",[],[],False,,287def67b82901fd1a0050f254d9cfb4,False,02_Ke_chinatimes_news,2023-08-28 11:26:00,"郭台銘宣布參選2024總統 展開連署行動 郭台銘今天舉行「主流民意大聯盟」記者會,並表示決定以總統參選人的身分,投入2024總統大選。",True,institution_only,True,gate: core_election,False,KEEP,0.4497623443603515,,,True,KEEP,01_news_datasets/02_Ke_chinatimes_news_units.csv,1,,3615,req_8076658e6a9640319f5d1b97b94afd26,merged_deduped.csv,merged_deduped.csv,L1-06,單純宣布參選與連署行動，屬政治程序,,L2-07,宣布參選總統、投入總統大選→國家最高職位競逐層級的政治動員→L2-07,,L1-06,,L1-06,,L1-06,,1.0
_03bf0af85fc8,_03bf0af85fc8_u002,"一夜激情過後,大家要記得,今天早點睡,明天早點起,帶著爸爸媽媽爺爺奶奶外公外婆吃個早點,然後走進投票所,投給1號柯文哲吳欣盈,政黨票投給12號台灣民眾黨,讓人民走進台北市重慶南路122號,一起  ,為這塊土地帶來  。",context,"謝謝你們的支持,我和台灣民眾黨,和大家一起走到這裡,我們在藍綠的夾殺下生存了下來,把希望改變的聲音傳達給全台灣,想對大家說的話很多,我帶著所有台灣民眾黨的黨工和優秀人才,千言萬語化作一句,謝謝大家。",,"[{""name"": ""柯文哲"", ""party"": ""TPP""}, {""name"": ""吳欣盈"", ""party"": ""TPP""}, {""name"": ""民眾黨"", ""party"": ""TPP""}]",[],False,,c5fa4a62de2680f2957857811a515236,False,02_Ke_X_datasets,2024-01-12 21:56:00,,,,,,,,,,,,,03_X_datasets/02_Ke_X_datasets_units.csv,2,,17404,req_43b7f6b9275148178b3c28f2fbc9f4a5,merged_deduped.csv,merged_deduped.csv,L1-07,動員投票與號召支持，非政策/道德,,L2-07,呼籲帶家人投票、一起為這塊土地帶來X→集體行動與願景動員→L2-07,,L1-07,L2-07,L1-07,L2-07,L1-07,L2-07,1.0
_aa519ac4d52f,_aa519ac4d52f_u012,"范雲表示,如果作為蔣家後代的蔣市長,真有誠意面對當年二二八事件中的受害者家屬,他可以立刻就回應受害者家屬長年訴求: 第一,蔣市長可以立刻要求台北市各級學校加速民主討論移除威權象徵。",claim,"因此,蔣萬安說:「身為台北市長,我深深為76年前發生在台北市大稻埕天馬茶房附近的緝菸事件,進而導致全台二二八事件的歷史傷痛,致上誠摯的歉意。」 范雲說,蔣萬安的談話很清楚,他只是跟著兩位前總統的腳步道歉,因為他只是那麼剛好的成為「台北市長」,所以他願意道歉。","第二,蔣市長可以立刻將台北市的各種中正廳、中正路改名,誠懇反省當年二二八事件中,寧可錯殺千人,也不願放過一人的兇殘。",[],[],False,,4adc667c8901d8bc1a043353adc5f951,False,01_Ho_ltn_news,2023/2/28 16:50,"范雲表示,如果作為蔣家後代的蔣市長,真有誠意面對當年二二八事件中的受害者家屬,他可以立刻就回應受害者家屬長年訴求: 第一,蔣市長可以立刻要求台北市各級學校加速民主討論移除威權象徵。",True,institution_only,False,,False,KEEP,0.653023243,,,True,REVIEW,01_news_datasets/01_Ho_ltn_news_units.csv,1,,6649,req_33f5b2a4eceb48d58f7050a7673ac3cf,merged_deduped.csv,merged_deduped.csv,L1-05,轉型正義與威權象徵處理，屬社會正義,,L2-04|L2-06|L2-07|L2-08,二二八事件+威權象徵→L2-04；民主討論→L2-08；治理應移除威權象徵→負面對比自豪L2-06；要求可立刻回應訴求→行動號召L2-07,,L1-06,L2-04|L2-08,L1-05,L2-04|L2-07|L2-08,L1-02,L2-04|L2-08,0.6666666666666666
_924c0e1b3839,_924c0e1b3839_u002,"由於美國通貨膨脹嚴重,民眾對於麥當勞漲價頗有感,昂貴的漢堡甚至已經成為了通膨的象徵。",context,,,[],[],False,,3b7eb0711ed94e617a5b4cb483aa445f,False,02_Ke_tvbs_news,2024-01-11 13:47:00,"由於美國通貨膨脹嚴重,民眾對於麥當勞漲價頗有感,昂貴的漢堡甚至已經成為了通膨的象徵。",True,institution_only,False,,False,REVIEW,0.1384997963905334,KEEP,0.101294457912445,True,REVIEW,01_news_datasets/02_Ke_tvbs_news_units.csv,1,,5252,req_a90ffdcdc2ca4f5abb3ec581853a541c,merged_deduped.csv,merged_deduped.csv,L1-01,主題為通膨與物價變動，排除施政管理,,,描述美國通膨與麥當勞漲價，純經濟現象，無主權、認同、威脅或動員語彙→無標籤,,L1-01,,L1-01,,L1-01,,1.0
_a06ebe28058a,_a06ebe28058a_u023,"當時領導學運的黃國昌拉住民進黨團總召柯建銘問:「院長的聲明,我們都看得懂,但這第三點是什麼意思?」柯說:「這句話是畫龍點睛,就是說會照你們的意思,你們可以撤出議場了。」 太陽花學運落幕後,王金平說,中共台灣研究所所長周志懷來台找他,問及學運經過,「他說一字,周志懷寫一字,再完整帶回中國大陸」。",claim,"王說,他在聲明中第三點提到「在兩岸協議監督條例草案完成立法前,將不召集兩岸服務貿易協議相關黨團協商會議」。","他在黨團協商幫國民黨安排,結果召委居然選擇審查都更條例,而讓陳其邁如獲至寶。","[{""name"": ""民進黨"", ""party"": ""DPP""}]",[],False,,1c0dee8fbdfe37a4b23294d6f6d832b2,False,02_Ke_ltn_news,2023-07-27 09:46:09,"當時領導學運的黃國昌拉住民進黨團總召柯建銘問:「院長的聲明,我們都看得懂,但這第三點是什麼意思?」柯說:「這句話是畫龍點睛,就是說會照你們的意思,你們可以撤出議場了。」 太陽花學運落幕後,王金平說,中共台灣研究所所長周志懷來台找他,問及學運經過,「他說一字,周志懷寫一字,再完整帶回中國大陸」。",True,cooccur: actor×institution,True,gate: actor×inst,False,KEEP,0.6776038408279419,,,False,KEEP,01_news_datasets/02_Ke_ltn_news_units.csv,1,,2516,req_3d80b80b8eb641eea1646e1374b04120,merged_deduped.csv,merged_deduped.csv,L1-06,描述學運與兩岸互動經過，偏程序政治,,L2-04|L2-05,太陽花學運（318）→L2-04；中共台灣研究所所長來台記錄學運→兩岸政治互動含威脅意涵→L2-05,,L1-06,L2-04,L1-06,L2-04,L1-06,L2-05,0.0
_ee375490e759,_ee375490e759_u010,民進黨目前還有台北市第3選區、新北市第9選區、桃園市第6選區、新竹縣第2選區、台中市第3選區、台中市第8選區、金門縣等7個選區待處理。,context,"前民進黨副秘書長林飛帆則因性平案涉督導不周,退選台北市第3選區(中山與北松山)。","賴清德日前在中執會上表示,希望全代會前能完成艱困選區的提名,全代會上一起造勢,進入選戰另個階段,一起打贏這場選戰。","[{""name"": ""民進黨"", ""party"": ""DPP""}]",[],False,,9428bd0490d870433e75a88869981ea3,False,02_Ke_chinatimes_news,2023-07-09 19:25:00,民進黨目前還有台北市第3選區、新北市第9選區、桃園市第6選區、新竹縣第2選區、台中市第3選區、台中市第8選區、金門縣等7個選區待處理。,True,cooccur: actor×institution,True,gate: actor×inst,False,REVIEW,0.3688277006149292,,,False,KEEP,01_news_datasets/02_Ke_chinatimes_news_units.csv,1,,13005,req_d7ce5b69617d40ad85958b3de6b84881,merged_deduped.csv,merged_deduped.csv,L1-06,談選區提名進度與黨務運作，屬治理管理,,,列舉選區、待處理→純組織選務，無主權/認同/威脅/動員等國族訊號,,L1-06,,L1-06,,L1-06,,1.0
_05a6ea111183,_05a6ea111183_u023,(譯者:蔡佳敏/核稿:陳亦偉)1120914 彭博專訪 賴清德:中國製造台海緊張 國際紅線就是台灣紅線 侯友宜接受彭博專訪 暢談中國、國防預算與半導體 總統:台灣不尋求軍事對抗 但隨時準備好捍衛民主生活方式 麻生太郎:嚇阻才能避免台海戰爭 台灣須向對手表達動武意志 葛來儀:無論誰成為台灣總統 北京都不會終止施壓 柯文哲與美代表團會面 強調台美關係不因誰執政改變 諾魯與台灣斷交 柯文哲:遺憾但不與中國惡性競爭 投資人權衡美國通膨數據 亞股走勢分歧 彭博2024最值得關注50家企業 台灣聯發科唯一上榜 2025/05/24 13:14 2025/05/23 10:31 2025/05/22 15:22 2025/05/21 19:20 2025/05/20 12:01 2025/05/20 11:57,claim,"他說,零溝通很容易造成軍事誤判,這將對台灣經濟帶來莫大影響。",,"[{""name"": ""賴清德"", ""party"": ""DPP""}, {""name"": ""侯友宜"", ""party"": ""KMT""}, {""name"": ""柯文哲"", ""party"": ""TPP""}]",[],False,,b29aee0bce288d642921f1eb7604a841,False,03_Lai_chinatimes_news,2023-09-14 12:26:00,"(譯者:蔡佳敏/核稿:陳亦偉)1120914 彭博專訪 賴清德:中國製造台海緊張 國際紅線就是台灣紅線 侯友宜接受彭博專訪 暢談中國、國防預算與半導體 總統:台灣不尋求軍事對抗 但隨時準備好捍衛民主生活方式 麻生太郎:嚇阻才能避免台海戰爭 台灣須向對手表達動武意志 葛來儀:無論誰成為台灣總統 北京都不會終止施壓 柯文哲與美代表團會面 強調台美關係不因誰執政改變 諾魯與台灣斷交 柯文哲:遺憾但不與中國惡性競爭 投資人權衡美國通膨數據 亞股走勢分歧 彭博2024最值得關注50家企業 台灣聯發科唯一上榜 2025/05/24 13:14 2025/05/23 10:31 2025/05/22 15:22 2025/05/21 19:20 2025/05/20 12:01 2025/05/20 11:57 本網站之文字、圖片及影音,非經授權,不得轉載、公開播送或公開傳輸及利用。",True,cooccur: actor×institution,True,gate: taiwanicity=4,True,KEEP,1.0,KEEP,1.0,True,KEEP,01_news_datasets/03_Lai_chinatimes_news_units.csv,1,,15702,req_fad4159539ac40b6ae145d73b25f7321,merged_deduped.csv,merged_deduped.csv,L1-03,台海緊張與戰爭威脅、嚇阻與防衛=安全,,L2-01|L2-02|L2-05|L2-06|L2-08,中國製造台海緊張、台海戰爭、北京施壓→L2-05；捍衛民主生活方式→L2-08；台美關係不因誰執政改變→L2-01；不與中國惡性競爭→L2-02；聯發科唯一上榜→L2-06,,L1-03,L2-01|L2-02|L2-05|L2-06|L2-08,L1-03,L2-01|L2-02|L2-05|L2-06|L2-08,L1-03,L2-01|L2-02|L2-05|L2-06|L2-08,1.0
_7f29d39f6722,_7f29d39f6722_u000,"動保政見挨批歧視原民柯文哲稱流程失誤 窩窩:有經民眾黨確認 2024/1/11 22:50 (1/12 07:56 更新) (中央社記者楊淑閔台北11日電)動保政見挨轟歧視原住民族,民眾黨總統候選人柯文哲指回應沒走智庫流程有失誤。",claim,,"公布3黨總統候選人動保政見的獨立媒體「窩窩」臉書貼文回應,民眾黨政策內容有經其黨部確認。","[{""name"": ""柯文哲"", ""party"": ""TPP""}, {""name"": ""民眾黨"", ""party"": ""TPP""}]",[],False,debate/manifesto,cdd4eb7b001e94d235a5ba44beec79d1,False,01_Ho_chinatimes_news,2024-01-11 22:50:00,"動保政見挨批歧視原民柯文哲稱流程失誤 窩窩:有經民眾黨確認 2024/1/11 22:50 (1/12 07:56 更新) (中央社記者楊淑閔台北11日電)動保政見挨轟歧視原住民族,民眾黨總統候選人柯文哲指回應沒走智庫流程有失誤。",True,cooccur: actor×institution,True,gate: actor×inst,False,KEEP,0.689919650554657,,,True,KEEP,01_news_datasets/01_Ho_chinatimes_news_units.csv,1,,18148,req_bef6d0bd07154d1da20bbf693afa2809,merged_deduped.csv,merged_deduped.csv,L1-06,政見爭議與流程說明，屬政策管理非道德評價,,,批評動保政見歧視原住民族→社會議題，無主權/認同/威脅/動員等國族訊號,,L1-02,,L1-06,,L1-06,L2-06,0.0
_df0fe7723c5c,_df0fe7723c5c_u011,"趙少康說,他的政見很簡單,就是兩大之間難為小,希望美中和睦相處,台灣也都與中美維持好關係,「台灣在中間能夠左右逢源,最符合台灣利益」。",claim,"趙少康說,一定會主張台灣和平,和平才是硬道理,如果能跟中國大陸說台灣不獨立,不要攻打台灣、戰機不要越過中線等,兩岸只要和平,錢一定進來。","針對交通違規記點新制引發計程車司機抗議,趙少康說,這是官逼民反,新制才上路半年多,已有高達80萬人因違規被記點,而民眾黨總統參選人柯文哲在台北市長任內連在郊區街道也設紅線,根本矯枉過正。","[{""name"": ""趙少康"", ""party"": ""KMT""}]",[],False,debate/manifesto,9fc8d9dcf6d29ba337e5f38361319ad2,False,02_Ke_chinatimes_news,2023-12-14 14:34:00,"趙少康說,他的政見很簡單,就是兩大之間難為小,希望美中和睦相處,台灣也都與中美維持好關係,「台灣在中間能夠左右逢源,最符合台灣利益」。",True,cooccur: actor×institution,True,gate: taiwanicity=2,True,KEEP,1.0,KEEP,1.0,True,KEEP,01_news_datasets/02_Ke_chinatimes_news_units.csv,1,,14059,req_334ccbea3d63406d850097db1126aa97,merged_deduped.csv,merged_deduped.csv,L1-06,兩岸與美中關係布局，主軸非威脅,,L2-01|L2-07,台灣在中間、維持與中美關係→主體性展演L2-01；最符合台灣利益→國家利益與願景→L2-07,,L1-06,L2-01|L2-07,L1-03,L2-01,L1-03,L2-01,0.5
_71c384656f79,_71c384656f79_u001,"〔記者吳書緯/台北報導〕台灣民意基金會21日發表總統大選民調,國民黨總統參選人侯友宜支持度僅剩13.6%,國民黨連日質疑民調公信力。",claim,台灣民意基金會董事長游盈隆29日舉行「2024總統大選的最新發展:兼回應各方疑惑」記者會。,"對此,台灣民意基金會董事長游盈隆今指出,侯友宜支持度自去年12月後開始連續4次崩跌,是他從1996年開始研究總統民調後首見,侯陣營不去看支持率低的原因、不反省情勢,反而質疑民調有問題,「這像是在打仗嗎?」 台灣民意基金會上週公佈總統大選民調,民進黨總統參選人賴清德支持度來到43.4%,侯友宜支持度暫下滑至13.6%,侯友宜競選辦公室今開記者會,質疑民調題目有「引導式」之嫌,為民進黨總統參選人賴清德提升表態意願、產生預示效果,對於該份民調的公信力打上問號。","[{""name"": ""侯友宜"", ""party"": ""KMT""}, {""name"": ""國民黨"", ""party"": ""KMT""}]",[],False,,dd89942f90e5abccc1ed1cb0b287c2fe,False,01_Ho_ltn_news,2023/8/29 16:22,"(記者劉信德攝) 2023/08/29 16:22 〔記者吳書緯/台北報導〕台灣民意基金會21日發表總統大選民調,國民黨總統參選人侯友宜支持度僅剩13.6%,國民黨連日質疑民調公信力。",True,cooccur: actor×institution,True,gate: taiwanicity=2,True,KEEP,1.0,KEEP,1.0,True,KEEP,01_news_datasets/01_Ho_ltn_news_units.csv,1,,19552,req_dd9c0638abf4437c97c9809085de51d8,merged_deduped.csv,merged_deduped.csv,L1-06,政黨質疑民調公信力，屬政策與制度,,L2-06,選舉民調、支持度起落→隱含國家應有更好治理標準→L2-06,,L1-06,L2-06,L1-06,L2-06,L1-06,L2-06,1.0
_d701f7876ccb,_d701f7876ccb_u001,"還有謠言說全國最大共識是下架民進黨,但許多民調顯示,民眾最支持民進黨執政。",claim,"(11/19 15:43 更新) (中央社記者蔡孟妤高雄19日電)民進黨總統參選人賴清德今天說,不論藍白都不是主流民意,所以才要為政黨利益結合;","賴清德今天上午出席「高雄市信賴台灣姊妹會成立大會」,並與民進黨高雄市8名立委參選人賴瑞隆、黃捷、李柏毅、邱議瑩、李昆澤、許智傑、邱志偉、林岱樺同台,呼籲選民總統、立委、政黨票支持民進黨。","[{""name"": ""民進黨"", ""party"": ""DPP""}]",[],False,,bed9b185587bf6a40554542c5c99a5ad,False,03_Lai_chinatimes_news,2023-11-19 12:23:00,"還有謠言說全國最大共識是下架民進黨,但許多民調顯示,民眾最支持民進黨執政。",True,cooccur: actor×institution,True,gate: actor×inst,False,KEEP,0.543087363243103,,,False,KEEP,01_news_datasets/03_Lai_chinatimes_news_units.csv,1,,16775,req_8424a7527c79454c9c5c468094ada643,merged_deduped.csv,merged_deduped.csv,L1-07,闡述民意與選舉支持，無政策面,,L2-06,批評「下架民進黨」+強調民進黨執政支持度→國家應有更好治理標準→L2-06；還有其他面向嗎？無主權/威脅/動員等明確訊號,,L1-07,L2-06,L1-07,L2-06,L1-07,L2-06,1.0
_c2bc71734d0c,_c2bc71734d0c_u009,(編輯:蘇龍麒)1120809 侯友宜不排斥侯習會 促賴清德說清楚贊成或反對台獨 傳柯侯郭下週見面 侯友宜:謝謝關心 出席823追思 侯友宜:要盡一切可能避免戰爭 掛合體看板造勢 陳玉珍侯友宜十指緊扣高喊加油,claim,"侯辦指出,拍照現場氣氛輕鬆歡樂,台北市立委參選人羅智強和侯友宜討論位置怎麼站,更能符合之後的文宣設計。",,"[{""name"": ""賴清德"", ""party"": ""DPP""}, {""name"": ""侯友宜"", ""party"": ""KMT""}]",[],True,campaigning,80e7578ae99b3a74f242b7b7344633f1,False,02_Ke_chinatimes_news,2023-08-09 20:25:00,"(編輯:蘇龍麒)1120809 侯友宜不排斥侯習會 促賴清德說清楚贊成或反對台獨 傳柯侯郭下週見面 侯友宜:謝謝關心 出席823追思 侯友宜:要盡一切可能避免戰爭 掛合體看板造勢 陳玉珍侯友宜十指緊扣高喊加油 本網站之文字、圖片及影音,非經授權,不得轉載、公開播送或公開傳輸及利用。",True,cooccur: actor×institution,True,gate: actor×inst,False,KEEP,0.5812931656837463,,,False,KEEP,01_news_datasets/02_Ke_chinatimes_news_units.csv,1,,11337,req_b66ad34c24e14125a052b4dff0c405db,merged_deduped.csv,merged_deduped.csv,L1-03,提到避免戰爭與兩岸會面，屬安全,,L2-05|L2-07,「造勢」「高喊加油」→動員號召→L2-07；「避免戰爭」→共同威脅（戰爭風險）→L2-05,,L1-03,L2-05|L2-07,L1-03,L2-05|L2-07,L1-03,L2-05|L2-07,1.0
_2c5f37a9b9c1,_2c5f37a9b9c1_u008,"話鋒一轉,張建榮說,接下來的總統和立委大選,應早點規劃,但請國民黨也要早一點提名,拖越久就越糟,歹棚拖久會被民進黨一直打壓,希望朱主席早一點整合出強棒。",claim,"團拜之前,朱立倫接受媒體聯訪指出,待南投立委勝選之後,再來討論立委人選,這段時間也會請宜蘭縣黨部主委和地方同志團結起來讓更多人支持國民黨,奠定良好的勝選基礎。","林姿妙則深深一鞠躬致謝,謝謝大家在縣長選舉全力支持,未來四年,一起努力,拚出宜蘭好生活,讓宜蘭的經濟、交通、文化、觀光、士農工商發展都更好。","[{""name"": ""民進黨"", ""party"": ""DPP""}, {""name"": ""國民黨"", ""party"": ""KMT""}]",[],False,,f90850f3a55d91826cd98938c316a2cc,False,03_Lai_ltn_news,2023-02-02 16:54:03,"話鋒一轉,張建榮說,接下來的總統和立委大選,應早點規劃,但請國民黨也要早一點提名,拖越久就越糟,歹棚拖久會被民進黨一直打壓,希望朱主席早一點整合出強棒。",True,cooccur: actor×institution,True,gate: actor×inst,False,KEEP,0.5613481402397156,,,True,KEEP,01_news_datasets/03_Lai_ltn_news_units.csv,1,,21941,req_5fb805681f294079a096ebf93592da51,merged_deduped.csv,merged_deduped.csv,L1-06,選舉與提名程序屬政黨治理,,,選舉規劃與提名、整合強棒→政黨選戰技術，無國族層次訴求,,L1-06,,L1-06,L2-07,L1-06,L2-05|L2-07,0.0
_4eafb886c22b,_4eafb886c22b_u029,"維持台海的和平穩定,是我擔任總統的重要使命。",context,"第四,亟待解決的重大議題,例如勞保、健保的財務永續,我會建立政策溝通平台,來擴大討論基礎,廣納民意參與,跨越政黨鴻溝,尋求社會的最大公約數。","我將依照中華民國的憲政體制,不卑不亢,維持現狀,在對等尊嚴的前提下,用交流取代圍堵,對話取代對抗,自信的和中國展開交流合作,增進兩岸人民的福祉,達到和平共榮的目標。",[],[],False,,5a401df4591a052d6cb2cd4dee63d175,False,02_Ke_chinatimes_news,2024-01-13 20:47:00,"維持台海的和平穩定,是我擔任總統的重要使命。",True,institution_only,True,gate: taiwanicity=2,True,KEEP,1.0,KEEP,1.0,True,KEEP,01_news_datasets/02_Ke_chinatimes_news_units.csv,1,,7969,req_c06fca7a36914952be96394a43e40ac4,merged_deduped.csv,merged_deduped.csv,L1-03,兩岸和平與安全威脅，排除單純政策管理,,L2-05,台海和平穩定為使命→兩岸安全風險隱含威脅→L2-05,,L1-03,L2-05|L2-07,L1-03,L2-01|L2-05,L1-03,L2-05,0.3333333333333333
_88bbe3d7ce95,_88bbe3d7ce95_u008,"賴清德也說,中國透過大外宣,將台灣的2024大選定位為戰爭跟和平的選舉,可惜在野黨也呼應這口號,但這場選舉無論從國際或是台灣民眾角度來看,都非戰爭與和平的選擇,而是在民主與專制的十字路口上做選擇。",claim,"第二是美國反對中國利用文攻武嚇、威脅利誘等各種手段在台灣扶植親中政權,因為這無助台灣未來發展,也影響印太地區的和平穩定,絕非國際社會之福。","他強調,相較其他參選人,他若當選總統,最能夠守護國家安全與國家利益,且已經奠基在蔡總統4大堅持之上,提出和平4大支柱行動方案,包括強化國防國安力量、強化台灣經濟實力、強化台灣與民主陣營關係,以及只要中國能顧及台灣尊嚴與對等,願意伸出橄欖枝與中國對話合作。","[{""name"": ""賴清德"", ""party"": ""DPP""}]",[],False,,7c38de8c86ca65cb15f05cdc12c0b3af,False,02_Ke_chinatimes_news,2023-11-14 22:11:00,"賴清德也說,中國透過大外宣,將台灣的2024大選定位為戰爭跟和平的選舉,可惜在野黨也呼應這口號,但這場選舉無論從國際或是台灣民眾角度來看,都非戰爭與和平的選擇,而是在民主與專制的十字路口上做選擇。",True,cooccur: actor×institution,True,gate: actor×inst,False,KEEP,0.6504045724868774,,,True,KEEP,01_news_datasets/02_Ke_chinatimes_news_units.csv,1,,10930,req_2fabd271d10b45f4a32b9f277db50839,merged_deduped.csv,merged_deduped.csv,L1-06,民主vs專制價值選擇，非程序治理,,L2-05|L2-08,戰爭與和平選舉框架→L2-05；民主與專制十字路口→L2-08,,L1-03,L2-05|L2-08,L1-06,L2-05|L2-08,L1-03,L2-05|L2-08,1.0
_89237d5175e4,_89237d5175e4_u016,"他也說,台灣應該要由清廉、勤政、愛民、愛鄉土的政府來帶領,讓人民迎向光明希望;",claim,"在對等、尊嚴的條件下促進兩岸和平,增加彼此善意。","一起期待更團結的台灣、更清廉的政府、更公平正義的社會、更共融永續的未來,期待並迎接改變,讓2024成為翻轉台灣命運的轉捩點。",[],[],False,,baf0d50ca9af97986024ab359bed7ed3,False,02_Ke_chinatimes_news,2023-05-20 11:42:00,"他也說,台灣應該要由清廉、勤政、愛民、愛鄉土的政府來帶領,讓人民迎向光明希望;",True,institution_only,False,,False,KEEP,0.5906192660331726,,,False,REVIEW,01_news_datasets/02_Ke_chinatimes_news_units.csv,1,,16437,req_bf0ab8e8083a4f18b36da4f83822f4a0,merged_deduped.csv,merged_deduped.csv,L1-02,強調政府須清廉勤政愛民=品格要求，非政策設計,,L2-06|L2-07,批評現況隱含台灣值得更好治理→L2-06；應該要由…政府帶領、迎向光明希望→行動/願景動員→L2-07,,L1-02,L2-06|L2-07,L1-02,L2-06|L2-07,L1-02,L2-06|L2-07,1.0
_eea4edf57862,_eea4edf57862_u006,"苗博雅去年底獲深藍背景的永康商圈理事長李慶隆有條件支持,但李日前發聲明表態反對廢死,昨更與羅智強合體掃街拜票,讓外界認為羅拔樁。",claim,"苗說,只要羅敢站上辯論台,要問任何問題絕對都讓羅問到飽,建議兩人在選舉最後5天舉辦辯論,不限時間、地點、主題,雙方舉行光明磊落的辯論,「看看羅智強這個空心強是不是空到只剩下廢死」。","對此苗表示,李慶隆講得很清楚,就算親如夫妻兄弟也不可能意見百分百相同,應該求同存異支持最適合大安區的候選人,李支持他的立場不變。",[],[],True,campaigning,6c6a37fb9fc9014f984a3a243c980d9a,False,01_Ho_ltn_news,2024/1/8 20:09,"苗博雅去年底獲深藍背景的永康商圈理事長李慶隆有條件支持,但李日前發聲明表態反對廢死,昨更與羅智強合體掃街拜票,讓外界認為羅拔樁。",True,institution_only,True,gate: 2 inst terms,False,KEEP,0.621826589,,,False,KEEP,01_news_datasets/01_Ho_ltn_news_units.csv,1,,9507,req_4e3184964b694a729b8483c9ea8fdb5d,merged_deduped.csv,merged_deduped.csv,L1-07,描述選戰動態與樁腳挖角，屬情緒/攻防,,,地方選舉人物互動、掃街拜票，無主權/認同/威脅/動員等國族訊號→不觸發任何L2,,L1-07,,L1-07,,L1-06,,1.0
_8450bc5b26de,_8450bc5b26de_u004,"藍白在「君悅飯店」事件後各自歸隊,下週開始進行民調,會比較具有參考價值。",context,"侯康配啟動大型造勢 強化空戰全力催票 柯盈配造勢鞏固都會區 黃國昌巡講分進合擊 黨內人士評估,立委過半很難,但不是沒有機會,估計立委激戰區約15個選區,民進黨已經著手每兩天1區,針對激戰區進行民調,評估優劣勢,加強輔選力道。","選前最後衝刺,民進黨規劃在全台舉辦超過20場大型造勢,包括多個立委激戰區所在的新北市等縣市都將加場,全力催票,讓席次極大化。",[],[],False,,f92e4cccd947017b121bbe90e497afe1,False,02_Ke_chinatimes_news,2023-12-02 15:38:00,"藍白在「君悅飯店」事件後各自歸隊,下週開始進行民調,會比較具有參考價值。",True,cooccur: actor×institution,True,gate: actor×inst,False,DROP,0.1449766159057617,,,False,KEEP,01_news_datasets/02_Ke_chinatimes_news_units.csv,1,,21955,req_e1b59a40cfe3416d94e1b2d44fdbe235,merged_deduped.csv,merged_deduped.csv,L1-06,選情與民調技術性描述，屬政策/程序,,,選舉民調、造勢語境→僅選舉技術評述，無主權/認同/威脅/動員等國族訊號,,L1-06,,L1-06,,L1-06,,1.0
_c45f5b0291d4,_c45f5b0291d4_u000,"(12/21 21:01 更新) (中央社記者黃旭昇新北21日電)民進黨新北市議員戴瑋姍今天批評立委第6選區國民黨參選人林國春,競選看板破壞市容,且問政有爭議,不適格擔任立委。",claim,,"新北市立委第6選區(板橋西區)共3名參選人,包括黃淑珍(司法改革黨)、林國春(國民黨)、與爭取連任的張宏陸(民進黨)。","[{""name"": ""民進黨"", ""party"": ""DPP""}, {""name"": ""國民黨"", ""party"": ""KMT""}, {""name"": ""綠營"", ""party"": ""DPP""}]",[],False,,5c382335493d09deb2973c3755b364bb,False,02_Ke_chinatimes_news,2023-12-21 19:30:00,"綠營批競選看板破壞市容 林國春:熱心民眾提供 2023/12/21 19:30 (12/21 21:01 更新) (中央社記者黃旭昇新北21日電)民進黨新北市議員戴瑋姍今天批評立委第6選區國民黨參選人林國春,競選看板破壞市容,且問政有爭議,不適格擔任立委。",True,cooccur: actor×institution,True,gate: actor×inst,False,KEEP,0.5585671663284302,,,True,KEEP,01_news_datasets/02_Ke_chinatimes_news_units.csv,1,,8117,req_18997310effe4a1489c2144fab8017f4,merged_deduped.csv,merged_deduped.csv,L1-02,評價候選人適格性與表現屬道德,,,批評個人參選人市容與問政表現，無國族、主權、認同、威脅或動員語彙→不觸發L2,,L1-02,,L1-02,,L1-02,,1.0
_871af39a2922,_871af39a2922_u012,"柯文哲說,中共面對要不要換九二共識這個名字沒有馬上反對,根據他的相處經驗,「中國大陸從來不會說yes(好的),他說yes的方法是keep silent(保持安靜)」,若不同意反而會當場說不。",claim,"柯文哲說,大陸也是把九二共識當符號,如果是他會跟中國講,九二共識已經被污名化,若拿出來講大家都不高興,是否換個名字來解決,不要拘泥九二共識這個名字,並比喻「有人打盤尼西林就是會過敏」,建議換另一帖藥試試。","柯文哲坦言,最近民調下降困境是預料中的事,一來副手吳欣盈比較沒知名度,再者是民眾黨的動員能力。","[{""name"": ""柯文哲"", ""party"": ""TPP""}]",[],False,,e2398feb15bdf8a8971e1ee58cf657fd,False,02_Ke_chinatimes_news,2023-12-13 21:47:00,"柯文哲說,中共面對要不要換九二共識這個名字沒有馬上反對,根據他的相處經驗,「中國大陸從來不會說yes(好的),他說yes的方法是keep silent(保持安靜)」,若不同意反而會當場說不。",True,cooccur: actor×institution,True,gate: actor×inst,False,KEEP,0.5758380889892578,,,False,KEEP,01_news_datasets/02_Ke_chinatimes_news_units.csv,1,,19936,req_bf2abd6b02ed4871911b81456372ffe3,merged_deduped.csv,merged_deduped.csv,L1-06,談九二共識互動機制屬政策協商非安全威脅,,,描述中共談判風格、無主權宣示/威脅/動員→無符合標籤,,L1-06,,L1-06,,L1-06,,1.0
_5f24caba28ab,_5f24caba28ab_u007,(編輯:翟思嘉)1120626 賴清德:放棄主權的和平是假和平 籲支持守護主權者 侯友宜不排斥侯習會 促賴清德說清楚贊成或反對台獨 賴清德YT新節目化身髮型設計師 被讚頭髮很漂亮,claim,"賴清德競選辦公室發言人郭雅慧表示,兩位設計師活潑的風格與穩健的台風呈現出台灣新世代澎湃能量,因此特別邀請兩位年輕人一起拍攝、一起「挺台灣」。",,"[{""name"": ""賴清德"", ""party"": ""DPP""}, {""name"": ""侯友宜"", ""party"": ""KMT""}]",[],False,,8d202386d4d35b703159cc9f14556b5e,False,02_Ke_chinatimes_news,2023-06-26 13:59:00,"(編輯:翟思嘉)1120626 賴清德:放棄主權的和平是假和平 籲支持守護主權者 侯友宜不排斥侯習會 促賴清德說清楚贊成或反對台獨 賴清德YT新節目化身髮型設計師 被讚頭髮很漂亮 本網站之文字、圖片及影音,非經授權,不得轉載、公開播送或公開傳輸及利用。",True,cooccur: actor×institution,True,gate: actor×inst,False,KEEP,0.5700312852859497,,,True,KEEP,01_news_datasets/02_Ke_chinatimes_news_units.csv,1,,12400,req_7c58b532f98c488780679748b43b959b,merged_deduped.csv,merged_deduped.csv,L1-03,主權與和平、侯習會兩岸安全議題,,L2-01|L2-05|L2-07,放棄主權、守護主權→L2-01；假和平威脅→L2-05；籲支持守護主權者→L2-07,,L1-03,L2-01|L2-05|L2-07,L1-03,L2-01|L2-07,L1-03,L2-01|L2-07,0.6666666666666666
_84e6262bcd0e,_84e6262bcd0e_u001,"首次上稿 10:06更新時間 13:24 〔特派記者陳昀/隨行採訪報導〕為祝賀我國南美洲友邦巴拉圭新任總統貝尼亞就職,副總統賴清德12日以總統特使身分率團啟程前往巴國,美東時間12日晚間抵達紐約過境,由美國在台協會(AIT)執行理事藍鶯(Ingrid Larson)和駐美代表蕭美琴共同上機迎接賴清德。",context,"副總統賴清德抵達紐約過境,美國在台協會(AIT)執行理事藍鶯(Ingrid Larson)和駐美代表蕭美琴上機迎接。","AIT主席羅森伯格因參加妹妹婚禮未能親自前來接機,但她繼昨天在X發文表達歡迎之後,今再度發文PO出藍鶯接機照片並表示,歡迎副總統賴清德過境紐約,很榮幸由藍鶯代表她前往接待代表團,期待在舊金山會面。","[{""name"": ""賴清德"", ""party"": ""DPP""}, {""name"": ""蕭美琴"", ""party"": ""DPP""}]",[],False,,68f9939a01d0a03e9c69b6fa21f5c704,False,01_Ho_ltn_news,2023/8/13 13:24,"(圖擷取自羅森伯格X) 2023/08/13 13:24 首次上稿 10:06更新時間 13:24 〔特派記者陳昀/隨行採訪報導〕為祝賀我國南美洲友邦巴拉圭新任總統貝尼亞就職,副總統賴清德12日以總統特使身分率團啟程前往巴國,美東時間12日晚間抵達紐約過境,由美國在台協會(AIT)執行理事藍鶯(Ingrid Larson)和駐美代表蕭美琴共同上機迎接賴清德。",True,cooccur: actor×institution,True,gate: actor×inst,False,KEEP,0.472888827,,,True,KEEP,01_news_datasets/01_Ho_ltn_news_units.csv,1,,9202,req_e458e497b1484b0e9a35825a17b48105,merged_deduped.csv,merged_deduped.csv,L1-03,邦交與過境外交、安全再生產→排除純行政,,L2-01,我國友邦、總統特使身分率團出訪→以國家名義行動=主權展演→L2-01；外交出訪但無國際規範論證→不標L2-03,,L1-03,L2-01,L1-03,L2-01|L2-03,L1-03,L2-01,0.5
_2c5f37a9b9c1,_2c5f37a9b9c1_u005,"團拜之前,朱立倫接受媒體聯訪指出,待南投立委勝選之後,再來討論立委人選,這段時間也會請宜蘭縣黨部主委和地方同志團結起來讓更多人支持國民黨,奠定良好的勝選基礎。",claim,"〔記者蔡昀容/宜蘭報導〕國民黨主席朱立倫今(2日)至宜蘭縣黨部新春團拜,謝謝黨員支持,贏得地方選舉勝利,期許大家繼續團結一致,讓國民黨2024年重返執政,至於接下來宜蘭立委選舉人選,待南投立委補選完再討論。","話鋒一轉,張建榮說,接下來的總統和立委大選,應早點規劃,但請國民黨也要早一點提名,拖越久就越糟,歹棚拖久會被民進黨一直打壓,希望朱主席早一點整合出強棒。","[{""name"": ""國民黨"", ""party"": ""KMT""}]",[],False,,0acf6b1b9c62427862733638d2381270,False,03_Lai_ltn_news,2023-02-02 16:54:03,"團拜之前,朱立倫接受媒體聯訪指出,待南投立委勝選之後,再來討論立委人選,這段時間也會請宜蘭縣黨部主委和地方同志團結起來讓更多人支持國民黨,奠定良好的勝選基礎。",True,cooccur: actor×institution,True,gate: actor×inst,False,KEEP,0.6536239385604858,,,True,KEEP,01_news_datasets/03_Lai_ltn_news_units.csv,1,,980,req_81f33d73aee74703847c83d63946a371,merged_deduped.csv,merged_deduped.csv,L1-06,談選舉與黨務運作，屬政府管理,,L2-07,「團結起來讓更多人支持國民黨」「奠定良好的勝選基礎」→選舉動員與願景→L2-07,,L1-06,L2-07,L1-07,L2-07,L1-07,L2-07,1.0
_3add653665f2,_3add653665f2_u007,"最近政府推出打詐,都是根據當前詐騙事件修改法令,希望事件不要再發生,尤其是資料保護法修法等,確保個資不流出。",context,"至於詐騙問題,賴清德說,政府現階段關注系統性詐騙,而且是不擇手段,才是目前國人最關注的,未來會持續打擊黑金槍毒詐,生活在這塊土地的同胞才能感受到安全;","總會長林鼎鈞也問賴清德,總統大選如何說服年輕人投票,賴清德說,他不是第一次參選,行政院長任內解決產業發展五缺問題,提出2兆投資方案,譬如用水,比起2018年每天增加175萬噸,土地釋出1700公頃,多出320公頃工業區,甚至立法拍賣工業區土地,北部找不到土地,立體化給予容積獎勵50%,解決生產需要,人力人才也是這樣,大家不妨比較馬前總統、蔡總統政績。",[],[],False,,abdf6104e197ed5efa27bd74db2d7f68,False,03_Lai_ltn_news,2023-08-05 21:44:28,"最近政府推出打詐,都是根據當前詐騙事件修改法令,希望事件不要再發生,尤其是資料保護法修法等,確保個資不流出。",True,institution_only,True,gate: 2 inst terms,False,REVIEW,0.2561493515968323,,,False,KEEP,01_news_datasets/03_Lai_ltn_news_units.csv,1,,15121,req_96e8120a68dc4a3dbc9a94b748f73a59,merged_deduped.csv,merged_deduped.csv,L1-06,主題=政府修法打詐之政策機制，非經濟等,,,打擊詐騙、確保安全→國家治理但無主權/認同/動員等國族訊號,,L1-06,L2-06,L1-06,L2-05,L1-06,,0.0
_1ad54b1fe1ea,_1ad54b1fe1ea_u001,"民眾黨總統參選人柯文哲昨天登記後,今天上午出席活動,但未回應媒體提問相關議題。",claim,"(11/25 15:02 更新) (中央社記者賴于榛台北25日電)台灣民眾黨前基隆市議員候選人徐佑昇宣布退黨,並提出多項批評。","前基隆議員候選人徐佑昇爆3內幕 宣布退民眾黨 柯文哲昨天與副手搭檔吳欣盈趕在最後一天登記參與總統大選,他今天在特勤人員維安下,出席在台大國際會議中心舉辦的台灣體外維生系統學會會員大會。","[{""name"": ""柯文哲"", ""party"": ""TPP""}, {""name"": ""民眾黨"", ""party"": ""TPP""}]",[],False,,a04346a33f47ab4473bba25c6931360f,False,02_Ke_chinatimes_news,2023-11-25 12:12:00,"民眾黨總統參選人柯文哲昨天登記後,今天上午出席活動,但未回應媒體提問相關議題。",True,cooccur: actor×institution,True,gate: actor×inst,False,REVIEW,0.3180144429206848,,,True,KEEP,01_news_datasets/02_Ke_chinatimes_news_units.csv,1,,14099,req_6a43468e1cf5425182dc6d7785136d12,merged_deduped.csv,merged_deduped.csv,L1-07,單純記述行程與受訪狀況，無政策/價值,,,僅描述候選人登記與出席活動，無主權、認同、威脅或動員等國族建構訊號→不標,,L1-06,,L1-07,,L1-06,,1.0
_a7fb3b3b895a,_a7fb3b3b895a_u000,"教育部今(29日)在行政院會陳報「拉近公私立學校學雜費差距及其配套措施方案」報告,除了私立大專生學費每年補助3.5萬外,也擴大經濟弱勢學生的補助,除了既有家庭所得在70萬以下的學生,定額減免學雜費2萬之外,再新增家庭年所得在70-90萬的級距,定額減免學雜費1.5萬。",context,,教育部今(29日)在行政院會陳報「拉近公私立學校學雜費差距及其配套措施方案」報告。,[],"[""院會|procedure""]",True,,8b3fd682dcf4c74f9949ce445e1e7bfc,False,01_Ho_tvbs_news.csv,2023-06-29 13:19:00,"教育部今(29日)在行政院會陳報「拉近公私立學校學雜費差距及其配套措施方案」報告,除了私立大專生學費每年補助3.5萬外,也擴大經濟弱勢學生的補助,除了既有家庭所得在70萬以下的學生,定額減免學雜費2萬之外,再新增家庭年所得在70-90萬的級距,定額減免學雜費1.5萬。",True,institution_only,True,gate: core_election,True,KEEP,1.0,KEEP,1.0,True,KEEP,01_news_datasets/01_Ho_tvbs_news_units.csv,1,,12250,req_d240c436dc324d05830fdc093036f43a,merged_deduped.csv,merged_deduped.csv,L1-06,主題為補助政策設計與配套，非單純弱勢處境,,L2-07,教育補助、弱勢學生資源分配→可能屬國家照顧願景→L2-07？無其他主權/威脅/認同訊號,,L1-06,,L1-06,,L1-06,,1.0
_e77b6cf01770,_e77b6cf01770_u007,"黃士修指出,未來主流民意大聯盟會召開一系列政策記者會,對於這次被無端捲入的家暴受害者,也建議楊志良公開道歉,然後將重點拉回政策討論,這正是主流民意大聯盟的功能之一,也是郭台銘參選總統的國政理念。",claim,"楊志良在造勢場合過度簡化的連結引起輿論爭議,社會應該重視的是當天提到的輕生、自殘、家暴等問題。","對於楊志良的說法,國民黨立法院黨團首席副書記長李德維則表示,楊志良是一位大砲型的人物,也許講話快人快語,思考沒有周全。",[],[],False,,01567c56efa6c8ea77c8d63f74bce7d9,False,01_Ho_chinatimes_news,2023-08-28 14:52:00,"黃士修指出,未來主流民意大聯盟會召開一系列政策記者會,對於這次被無端捲入的家暴受害者,也建議楊志良公開道歉,然後將重點拉回政策討論,這正是主流民意大聯盟的功能之一,也是郭台銘參選總統的國政理念。",True,institution_only,True,gate: core_election,False,KEEP,0.6520445942878723,,,True,KEEP,01_news_datasets/01_Ho_chinatimes_news_units.csv,1,,134,req_4b553f071c094617a34d60cad20f6c59,merged_deduped.csv,merged_deduped.csv,L1-02,主題為道歉與不當發言責任，排除情緒,,,造勢/參選總統/國政理念→可能集體願景；無主權、威脅、民主等明確訊號,,L1-02,,L1-06,,L1-06,,1.0
_2b9a05fa3999,_2b9a05fa3999_u005,"陳時中說,日治時期,鼓山亭遷建的時候,阿公陳冠雄出了很多力氣,中堂其中一塊匾額上就有他阿公「陳冠雄」題名,如今疫情過去,他特地來致贈一塊匾額,希望大家平平安安。",claim,"陳時中表示,今天有回娘家的感覺,大家知道他是苓雅寮的人,他太太也是苓雅寮的人,也住過這裡,很高興在防疫剛剛過的時候來這裡揭牌,希望疫後新生活能愈來愈興盛、愈來愈繁華,「疫情已經過了,希望經濟能再復甦」!",,[],[],False,,60bc1ba55ce583a83a3c66472e9b793a,False,02_Ke_ltn_news,2023-05-04 11:16:04,"陳時中說,日治時期,鼓山亭遷建的時候,阿公陳冠雄出了很多力氣,中堂其中一塊匾額上就有他阿公「陳冠雄」題名,如今疫情過去,他特地來致贈一塊匾額,希望大家平平安安。",True,institution_only,False,,False,KEEP,0.4963758587837219,,,False,REVIEW,01_news_datasets/02_Ke_ltn_news_units.csv,1,,8497,req_bfbb3ded8b884df3a9ab1e16683c3e6e,merged_deduped.csv,merged_deduped.csv,L1-04,講個人與地方情感與祝福，偏人文,,L2-04,日治時期+祖輩貢獻敘事→L2-04；祈願大家平平安安偏宗教祝福，無明確國族動員→其他不標,,L1-07,L2-04,L1-04,L2-04,L1-04,,0.0
_15c486da051c,_15c486da051c_u003,"就職典禮當地時間15日上午,在巴拉圭總統府後廣場舉行,賴副總統在現場與多位國家政要互動寒暄,包括率領美方代表團的美國內政部長哈蘭(Deb Haaland),兩人握手交談一分多鐘,哈蘭還主動邀請合照。",context,"潘尼亞就職演說兩次提台灣 強調兄弟情誼進一步合作 賴清德出席巴拉圭總統潘尼亞就職典禮 各國政要同場 賴副總統12日至18日以特使身分率團出席友邦巴拉圭共和國新任總統潘尼亞(Santiago Peña Palacios,另譯:貝尼亞)、副總統阿里亞納(Pedro Alliana,另譯亞力安納)就職典禮,此行共計7天6夜,去程過境美國紐約,回程過境美國舊金山。","賴副總統與摩洛哥眾議長比鄰而坐,去年出席宏都拉斯總統就職典禮的西班牙國王菲利佩六世(Felipe VI)則坐在賴副總統前側,兩人再次見面互動親切;",[],[],False,,3d68f1c5598a133ef12f8cf97469c8b3,False,03_Lai_chinatimes_news,2023-08-15 23:34:00,"就職典禮當地時間15日上午,在巴拉圭總統府後廣場舉行,賴副總統在現場與多位國家政要互動寒暄,包括率領美方代表團的美國內政部長哈蘭(Deb Haaland),兩人握手交談一分多鐘,哈蘭還主動邀請合照。",True,cooccur: actor×institution,True,gate: taiwanicity=2,True,KEEP,1.0,KEEP,1.0,True,KEEP,01_news_datasets/03_Lai_chinatimes_news_units.csv,1,,5427,req_da5462414c92443b89bbb3aaf29a6268,merged_deduped.csv,merged_deduped.csv,L1-03,外交場合互動，屬安全與主權再生產，排除施政管理,,L2-01,以副總統身分出席他國就職、與各國政要互動→主權行為展演→L2-01；無其他國族面向明顯訊號,,L1-03,L2-01,L1-03,L2-01,L1-03,L2-01,1.0
副总统辩论_4c7494876048,副总统辩论_4c7494876048_u088,"另外,一方面又在挑战宪政体制跟备位元首的宪政角色那让人不禁担心你对这个职位物的定位跟态度到底是什么会不会造成宪政危机?",context,甚至还提出战斗蓝自己的政见跟侯友宜竞选总部市长所提出的政见又不太一样。,"吴欣盈: 我想我们应该称呼这位侯先生在场,因为大家都知道赵先生的口误其实就是把自己当成总统候选人像。","[{""name"": ""赖清德"", ""party"": ""DPP""}]",[],False,,e28c02e92462b9ab0fb440c2b93e4a5f,False,副总统辩论,,"另外,一方面又在挑战宪政体制跟备位元首的宪政角色那让人不禁担心你对这个职位物的定位跟态度到底是什么会不会造成宪政危机?",True,institution_only,False,,False,KEEP,0.587144196,,,False,REVIEW,02_conference_datasets/vice_president_units.csv,3,,19962,req_de04d909920d4bc9aca2ab33bae7a176,merged_deduped.csv,merged_deduped.csv,L1-02,"批評挑戰憲政體制與職位態度屬道德評價,非程序說明",,L2-05,挑戰憲政體制、備位元首、憲政危機→國家體制受威脅→L2-05,,L1-06,L2-05,L1-06,L2-05,L1-06,L2-05,1.0
_3121eb78942a,_3121eb78942a_u007,"但許多立委卻無意願為北市府添光,不出席里長座談,對案件解決也不夠積極。",context,"侯漢廷今早發聲明表示,由於各方勸進,加上有想完成的工作與使命,絕對會贏得最後的勝利,完成下架貪腐政權,政黨輪替並且建設地方的使命。","侯漢廷也批評現任士北區現任立委吳思瑤,「士林北投立委,如果不為士林北投爭取建設,不與地方政府合作解決難題,還有資格擔任士林北投立委嗎?」侯認為,人民需要的,是真正為地方喉舌的代議士,而非為惡官與國家機器的代言人,過去這幾年下來,吳思瑤正是扮演後者的角色,謹守黨意,不顧民意,強推萊豬,興弊除利,士北居民天怒人怨,若沒有夠強力的人選,要下架她談何容易?",[],[],False,,80cf3e50a2b62f1eef6ccda8b6d626f7,False,02_Ke_ltn_news,2023-08-21 10:32:38,"但許多立委卻無意願為北市府添光,不出席里長座談,對案件解決也不夠積極。",True,institution_only,True,gate: core_election,False,REVIEW,0.3960024714469909,,,True,KEEP,01_news_datasets/02_Ke_ltn_news_units.csv,1,,11327,req_92ccef141f58469d851a597bcbba7205,merged_deduped.csv,merged_deduped.csv,L1-06,批評立委不積極服務地方，屬治理表現非道德貪腐,,L2-06|L2-07,批評立委不積極解決案件→隱含地方/國家治理應更好→L2-06；隱含需換人、下架→行動召喚→L2-07,,L1-06,L2-06|L2-07,L1-02,L2-06,L1-06,L2-06,0.5
副总统辩论_a4a3572e071e,副总统辩论_a4a3572e071e_u594,"吴欣盈: 那我是虽然很赞成推动再生能源, 但是再生能源的稳健发展不能是决于这个二零二五年非核家园会,这个强制停用核电来强迫风电 光电快速发展。",context,"弥补一些缺口,拼命发展再生能源那其实国际上的趋势这也是符合的就是2050年净零碳排,再生能源要提升到60%,到90%。","吴欣盈: 那从这个我们柯营配是主张核二核三研议, 核四竞速,全体盘查,再决定下一步再来就是说其实台湾还是大还是大部分以这个制造业为主。","[{""name"": ""吴欣盈"", ""party"": ""TPP""}]",[],False,,abf8d02565d10c6b1560683a0d1a878c,False,副总统辩论,,"吴欣盈: 那我是虽然很赞成推动再生能源, 但是再生能源的稳健发展不能是决于这个二零二五年非核家园会,这个强制停用核电来强迫风电 光电快速发展。",True,cooccur: actor×institution,True,gate: actor×inst,False,KEEP,0.464226991,,,True,KEEP,02_conference_datasets/vice_president_units.csv,3,,15132,req_900a4bdcfe054b92aa0105dc9a322665,merged_deduped.csv,merged_deduped.csv,L1-06,能源政策路線與治理設計，非經濟本身,,,能源政策技術性批評，無主權/認同/動員/價值等國族訊號→無,,L1-06,,L1-06,,L1-06,,1.0
_8c78985d111c,_8c78985d111c_u010,(編輯:翟思嘉)1130113 賴清德台南投票:台灣得來不易的民主 鼓勵踴躍投票 2024大選1/13投開票 藍綠白選前之夜決戰雙北 賴競總:選前最後一天 柯文哲兩岸外交立場仍模糊 賴競總:若重回一中架構 會造成外交災難經濟代價,context,"透過 Google News 賴清德競總發言人趙怡翔下午向媒體表示,晚間選舉結果確定後,賴清德將舉行國際記者會,之後賴清德預計前往主舞台,向支持者致謝並致詞。",,"[{""name"": ""賴清德"", ""party"": ""DPP""}, {""name"": ""柯文哲"", ""party"": ""TPP""}]","[""兩岸|cross-strait""]",False,,cfdfe9d3411fcffc867690c3abb50cc9,False,03_Lai_chinatimes_news,2024-01-13 16:40:00,"(編輯:翟思嘉)1130113 賴清德台南投票:台灣得來不易的民主 鼓勵踴躍投票 2024大選1/13投開票 藍綠白選前之夜決戰雙北 賴競總:選前最後一天 柯文哲兩岸外交立場仍模糊 賴競總:若重回一中架構 會造成外交災難經濟代價 本網站之文字、圖片及影音,非經授權,不得轉載、公開播送或公開傳輸及利用。",True,cooccur: actor×institution,True,gate: actor×inst,False,KEEP,0.8039195537567139,,,True,KEEP,01_news_datasets/03_Lai_chinatimes_news_units.csv,1,,18306,req_4649f1f025724bc6a6680611f7f85808,merged_deduped.csv,merged_deduped.csv,L1-03,強調一中架構致外交災難與經濟代價，安全威脅非純經濟,,L2-01|L2-05|L2-07|L2-08,台灣得來不易的民主→L2-08；重回一中架構、外交災難→L2-01|L2-05；大選投票鼓勵踴躍→L2-07,,L1-03,L2-05|L2-08,L1-03,L2-01|L2-05|L2-08,L1-03,L2-01|L2-02|L2-05|L2-07|L2-08,0.4
_657b001c9744,_657b001c9744_u010,"媒體詢問,有民調顯示侯康配在總統候選人電視政見發表會後支持度下滑,趙少康說,他看的民調不是這樣,國民黨內部就有3份不同機構做的民調,差距反而縮小,但就是參考就好。",claim,"趙少康說,不如民進黨黨部拿出來做社宅算了,「你還要人家怎樣?」他覺得已經仁至義盡,也很佩服任美鈴的反應與決斷力,不像賴清德的老家到現在也不捐,猶豫不決、拖拖拉拉,如果哪天兩岸或國內發生緊張的情勢,不知道賴清德有什麼資格或能力來處理。",(編輯:李錫璋)1121227 民進黨批凱旋苑坑殺學生牟利逾3億 侯友宜控告賴清德意圖使人不當選 侯友宜:賴清德台獨主張是兩岸和平跨,"[{""name"": ""趙少康"", ""party"": ""KMT""}, {""name"": ""國民黨"", ""party"": ""KMT""}]","[""政見發表會|procedure""]",True,debate/manifesto,d3a69a882be58940554acf4927d50ee0,False,01_Ho_chinatimes_news,2023-12-27 17:32:00,"媒體詢問,有民調顯示侯康配在總統候選人電視政見發表會後支持度下滑,趙少康說,他看的民調不是這樣,國民黨內部就有3份不同機構做的民調,差距反而縮小,但就是參考就好。",True,cooccur: actor×institution,True,gate: actor×inst,True,KEEP,1.0,KEEP,1.0,True,KEEP,01_news_datasets/01_Ho_chinatimes_news_units.csv,1,,18657,req_233753fad44b48e3b2cf8b5f4d47cbc8,merged_deduped.csv,merged_deduped.csv,L1-06,談選舉民調與支持度變化，屬政治操作,,,選舉民調、政見發表會，僅談支持度變化與參考→無主權/認同/威脅/動員等國族建構訊號,,L1-07,,L1-06,,L1-07,L2-07,0.0
_1a86c3baa494,_1a86c3baa494_u002,立院國民黨團今召開「離譜!司法院長包庇 懲戒法院院長性騷 大法官同意權 抗議!拒絕投票!」記者會。,context,"〔記者黃皓宸/台北報導〕媒體報導司法院懲戒法院前院長李伯道涉性騷女部屬,司法院在「大局為重」下未立即移送法辦,反令其稱病退休,國民黨立法院黨團今表示,連司法院都無法保證官員不遭性騷,民眾如何期待司法院伸張正義,也強調被害人受現任懲戒法院院長林輝煌壓力下,是否涉吃案,仍待說明,除了要求涉案司法院長許宗力、林輝煌下台,對大法官同意任命案,國民黨團拒投及不進議場投票。","立委鄭麗文表示,看到被害人發出聲明書宛如自白書,不像控訴書,感到心痛,強調被害人因擔心遭二次傷害,整篇文都幫林輝煌講話,質疑身為司法人員若無法幫忙幫自己伸張權力,那民眾怎能期待國家司法?","[{""name"": ""國民黨"", ""party"": ""KMT""}]",[],False,,9dfb92a74ac569b54a9ea1c29415a658,False,01_Ho_ltn_news,2023/6/21 13:29,立院國民黨團今召開「離譜!司法院長包庇 懲戒法院院長性騷 大法官同意權 抗議!拒絕投票!」記者會。,True,cooccur: actor×institution,True,gate: actor×inst,False,KEEP,0.547573388,,,True,KEEP,01_news_datasets/01_Ho_ltn_news_units.csv,1,,13904,req_9d146ab6c6f441ad89c3c3826505aa38,merged_deduped.csv,merged_deduped.csv,L1-07,情緒性抗議與口號，非政策本身,,L2-06|L2-07,批評司法失格、拒絕投票抗議→隱含國家應有更好治理標準→L2-06；「抗議!拒絕投票!」→行動/對抗動員→L2-07,,L1-02,L2-06|L2-07,L1-02,L2-06|L2-07,L1-02,L2-06|L2-07,1.0
_fb007d0c6480,_fb007d0c6480_u016,"(記者張聰秋攝) 國民黨總統參選人侯友宜今晚參加鹿港登場吳氏宗親會,逐一跟民眾握手致意。",context,"(記者張聰秋攝) 民進黨總統參選人賴清德進場,受到民眾熱情歡迎。",,"[{""name"": ""侯友宜"", ""party"": ""KMT""}, {""name"": ""國民黨"", ""party"": ""KMT""}]",[],False,,77a5b6daec2e6073b29de931330bceb4,False,03_Lai_ltn_news,2023-10-07 22:44:30,"(記者張聰秋攝) 國民黨總統參選人侯友宜今晚參加鹿港登場吳氏宗親會,逐一跟民眾握手致意。",True,cooccur: actor×institution,True,gate: actor×inst,False,KEEP,0.6156808137893677,,,True,KEEP,01_news_datasets/03_Lai_ltn_news_units.csv,1,,10501,req_3e3adc796e924dd681c0a257761102d6,merged_deduped.csv,merged_deduped.csv,L1-07,單純活動與互動描述，屬情境敘事,,,單純行程與互動描述，無主權、威脅、認同或動員語彙→無,,L1-07,,L1-07,,L1-07,,1.0
_6d5b292ba5f6,_6d5b292ba5f6_u024,"2024大選制度一次看 總統立委選舉公報這裡查 柯文哲賴清德侯友宜學經歷政見一次看 近3屆立委選舉,國民黨從多數優勢到大幅落敗;",context,"2020年蔡英文高票連任,民進黨不僅在16縣市總統票數取得領先,高雄市109萬票、新北市139萬票,皆刷新民進黨得票紀錄。","民進黨連2屆國會過半,成為最大黨。","[{""name"": ""賴清德"", ""party"": ""DPP""}, {""name"": ""侯友宜"", ""party"": ""KMT""}, {""name"": ""柯文哲"", ""party"": ""TPP""}, {""name"": ""國民黨"", ""party"": ""KMT""}]",[],False,debate/manifesto,e5dec4e31c38fb1e954b382a085cc589,False,02_Ke_chinatimes_news,2024-01-05 09:00:00,"2024大選制度一次看 總統立委選舉公報這裡查 柯文哲賴清德侯友宜學經歷政見一次看 近3屆立委選舉,國民黨從多數優勢到大幅落敗;",True,cooccur: actor×institution,True,gate: actor×inst,False,KEEP,0.6097959280014038,,,True,KEEP,01_news_datasets/02_Ke_chinatimes_news_units.csv,1,,20281,req_140de28bba0d4263b698be182932b059,merged_deduped.csv,merged_deduped.csv,L1-06,介紹選舉制度與結果變化，屬治理程序,,L2-08,大選、總統立委選舉→國家民主制度脈絡→L2-08；多數優勢到大幅落敗→隱含政黨競爭與選民主權→L2-08,,L1-06,L2-06,L1-06,L2-06|L2-08,L1-06,,0.0
_32c67d8674c0,_32c67d8674c0_u002,"「泰晤士報」(The Times)指出,在今年全球各大選舉中,台灣的大選不僅是最早登場的之一,也很有可能是對國際安全最具關鍵意義的一場。",claim,"此外,北京恫嚇台灣此次選舉是在「戰爭與和平」之間作抉擇,意圖動搖民進黨總統候選人的支持基礎。","報導稱民進黨總統候選人賴清德是台灣「主權的堅定擁護者」,但若他勝出,北京可能會被激怒,或許會以新一輪的軍事演訓和經貿制裁回應。",[],[],False,,437a601c7468a0086dfd6366a1568621,False,03_Lai_chinatimes_news,2024-01-07 19:50:00,"「泰晤士報」(The Times)指出,在今年全球各大選舉中,台灣的大選不僅是最早登場的之一,也很有可能是對國際安全最具關鍵意義的一場。",True,institution_only,True,gate: core_election,False,KEEP,0.5365200042724609,,,True,KEEP,01_news_datasets/03_Lai_chinatimes_news_units.csv,1,,5995,req_1ff719979d384d9aadc0ea4514cb4cac,merged_deduped.csv,merged_deduped.csv,L1-03,國際安全、台灣選舉關鍵性→安全,,L2-03|L2-06,國際媒體評述台灣大選對國際安全關鍵→國際合法性論證L2-03；凸顯台灣選舉重要性帶來集體自豪→L2-06,,L1-03,L2-05,L1-03,L2-03,L1-03,L2-03,0.0
_35ce4f51097f,_35ce4f51097f_u008,"賴清德認為,我過去曾擔任過立法委員、市長、行政院長,現在是副總統,他有經驗處理年輕人的問題,目前也提出了幾項解決問題的對策,相信都是非常有效,能解決青年所關切的問題。",claim,"面對當前複雜的國際情勢,賴清德說.特別是地緣政治變化當中,他提出「四大支柱」,未來希望能夠向國際社會聲明,台灣堅定捍衛民主、和平、自由的決心,蔡英文的「四個堅持」是主張,而他的「四大支柱」是行動。","賴清德說,作為國家的領導人,當然就是要讓國家持續進步,然後造福人民能夠安居樂業,「當我的總統任期結束之後,如果能夠讓人民認為我是一個好總統,是以人民的利益為優先的一位總統,我相信這就是我最好的成就」。","[{""name"": ""賴清德"", ""party"": ""DPP""}]",[],False,,82ebe5834853d5f387e089d91c42bb01,False,03_Lai_ltn_news,2023-08-15 12:29:20,"賴清德認為,我過去曾擔任過立法委員、市長、行政院長,現在是副總統,他有經驗處理年輕人的問題,目前也提出了幾項解決問題的對策,相信都是非常有效,能解決青年所關切的問題。",True,cooccur: actor×institution,True,gate: taiwanicity=2,True,KEEP,1.0,KEEP,1.0,True,KEEP,01_news_datasets/03_Lai_ltn_news_units.csv,1,,11519,req_ede1f8e18f734fc0bf2925c402cd5bb2,merged_deduped.csv,merged_deduped.csv,L1-06,談青年問題與對策但無細節，偏施政治理，排除經濟,,,青年問題對策、無主權/威脅/認同/動員語→無L2,,L1-06,L2-06,L1-06,L2-06|L2-07,L1-06,L2-06|L2-07,0.5
柯文哲专访_090543cce554,柯文哲专访_090543cce554_u037,你要讲一国两制什么我现在看场合大家事先要知会好。,context,柯文哲: 他说中国在所有候选人对柯文哲最comfortable.有几个理由。,"所以老实讲今天中国对大陆,对台湾的态度,你每天在讲什么中国统一,讲一大堆,讲到最后有一天哇, 这很难做结果你就下不了台,下不了台就惨了。","[{""name"": ""柯文哲"", ""party"": ""TPP""}]",[],False,,dad8b80283bc80415975082c78ba17b1,False,柯文哲专访,,你要讲一国两制什么我现在看场合大家事先要知会好。,True,institution_only,False,,False,KEEP,0.611742258,,,True,REVIEW,02_conference_datasets/Interview_ko_units.csv,3,,19306,req_15e810c3753044daa72725c2563ba944,merged_deduped.csv,merged_deduped.csv,L1-06,談一國兩制發言策略，屬政治立場/治理而非安全威脅,,,一國兩制→涉主權安排但僅提「講話看場合」無主權宣示/威脅/動員→不觸發各類,,L1-06,L2-01,L1-06,,L1-06,L2-01|L2-05,0.0
_02ce2c3ef882,_02ce2c3ef882_u002,"台北市選舉委員會晚間公布立委參選人數,有61人登記,包含參選北市8個選區立委共54人,加上平地原住民4人、山地原住民3人。",context,2024立委選舉激戰區一次看 16政黨搶34席不分區 不分區立委名單一次看 民進黨林月琴、國民黨韓國瑜、民眾黨黃珊珊列第1 中央選舉委員會日前公告受理立委登記參選至今天截止。,"北市選委會統計參選區域立委部分,第1選區(士林、北投)包含民進黨籍吳思瑤、國民黨籍張斯綱、無黨籍侯漢廷等8人;",[],[],False,,db1f72ba13c8f7c30f2df765880bca8a,False,02_Ke_chinatimes_news,2023-11-24 23:03:00,"台北市選舉委員會晚間公布立委參選人數,有61人登記,包含參選北市8個選區立委共54人,加上平地原住民4人、山地原住民3人。",True,institution_only,True,gate: core_election,False,REVIEW,0.3714542984962463,,,True,KEEP,01_news_datasets/02_Ke_chinatimes_news_units.csv,1,,19338,req_9cca82e8f45a41b59528dfbbe0129de3,merged_deduped.csv,merged_deduped.csv,L1-06,單純選務數據與程序說明→政府管理,,,單純選務與人數統計，無主權、認同、威脅或動員等國族建構訊號,,L1-06,,L1-06,,L1-06,,1.0
_d32bbdc9ee0a,_d32bbdc9ee0a_u012,"他主張,台灣與中國要多交流以增加善意,避免擦槍走火,維護自主的同時,思考兩岸和平,盡一切力量降低戰爭風險。",claim,"對中國實施嚇阻(deterrence)與溝通(communication),具備足夠國防能力並願意溝通。",,[],"[""兩岸|cross-strait""]",False,,d236cd850b41f88f3b900a4ea33774cb,False,02_Ke_chinatimes_news,2023-10-21 12:18:00,"他主張,台灣與中國要多交流以增加善意,避免擦槍走火,維護自主的同時,思考兩岸和平,盡一切力量降低戰爭風險。",True,institution_only,True,gate: strong_anchor,False,KEEP,0.595265805721283,,,True,KEEP,01_news_datasets/02_Ke_chinatimes_news_units.csv,1,,18517,req_b45ff5f083b74700bb582f8597bc3510,merged_deduped.csv,merged_deduped.csv,L1-03,談兩岸戰爭風險與和平、安全威脅非單純政策,,L2-01|L2-05|L2-07,維護自主→L2-01；降低戰爭風險、避免擦槍走火→L2-05；兩岸和平、多交流→L2-07,,L1-03,L2-01|L2-05|L2-07,L1-03,L2-01|L2-02|L2-05|L2-07,L1-03,L2-01|L2-05|L2-07,0.75
_d63bc6be97c1,_d63bc6be97c1_u003,"方濟各告訴現場聽眾:「未來世代將根據你們現在的所作所為,對你們滿懷崇敬,抑或徹底遺忘。」台下坐著南蘇丹總統基爾(Salva Kiir)和他的政敵兼副總統馬查爾(Riek Machar),還有外交人員、宗教領袖及酋長。",context,"法新社報導,86歲的方濟各在南蘇丹首都朱巴(Juba)的總統府演說中表示:「和平與和解的進程需要一個新開始。」他呼籲加強行動,終結南蘇丹的衝突。","方濟各抵達南蘇丹之前,先在剛果民主共和國訪問4天,富含礦產的民主剛果東部陷入激烈衝突,是方濟各最關注的議題之一。",[],[],False,,56f5aefce4d139afc290536cf3959429,False,03_Lai_chinatimes_news,2023-02-04 15:35:00,"方濟各告訴現場聽眾:「未來世代將根據你們現在的所作所為,對你們滿懷崇敬,抑或徹底遺忘。」台下坐著南蘇丹總統基爾(Salva Kiir)和他的政敵兼副總統馬查爾(Riek Machar),還有外交人員、宗教領袖及酋長。",True,institution_only,True,gate: core_election,False,REVIEW,0.3745400011539459,,,True,KEEP,01_news_datasets/03_Lai_chinatimes_news_units.csv,1,,7683,req_9c95b3b767de4e26b21bd4a0dbf092f2,merged_deduped.csv,merged_deduped.csv,L1-02,以道德標準勸戒領袖行為，非純情緒,,,無主權/國家行為/威脅/動員等國族訊號→不觸發L2,,L1-02,,L1-02,L2-07,L1-02,,0.0
_73b4a163575f,_73b4a163575f_u009,"國民黨副總統參選人趙少康提到,陳錦錠與他的太太是小學同學,從小仗義執言,在校是「大姐頭」,後來當議員,為民服務,另讚其子張智倫表現爭氣,考取會計師,立法院需要懂財會的人才監督政府預算花用。",claim,"呼籲下架貪污政府、建立清廉政府,完成政黨輪替。","國民黨主席朱立倫表示,張智倫在中和土生土長,對於中和相當了解,懇求選民用選票送進國會,此外,為了中華民國、台灣與人民,一定要集中選票,雖然過程中意見不同,但是最後團結一致,並讚侯友宜腳踏實地,是最好的市長,也會是最好的總統,讓同黨副總統參選人趙少康成為最好副手,領導中華民國。","[{""name"": ""趙少康"", ""party"": ""KMT""}, {""name"": ""國民黨"", ""party"": ""KMT""}]","[""立法院|institution""]",False,,ea8cbc05e3d3f49f284f9dfefecdb17c,False,01_Ho_ltn_news,2023/12/10 12:21,"國民黨副總統參選人趙少康提到,陳錦錠與他的太太是小學同學,從小仗義執言,在校是「大姐頭」,後來當議員,為民服務,另讚其子張智倫表現爭氣,考取會計師,立法院需要懂財會的人才監督政府預算花用。",True,cooccur: actor×institution,True,gate: taiwanicity=3,True,KEEP,1.0,KEEP,1.0,True,KEEP,01_news_datasets/01_Ho_ltn_news_units.csv,1,,20704,req_4ea9ea3d047249dd85a83e54685d8b59,merged_deduped.csv,merged_deduped.csv,L1-02,"稱讚候選人品格能力屬道德評價,非情緒",,L2-06,監督政府預算→隱含國家應更好治理→L2-06；無明確行動號召或其他國族面向,,L1-02,L2-06|L2-07,L1-02,L2-06,L1-02,L2-06,0.5
_902435935659,_902435935659_u009,"另外,民進黨主席、2024總統參選人賴清德20日表示,民主自由不是國民黨的DNA,過去在國民黨專制統治時代「不是」,即便現在國民黨辦理總統參選人徵召作業也是充滿黑箱,看不到任何民主自由精神。",claim,"鴻海創辦人郭台銘爭取中國國民黨總統提名失利後,稱會支持黨提名的新北市長侯友宜。","民眾黨當然有民主自由DNA,從台北市政府開始,開放政府、全民參與、公開透明,一直有民主機制,他也相信眾人智慧超越個人智慧。","[{""name"": ""賴清德"", ""party"": ""DPP""}, {""name"": ""民進黨"", ""party"": ""DPP""}, {""name"": ""國民黨"", ""party"": ""KMT""}]",[],False,,6b2589a215801ff2eccb870a1e702dc8,False,02_Ke_chinatimes_news,2023-05-21 17:40:00,"另外,民進黨主席、2024總統參選人賴清德20日表示,民主自由不是國民黨的DNA,過去在國民黨專制統治時代「不是」,即便現在國民黨辦理總統參選人徵召作業也是充滿黑箱,看不到任何民主自由精神。",True,cooccur: actor×institution,True,gate: actor×inst,False,KEEP,0.5276249647140503,,,True,KEEP,01_news_datasets/02_Ke_chinatimes_news_units.csv,1,,9391,req_1cb33d15bd9045449d432483db4787d0,merged_deduped.csv,merged_deduped.csv,L1-02,"批評國民黨缺乏民主DNA,屬道德評價,非純情緒",,L2-06|L2-08,民主自由作為核心價值→L2-08；批評國民黨專制統治、黑箱→隱含台灣應更好→L2-06,,L1-02,L2-04|L2-06|L2-08,L1-02,L2-02|L2-08,L1-02,L2-06|L2-08,0.25
_d4b84b57e38a,_d4b84b57e38a_u002,"中選會中午透過新聞稿表示,依總統副總統選舉罷免法規定,總統副總統選舉,中選會應以公費在全國性無線電視頻道提供時段,供候選人發表政見。",claim,"部分媒體遭質疑蓋掉柯文哲政見發表 中選會將調查 中選會昨晚舉辦首場總統候選人電視政見發表會,由民視轉播,不過,有網友質疑,柯文哲發表意見時,因三立電視、民視YouTube插播廣告,導致發言內容消失40多秒,質疑電視台違反選罷法不得插播廣告的規定。","中選會說明,總統副總統選舉候選人電視政見發表會實施辦法規定,電視時段由中選會洽商台視、中視、華視、民視、公視提供,實施辦法配合母法規定,電視台播放電視政見發表會時,中途不得插播廣告。",[],[],False,debate/manifesto,97dcc48f4cee777f3f9a727a91c4c196,False,02_Ke_chinatimes_news,2023-12-21 13:48:00,"中選會中午透過新聞稿表示,依總統副總統選舉罷免法規定,總統副總統選舉,中選會應以公費在全國性無線電視頻道提供時段,供候選人發表政見。",True,institution_only,True,gate: taiwanicity=2,True,KEEP,1.0,KEEP,1.0,True,KEEP,01_news_datasets/02_Ke_chinatimes_news_units.csv,1,,13356,req_812858f199d245189caf3e3bb6d2c26a,merged_deduped.csv,merged_deduped.csv,L1-06,說明選罷法與政見發表機制屬政策制度,,,說明選罷法與公費提供政見時段→程序性規範，無主權/認同/威脅/動員等訊號,,L1-06,,L1-06,,L1-06,,1.0
_10f59ea249bf,_10f59ea249bf_u015,(編輯:楊蘭軒)1121217 柯文哲賴清德侯友宜拚2024總統大選 7大政見比一比 少子化政見 全教總:3黨參選人未脫灑幣式補助 小笠原欣幸:選戰態勢膠著賴仍領先 侯緊追、柯略下滑 外媒報大選:兩岸未來、政壇魔咒、選民激情添看點 選票流向攸關勝負 年輕人擺脫意識型態看政見投票 侯友宜:我的理念是台灣中間路線 團結共榮共好 侯辦:民進黨追殺合法凱旋苑是綠色恐怖 國中生割頸案 賴清德:投更多資源不讓遺憾再發生 謝金河遭冒名投資詐騙 Google:正在處理問題 認知作戰對象?,context,"賴清德表示,他自己是從基層出身,也接受很多基層意見,記點制涉及重複處罰、罰錢又記點等問題,還有牽涉工作權,以及地方政府跟中央政府各項配套措施尚未完備,這些基層意見都值得做政策檢討。",,"[{""name"": ""賴清德"", ""party"": ""DPP""}, {""name"": ""侯友宜"", ""party"": ""KMT""}, {""name"": ""柯文哲"", ""party"": ""TPP""}, {""name"": ""民進黨"", ""party"": ""DPP""}]","[""兩岸|cross-strait""]",False,debate/manifesto,a499f0a013ca80bce2fc6f57383140d1,False,01_Ho_chinatimes_news,2023-12-17 22:26:00,(編輯:楊蘭軒)1121217 柯文哲賴清德侯友宜拚2024總統大選 7大政見比一比 少子化政見 全教總:3黨參選人未脫灑幣式補助 小笠原欣幸:選戰態勢膠著賴仍領先 侯緊追、柯略下滑 外媒報大選:兩岸未來、政壇魔咒、選民激情添看點 選票流向攸關勝負 年輕人擺脫意識型態看政見投票 侯友宜:我的理念是台灣中間路線 團結共榮共好 侯辦:民進黨追殺合法凱旋苑是綠色恐怖 國中生割頸案 賴清德:投更多資源不讓遺憾再發生 謝金河遭冒名投資詐騙 Google:正在處理問題 認知作戰對象?,True,cooccur: actor×institution,True,gate: taiwanicity=3,True,KEEP,1.0,KEEP,1.0,True,KEEP,01_news_datasets/01_Ho_chinatimes_news_units.csv,1,,14474,req_6c61489f2ea54c80b03ac34bfd8ba71a,merged_deduped.csv,merged_deduped.csv,L1-06,選戰與政見綜合報導，偏政策與選舉,,L2-01|L2-05|L2-07,總統大選、兩岸未來、台灣中間路線→主權與國家路線隱含；選戰膠著、選票流向攸關勝負→動員氛圍；認知作戰→威脅設定,,L1-06,L2-05|L2-07,L1-07,L2-05|L2-07,L1-07,L2-01|L2-05|L2-07,0.6666666666666666
_d2a547ee52f7,_d2a547ee52f7_u004,"侯友宜表示,少子化將導致人口結構改變,加速高齡化程度,台灣在2025年高齡人口將超過20%,2039年超過30%。",claim,"侯友宜今天與國民黨新北市立委參選人洪孟楷、林德福、林國春、林金結、蔡明堂、張智倫、蔣欣璋、洪佳君、廖先翔、羅明才等人,共同舉行記者會,公布少子化政見。","人口結構改變對經濟發展將有明顯衝擊 人口結構的變化將超過人口數量所帶來衝擊,長照與社會福利費用上升、退休金與社會保險等將無以為繼,顯見少子化將導致國安危機。","[{""name"": ""侯友宜"", ""party"": ""KMT""}]",[],False,,b8ceda62372146bec29fb3861c7d7545,False,01_Ho_chinatimes_news,2023-09-25 16:07:00,"侯友宜表示,少子化將導致人口結構改變,加速高齡化程度,台灣在2025年高齡人口將超過20%,2039年超過30%。",True,cooccur: actor×institution,True,gate: actor×inst,False,REVIEW,0.2220896780490875,KEEP,0.1788021326065063,False,KEEP,01_news_datasets/01_Ho_chinatimes_news_units.csv,1,,16239,req_79a7a3554bc94f808ae4c2e04728531e,merged_deduped.csv,merged_deduped.csv,L1-04,談少子化與高齡化對人口結構影響屬人文關懷，非純政策,,L2-05|L2-06,少子化、高齡化對台灣影響→國家層級風險→L2-05；台灣高齡人口比例數據→國家發展指標→L2-06,,L1-04,L2-05,L1-04,L2-05,L1-04,L2-05,1.0
_a31618769906,_a31618769906_u009,"針對外界關心中國是否會有進一步介選動作,沈伯洋表示,區域立委的選區常常差距在萬票之內,因此對中國而言,只要能在任何選區影響3000票至5000票間,就可以逆轉區域的選戰,呼籲民眾不論選情如何,一定要踴躍出門投票。",claim,未來也規劃與民進黨副總統參選人蕭美琴合體造勢。,2024/01/28 15:17,[],[],False,,d38908ded6f7c8d9f691311f1e964521,False,02_Ke_chinatimes_news,2023-12-11 10:02:00,"針對外界關心中國是否會有進一步介選動作,沈伯洋表示,區域立委的選區常常差距在萬票之內,因此對中國而言,只要能在任何選區影響3000票至5000票間,就可以逆轉區域的選戰,呼籲民眾不論選情如何,一定要踴躍出門投票。",True,institution_only,True,gate: core_election,False,KEEP,0.612415075302124,,,True,KEEP,01_news_datasets/02_Ke_chinatimes_news_units.csv,1,,18647,req_ac86f29f7cb842e291164e568be46c15,merged_deduped.csv,merged_deduped.csv,L1-03,談中國介選威脅與影響選戰→安全；非單純投票動員,,L2-05|L2-07|L2-08,中國介選影響選戰→L2-05；呼籲民眾踴躍投票→L2-07；投票行為作為集體民主實踐→L2-08,,L1-03,L2-05|L2-07,L1-03,L2-05|L2-07,L1-03,L2-05|L2-06|L2-07,0.6666666666666666
_63532d3c030a,_63532d3c030a_u006,(圖/翻攝自@jiqimao1968推特) 2024總統大選倒數 獨家分析盡在TVBS 《壞人大小姐》上大銀幕了!,context,,,[],[],False,,a5653aa3909fb8d3df6aec0da35a8de2,False,02_Ke_tvbs_news,2024-01-10 18:13:00,(圖/翻攝自) 2024總統大選倒數 獨家分析盡在TVBS 《壞人大小姐》上大銀幕了!,True,institution_only,True,gate: core_election,False,KEEP,0.5373327732086182,,,True,KEEP,01_news_datasets/02_Ke_tvbs_news_units.csv,1,,14550,req_66bbe515321c474c8db8ddaa1fcc5d69,merged_deduped.csv,merged_deduped.csv,L1-07,宣傳節目與作品，偏情緒氛圍,,,僅選舉倒數宣傳與節目/作品廣告，無主權、威脅、認同或動員語句→無,,L1-07,,L1-07,,L1-07,,1.0
_e41f811cf574,_e41f811cf574_u006,(圖/翻攝自微博@胡錫進) 更多新聞:緩和兩岸局勢 李克強卸任前工作報告2度重申「和平」 俄羅斯和日本也在微博對李克強的死訊發表哀悼。,context,,"(圖/翻攝自微博) 2024總統大選倒數、候選人、民調分析盡在TVBS 點我拿《花樣奶奶金難搞》免費電影票,11/3起隨時進戲院 點我拿《花樣奶奶金難搞》免費電影票,11/3起隨時進戲院 👉早上空腹喝黑咖啡的真相 👉代謝出狀況?",[],"[""兩岸|cross-strait""]",False,,49258e6896d5f42d849c5b6f38e91eb4,False,03_Lai_tvbs_news,2023-10-27 10:18:00,(圖/翻攝自微博) 更多新聞:緩和兩岸局勢 李克強卸任前工作報告2度重申「和平」 俄羅斯和日本也在微博對李克強的死訊發表哀悼。,True,institution_only,True,gate: strong_anchor,False,REVIEW,0.3491051197052002,,,True,KEEP,01_news_datasets/03_Lai_tvbs_news_units.csv,1,,6503,req_15346c0029124679a514b1436c2be145,merged_deduped.csv,merged_deduped.csv,L1-03,描述哀悼訊息與兩岸局勢，主軸安全,,,他國俄羅斯、日本僅為哀悼訊息，無主權、認同、威脅或動員語彙,,L1-07,,L1-04,,L1-06,,1.0
_e6855b41fa74,_e6855b41fa74_u009,"外界關注,適逢中共在台海周邊軍演之際,美方此舉可視為彰顯對台灣的支持。",claim,"另,美國政府於美東時間23日宣布,就「紅外線搜索追蹤莢艙(IRST)」,金額5億美元對台軍售案,進行「知會國會」程序,此案可望在一個月後正式生效。","民進黨團幹事長劉世芳回應,美國本來就基於《台灣關係法》及相關一中政策來執行對台軍售或軍購項目,美國近年已改變,以往發生特殊事故的才給台灣軍售,如今是每年由國會主導的《國防授權法案》,與美國行政部門統整售予台灣的項目,這是基於由法律核準以法律架構下的軍售。",[],[],False,,499040bbb1d0174c08670efdac5692cc,False,01_Ho_ltn_news,2023/8/24 11:19,"外界關注,適逢中共在台海周邊軍演之際,美方此舉可視為彰顯對台灣的支持。",True,institution_only,True,gate: taiwanicity=2,True,KEEP,1.0,KEEP,1.0,True,KEEP,01_news_datasets/01_Ho_ltn_news_units.csv,1,,6545,req_19a05573fd51441a89ffd6b3a36641f3,merged_deduped.csv,merged_deduped.csv,L1-03,軍售與共軍軍演下的安全支持敘事→安全,,L2-01|L2-05,中共在台海軍演→L2-05；美方彰顯對台灣的支持→L2-01,,L1-03,L2-01|L2-05,L1-03,L2-01|L2-05,L1-03,L2-01|L2-05|L2-06,0.6666666666666666
_386a0ebb3efd,_386a0ebb3efd_u012,"在華府停留期間預定會晤美國國會議員、拜會美國在台協會(AIT)總部,並在智庫發表演說。",claim,"侯友宜14日晚間飛抵美國,在紐約停留不到48小時,今晚將在新澤西州參加全美台灣同鄉聯誼會第45屆年會,明天赴華府。",2025/05/20 12:58 2025/05/20 10:36 2025/05/15 14:21 2025/05/15 14:16 2025/05/15 13:34,[],[],False,,78cf9d54d3ead0599f848b661258c214,False,01_Ho_chinatimes_news,2023-09-17 02:26:00,"在華府停留期間預定會晤美國國會議員、拜會美國在台協會(AIT)總部,並在智庫發表演說。",True,institution_only,True,gate: 2 inst terms,False,REVIEW,0.2882834076881408,,,False,KEEP,01_news_datasets/01_Ho_chinatimes_news_units.csv,1,,10607,req_f464f98767074284a1afa514298a5530,merged_deduped.csv,merged_deduped.csv,L1-06,描述外交行程與會晤安排，屬政府管理,,L2-01,以台灣政治人物身分會晤美國國會議員、AIT、智庫演說→外交主體展演→L2-01；涉對外互動但無明示國際規範→不標L2-03,,L1-06,L2-01,L1-06,L2-01,L1-06,L2-01,1.0
_512485cf9c71,_512485cf9c71_u001,"〔記者王善嬿/嘉義報導〕嘉義市政府交通處長鄭君健上月涉嫌將公務手機、平板電腦提供給家人使用,被嘉義地檢署搜索調查,檢方複訊後以10萬元交保。",context,,"廉政署南部地區調查組接獲情資,鄭君健涉嫌將公務手機、平板電腦給家人使用,涉犯貪污治罪條例侵占公有財物罪嫌,上月23日報請嘉檢檢察官指揮偵辦,檢方複訊後以10萬元交保。",[],[],False,,aa4434fc74347c012461acad27b43e8d,False,03_Lai_ltn_news,2023-04-07 20:28:39,"(資料照) 2023/04/07 20:28 〔記者王善嬿/嘉義報導〕嘉義市政府交通處長鄭君健上月涉嫌將公務手機、平板電腦提供給家人使用,被嘉義地檢署搜索調查,檢方複訊後以10萬元交保。",True,institution_only,False,,False,KEEP,0.4238515496253967,,,False,REVIEW,01_news_datasets/03_Lai_ltn_news_units.csv,1,,14968,req_dab15449057c4f898fa68aa16ba200b9,merged_deduped.csv,merged_deduped.csv,L1-02,指涉官員涉貪與不當行為，道德操守評價，非單純程序,,L2-06,貪污調查、公務手機侵占→批評治理失敗隱含國家應更清廉→L2-06；無主權、威脅、動員等其他訊號,,L1-02,,L1-02,,L1-02,,1.0
_45d501eb1638,_45d501eb1638_u005,針對政大傳播學院前院長郭力昕最近說兩岸關係緊張是「美國軍事主義」和美國軍火商造成的。,claim,"〔記者陳鈺馥/台北報導〕前聯電董事長曹興誠今日再度發文評論時政,他直指,台灣今天許多學者受到宣傳洗腦或受中共利誘,對兩岸問題的知見,常常讓人感到不解。","曹興誠質疑,習近平去年10月才說過,「統一一定要完成」、「絕不承諾放棄武力」。",[],"[""兩岸|cross-strait""]",False,,41c15bff95a025f6787182c68fba8b82,False,03_Lai_ltn_news,2023-05-23 11:07:18,針對政大傳播學院前院長郭力昕最近說兩岸關係緊張是「美國軍事主義」和美國軍火商造成的。,True,institution_only,True,gate: strong_anchor,False,REVIEW,0.3369527161121368,,,True,KEEP,01_news_datasets/03_Lai_ltn_news_units.csv,1,,5833,req_eee71bb98e0543a1bc61d95c46ba0715,merged_deduped.csv,merged_deduped.csv,L1-03,提及兩岸關係緊張成因，屬安全議題，排除L1-06,,,僅轉述他人對兩岸緊張歸因於美國軍事主義與軍火商，無我群主體、無威脅渲染或動員→不觸發,,L1-03,,L1-03,L2-05,L1-03,,0.0
_ddd7b37896f1,_ddd7b37896f1_u006,"主持人追問,未來核能或核融合可能發展,賴清德怎麼看。",context,"賴清德表示,氣候變遷議題是全世界共同的挑戰,因此他也於日前召開的國政願景記者會中提出了「淨零轉型五大策略」,要帶領台灣化挑戰為助力,推動能源轉型、帶動產業升級。","賴清德認為,如果未來科技進步到相當程度,可以解決核能安全、核廢料的問題,民眾又有共識,台灣是個進步的社會,不會排斥科技所帶來的便利。","[{""name"": ""賴清德"", ""party"": ""DPP""}]","[""核能|energy""]",False,,9e244003f7982c32a70ddeb6b3f80d0d,False,03_Lai_chinatimes_news,2023-11-29 13:06:00,"主持人追問,未來核能或核融合可能發展,賴清德怎麼看。",True,cooccur: actor×institution,True,gate: actor×inst,False,KEEP,0.425000250339508,,,True,KEEP,01_news_datasets/03_Lai_chinatimes_news_units.csv,1,,13925,req_5ee283f7474f49b9b2198d51f16d7b7c,merged_deduped.csv,merged_deduped.csv,L1-01,能源與科技發展屬經濟產業議題，非治理程序,,,僅詢問能源科技立場，無主權、認同、威脅或動員語彙→無,,L1-01,,L1-01,,L1-01,,1.0
_d08872bad9b5,_d08872bad9b5_u001,"外型溫文儒雅的徐富癸,首度參選屏南立委(屏東2選區,包含萬丹鄉等22個鄉鎮)氣勢十足,每每登場拿起麥克風娓娓道來自己從恆春駐地記者變成幕僚,再從幕僚到踏上參選政治路的心路歷程,參選打著「立委選富癸,屏南大富貴」口號,為屏東擘劃新願景。",context,"徐富癸20年磨一劍 從幕僚造浪者踏上政治路 2024/1/13 19:57 (1/13 21:58 更新) (中央社記者李卉婷屏東縣13日電)徐富癸出身記者,並擔任過前縣長潘孟安立委時期服務處主任、縣長室主任及屏縣府民政處長,20年豐富的行政經驗,這次選舉從幕僚工作轉踏上政治浪頭,奪下屏南立委1席。","徐富癸這次首度踏上政治浪頭參選是政治新人,但接連擔任潘孟安立委期間服務處主任10年多、縣長室主任5年多及屏東縣政府民政處長3年多,身為潘孟安的子弟兵,累積20年行政經驗能量,對於地方事務相當熟悉。",[],[],False,,19e8dd626ca972e752b8d3e3cdaba316,False,02_Ke_chinatimes_news,2024-01-13 19:57:00,"外型溫文儒雅的徐富癸,首度參選屏南立委(屏東2選區,包含萬丹鄉等22個鄉鎮)氣勢十足,每每登場拿起麥克風娓娓道來自己從恆春駐地記者變成幕僚,再從幕僚到踏上參選政治路的心路歷程,參選打著「立委選富癸,屏南大富貴」口號,為屏東擘劃新願景。",True,institution_only,True,gate: core_election,False,KEEP,0.6168779134750366,,,True,KEEP,01_news_datasets/02_Ke_chinatimes_news_units.csv,1,,2323,req_e44f7e2f0b3f46a6a2f95598a3a6e44d,merged_deduped.csv,merged_deduped.csv,L1-07,人物形象與競選故事，無政策議題,,L2-07,「為屏東擘劃新願景」→行動/願景動員→L2-07,,L1-07,L2-07,L1-07,L2-07,L1-07,L2-07,1.0
_0fbe092677fe,_0fbe092677fe_u000,"(10/26 16:46 更新) (中央社記者王朝鈺宜蘭26日電)民主進步黨立法委員參選人陳俊宇今天表示,中華民國國歌都在歌頌中國國民黨,如果他進國會,要推動台灣國家正常化,汰除威權遺毒,制訂新國歌。",claim,,"陳俊宇舉行記者會表示,國民政府1937年以一紙行政命令將黨歌變國歌,完全沒法律依據,非常不合理,且歌詞提到「三民主義、吾『黨』所宗」歌頌國民黨,很不公道;","[{""name"": ""國民黨"", ""party"": ""KMT""}]",[],False,,fd3184eee8647a24f4b40fd0f620667d,False,03_Lai_chinatimes_news,2023-10-26 16:36:00,"陳俊宇推制訂新國歌 汰除威權遺毒 2023/10/26 16:36 (10/26 16:46 更新) (中央社記者王朝鈺宜蘭26日電)民主進步黨立法委員參選人陳俊宇今天表示,中華民國國歌都在歌頌中國國民黨,如果他進國會,要推動台灣國家正常化,汰除威權遺毒,制訂新國歌。",True,cooccur: actor×institution,True,gate: actor×inst,False,KEEP,0.5736087560653687,,,True,KEEP,01_news_datasets/03_Lai_chinatimes_news_units.csv,1,,22300,req_9ce632dd411e41b592aa9a26685583c3,merged_deduped.csv,merged_deduped.csv,L1-06,談國家正常化與去威權，屬制度治理,,L2-01|L2-04|L2-07,推動台灣國家正常化→主權主體再造L2-01；汰除威權遺毒→歷史威權體制評價L2-04；制訂新國歌→國家象徵再造與行動願景L2-07,,L1-06,L2-01|L2-04,L1-06,L2-01|L2-04|L2-07,L1-05,L2-01|L2-04|L2-07,0.6666666666666666
_4ae14fa0fb29,_4ae14fa0fb29_u013,"總統蔡英文多次提出主張,現在國際社會最支持的就是維持現狀,維持現狀已成為國際最大公約數,現狀未必是大家最滿意狀況,也不是對岸滿意的狀態,對岸滿意的狀態是把台灣變成香港,但那是大家不能接受的狀態。",claim,"蕭美琴說,她一開始從政時,台獨是有點禁忌的話題;","她說,台灣不得不跟國際社會找到最大公約數,維持現狀是現階段最大公約數,在這基礎上爭取更多國際友人對台灣支持,而確實這幾年國際支持力道越來越強。",[],[],False,,351124dcae8b7688999717883faca688,False,01_Ho_chinatimes_news,2023-12-12 21:39:00,"總統蔡英文多次提出主張,現在國際社會最支持的就是維持現狀,維持現狀已成為國際最大公約數,現狀未必是大家最滿意狀況,也不是對岸滿意的狀態,對岸滿意的狀態是把台灣變成香港,但那是大家不能接受的狀態。",True,institution_only,True,gate: taiwanicity=2,True,KEEP,1.0,KEEP,1.0,True,KEEP,01_news_datasets/01_Ho_chinatimes_news_units.csv,1,,4696,req_4875f4dbbbbf456db18cf1eb9dac5df6,merged_deduped.csv,merged_deduped.csv,L1-03,兩岸與國際、安全威脅與主權防禦，非單純政策,,L2-02|L2-03|L2-05,國際社會最大公約數→L2-03；對岸要把台灣變香港、大家不能接受→L2-02+L2-05,,L1-03,L2-03|L2-05,L1-03,L2-02|L2-03|L2-05,L1-03,L2-02|L2-03|L2-05,0.6666666666666666
_137cfb925251,_137cfb925251_u002,"總統府今天發布新聞稿說明副總統賴清德昨天上午參訪全家新竹福比麵包廠,賴副總統抵達後,首先聽取福比麵包總經理林純如簡報公司概況,並實地參觀生產線,瞭解各式麵包的生產作業,也與員工寒暄交流,品嚐全家暢銷麵包。",claim,"談到勞工就業議題,他認為,除了政府提供協助,企業薪資福利好、工作環境佳,員工自然願意來。","座談期間,賴副總統談到,政府希望透過多管齊下的方式,協助企業招攬人才。","[{""name"": ""賴清德"", ""party"": ""DPP""}]",[],False,,ffab5d5ed057c4cda2e1e56601a9bdde,False,02_Ke_chinatimes_news,2023-06-16 10:08:00,"總統府今天發布新聞稿說明副總統賴清德昨天上午參訪全家新竹福比麵包廠,賴副總統抵達後,首先聽取福比麵包總經理林純如簡報公司概況,並實地參觀生產線,瞭解各式麵包的生產作業,也與員工寒暄交流,品嚐全家暢銷麵包。",True,cooccur: actor×institution,True,gate: taiwanicity=2,True,KEEP,1.0,KEEP,1.0,True,KEEP,01_news_datasets/02_Ke_chinatimes_news_units.csv,1,,22520,req_b0c7f684aedd45828b776259b8764749,merged_deduped.csv,merged_deduped.csv,L1-07,描述副總統參訪行程，無政策與議題,,,副總統參訪企業、參觀生產線屬一般行程介紹，無主權、認同、威脅或動員等國族建構訊號,,L1-07,L2-01,L1-07,,L1-04,,0.0
_e2242a1ad927,_e2242a1ad927_u010,"他也提到,華府智庫「戰略暨國際研究中心」(CSIS)今年發表台海戰爭兵推,發現成功遏阻中共兩棲武力登陸的結果,需要四大先決條件:台灣頑強抵抗、美國立即投入全部能力介入並交戰、美國從日本基地展開作戰任務、美軍「反艦巡航導彈」(Anti-Ship Cruise Missile)的戰備儲存量必須充足。",claim,"他表示,日本首相岸田文雄去年更新安保戰略等3大國防文書(國家安全保障戰略、國家防衛戰略、防衛力整備計畫),背景是為了應對中國崛起、美國領導力下降,以及因應俄羅斯入侵烏克蘭的國際情勢,岸田今年3月曾說,「今日的烏克蘭,可能是明天的東亞」。","而如果日本政府進入防衛事態,日中往來與經濟交流將會被切斷,且除非美國能確保取得海上優勢,否則日本、台灣與其他國家的經濟交流也將被切斷。",[],[],False,,6832645b0e23be4c87a0cfa0481dc0ee,False,02_Ke_chinatimes_news,2023-08-31 21:17:00,"他也提到,華府智庫「戰略暨國際研究中心」(CSIS)今年發表台海戰爭兵推,發現成功遏阻中共兩棲武力登陸的結果,需要四大先決條件:台灣頑強抵抗、美國立即投入全部能力介入並交戰、美國從日本基地展開作戰任務、美軍「反艦巡航導彈」(Anti-Ship Cruise Missile)的戰備儲存量必須充足。",True,institution_only,True,gate: taiwanicity=2,True,KEEP,1.0,KEEP,1.0,True,KEEP,01_news_datasets/02_Ke_chinatimes_news_units.csv,1,,9134,req_b1ea6d1a244c4ef3a30918f1d55725e2,merged_deduped.csv,merged_deduped.csv,L1-03,台海戰爭兵推與軍事條件，安全威脅；非單純政策,,L2-03|L2-05,台海戰爭兵推、遏阻中共兩棲武力登陸、需各國軍事投入→共同威脅設定L2-05；CSIS兵推、條件論證台海安全→國際規範/智庫作為論據L2-03,,L1-03,L2-05,L1-03,L2-05,L1-03,L2-05,1.0
_2d6c87ceeb2a,_2d6c87ceeb2a_u003,"侯友宜強調,他非常重視核能安全,沒有反對過核電,只要守住核安,當然可以使用核電。",claim,"侯友宜提倡「以核減煤」,在核電延役的基礎下,加速減煤、減碳,且在供電無虞的大前提進行永續轉型,朝2050年「淨零台灣」目標前進。","現場媒體詢問,侯友宜的能源政策與柯文哲的相近,相比之下有何優勢,柯志恩反問,柯文哲有講這麼清楚嗎、在能源配比有這麼清楚嗎,為什麼會認為兩者相近,相近是因為核能的部分嗎?","[{""name"": ""侯友宜"", ""party"": ""KMT""}]","[""核能|energy""]",False,,84586a0df7148f3818e7410591ac6a31,False,01_Ho_chinatimes_news,2023-08-09 14:32:00,"侯友宜強調,他非常重視核能安全,沒有反對過核電,只要守住核安,當然可以使用核電。",True,cooccur: actor×institution,True,gate: actor×inst,False,REVIEW,0.376412034034729,,,True,KEEP,01_news_datasets/01_Ho_chinatimes_news_units.csv,1,,11654,req_778410322b6a4d9dafbe9a64e0b7e14c,merged_deduped.csv,merged_deduped.csv,L1-06,能源政策立場說明，屬政策治理，非經濟,,,能源政策技術論述，無主權、威脅、認同或動員相關詞→無,,L1-06,,L1-06,,L1-06,,1.0
_260e3464fa9e,_260e3464fa9e_u003,"下午前往緊鄰總統官邸之羅培斯元帥大道,觀賞向慶賀團致敬暨慶祝亞松森建城486周年之檢閱軍警遊行;",context,"出席貝尼亞就職典禮後,賴清德與各國慶賀團代表前往亞松森大教堂,參加宗教祈福儀式,隨後返回總統府向貝尼亞伉儷致賀,並應邀出席貝尼亞總統伉儷午宴;","晚間則穿上巴拉圭特有棉織衫服飾Aopoí,參加總統府旁河濱大道舉行的表演晚會。",[],[],True,,bc14b4e44216fd3a1e0ae7ca6eb46b9a,False,03_Lai_ltn_news,2023-08-16 07:59:11,"下午前往緊鄰總統官邸之羅培斯元帥大道,觀賞向慶賀團致敬暨慶祝亞松森建城486周年之檢閱軍警遊行;",True,institution_only,True,gate: core_election,False,KEEP,0.4493644833564758,,,True,KEEP,01_news_datasets/03_Lai_ltn_news_units.csv,1,,16534,req_b71b3c811ba44264ba5567ee4e4d91c4,merged_deduped.csv,merged_deduped.csv,L1-03,外交出訪儀式與軍警遊行，屬安全展示,,L2-01|L2-06,出席外國慶典與軍警遊行、以慶賀團身分受敬→國家行為者展演→L2-01；國際場合被致敬→國際肯定成就→L2-06,,L1-03,L2-01,L1-03,L2-01,L1-06,L2-01,1.0
_cea778b68875,_cea778b68875_u031,"但是,蔡英文的執政團隊認真做事,也懂得反省,我們總是快速調整、找出方法、扛住壓力、解決問題,來因應國際情勢的變局,回應民意的期待。",claim,"臺灣人民展現出對民主自由前所未有的堅持,不僅讓世界看到臺灣的韌性,也讓國際支持民主臺灣的力量變得史無前例的團結強大。","對於後疫情時代的經濟發展和民生課題,我們正透過疫後特別預算,持續調整強化產業體質;",[],[],False,,e5d97aba86306e6def06848425a26d83,False,03_Lai_ltn_news,2023-05-20 10:51:47,"但是,蔡英文的執政團隊認真做事,也懂得反省,我們總是快速調整、找出方法、扛住壓力、解決問題,來因應國際情勢的變局,回應民意的期待。",True,institution_only,True,gate: 2 inst terms,False,KEEP,0.4701968729496002,,,False,KEEP,01_news_datasets/03_Lai_ltn_news_units.csv,1,,20279,req_1932a959f55e4b1196b75185ff01856b,merged_deduped.csv,merged_deduped.csv,L1-06,稱讚政府施政與治理能力，屬政策治理框架，非經濟,,L2-07,回應民意期待、因應國際情勢→國家治理願景與行動→L2-07；無主權/威脅/民主價值等其他明確訊號,,L1-06,L2-06|L2-07,L1-06,L2-05|L2-06,L1-06,L2-07,0.0
_94dcb5e7b8e3,_94dcb5e7b8e3_u004,"民進黨團幹事長卓冠廷表示,侯友宜昨天起接受徵召,既不請辭又不請假,真是「時間管理大師」,白天上班、晚上輔選,週末繼續跑選舉,怎麼可能做好市政。",claim,"民進黨團副總召張維倩說,侯友宜留下常流標、執行率落後的新北爛攤子,如新北獲核定23案前瞻基礎建設預算補助停車場,截至去年底只完工9案。","民進黨團書記長林秉宥說,新北社會案件比其他縣市頻繁發生,從恩恩案到近期槍擊事件等,至今沒對市民一句道歉。","[{""name"": ""侯友宜"", ""party"": ""KMT""}, {""name"": ""民進黨"", ""party"": ""DPP""}]",[],False,,e96f96bd4f04a113df3d6a6b44dc8ad0,False,01_Ho_chinatimes_news,2023-05-18 11:40:00,"民進黨團幹事長卓冠廷表示,侯友宜昨天起接受徵召,既不請辭又不請假,真是「時間管理大師」,白天上班、晚上輔選,週末繼續跑選舉,怎麼可能做好市政。",True,cooccur: actor×institution,True,gate: actor×inst,False,KEEP,0.5866562128067017,,,False,KEEP,01_news_datasets/01_Ho_chinatimes_news_units.csv,1,,20597,req_b3f144c15076493b93f14f6544218fd2,merged_deduped.csv,merged_deduped.csv,L1-02,批評個人職責操守與認真程度，非單純情緒,,L2-06,批評市政做不好、隱含新北市民應享更好治理標準→L2-06,,L1-07,L2-06,L1-02,L2-06,L1-07,L2-06,1.0
_c06a1353b825,_c06a1353b825_u001,"〔記者賴筱桐/新北報導〕新北市長侯友宜今天在市政會議表揚優質治安社區,蘆洲區水湳里里長吳松標在會中以台語「四句聯」鼓勵侯勇往直前、承擔重責大任,他說,希望幫侯友宜加油打氣,給予溫暖的力量。",claim,,"侯友宜今天頒獎給優質治安社區,其中蘆洲區水湳里獲頒內政部「2023年社區治安─標竿社區」認證標章獎牌,侯致詞勉勵獲獎的里長時,坐在旁聽席的吳松標突然大聲喊:「市長,我有話要說。」 隨後吳松標說出一段自創的台語「四句聯」,內容為「友宜肩頭擔重擔,擱卡甘苦也要擔,大家同齊來鬥塔(一起承擔),除風擋雨攏總敢,眼前坎坷路難行, 轉彎繞角過山嶺,以民為天攏無驚,承擔責任一定贏」。","[{""name"": ""侯友宜"", ""party"": ""KMT""}]",[],False,,939ad8b45a386a31231b8ed53d54529e,False,01_Ho_ltn_news,2023/8/9 11:14,"(記者賴筱桐攝) 2023/08/09 11:14 〔記者賴筱桐/新北報導〕新北市長侯友宜今天在市政會議表揚優質治安社區,蘆洲區水湳里里長吳松標在會中以台語「四句聯」鼓勵侯勇往直前、承擔重責大任,他說,希望幫侯友宜加油打氣,給予溫暖的力量。",True,cooccur: actor×institution,True,gate: actor×inst,False,KEEP,0.616511226,,,False,KEEP,01_news_datasets/01_Ho_ltn_news_units.csv,1,,12950,req_699ab5cb5e104ea687856ef037a0f57a,merged_deduped.csv,merged_deduped.csv,L1-07,以情緒鼓勵加油打氣，非政策或道德,,L2-07,「勇往直前、承擔重責大任」「加油打氣」「溫暖的力量」→集體動員與願景→L2-07,,L1-07,L2-07,L1-07,L2-07,L1-07,L2-07,1.0
_0f18fb00aab4,_0f18fb00aab4_u010,2025/05/23 10:31 2025/05/22 15:22 2025/05/21 19:20 2025/05/20 12:01 2025/05/20 11:57,claim,"黃俊維指出,以現今台漫創作來看,台漫關注社會議題的比例其實相當高,「如果有人說沒有看到用漫畫台探討重要主題,我覺得可以試著去了解現在正在努力耕耘的創作者們,看看現在台灣漫畫作者們充滿活力的創作,或許就不會這樣說了。」 黑白文化負責人柏雅婷今年以「彩虹燦爛之地」系列作入圍金漫獎最佳編輯獎,過去也曾協助編輯美術史漫畫而走到美術館修復室、典藏庫房考察,她表示,不知道對於柯文哲來說什麼才是嚴肅主題。",,"[{""name"": ""柯文哲"", ""party"": ""TPP""}]",[],False,,0ef3f171babf573334dba4293be56e26,False,02_Ke_chinatimes_news,2023-10-05 21:22:00,"(編輯:龍柏安)1121005 金漫獎公布入圍名單 洪德麟獲特別貢獻獎 以蔡焜霖為本 「來自清水的孩子」入圍金漫3獎項 「一代醫人杜聰明」漫畫發布 陳建仁:讓台灣更好 文化普拉斯/畫漫畫也考究歷史 小莊細膩繪出台灣電影新浪潮 文化+/台灣漫畫新浪潮 柯文哲與美代表團會面 強調台美關係不因誰執政改變 諾魯與台灣斷交 柯文哲:遺憾但不與中國惡性競爭 2025/05/24 13:14 2025/05/23 10:31 2025/05/22 15:22 2025/05/21 19:20 2025/05/20 12:01 2025/05/20 11:57 本網站之文字、圖片及影音,非經授權,不得轉載、公開播送或公開傳輸及利用。",True,cooccur: actor×institution,True,gate: taiwanicity=2,True,KEEP,1.0,KEEP,1.0,False,KEEP,01_news_datasets/02_Ke_chinatimes_news_units.csv,1,,1311,req_435848ecc68245bfae532d17a12f0a92,merged_deduped.csv,merged_deduped.csv,L1-06,純時間戳記無政治內容，選最中性,,,僅有日期時間標記，無主權、認同、威脅、動員等國族建構訊號→不標,,L1-07,,L1-07,,L1-07,,1.0
_bfae3d8fea3c,_bfae3d8fea3c_u025,"低薪、通膨沒有緩解,產業轉型緩慢,高房價更是嚴重。",context,"民進黨治理下的台灣,少子化世界第一,高齡化國安危機;","從2000年到現在,台灣的GDP成長120 %,但實質薪資只增加4%,我們的總工時還是全世界第6高。",[],[],False,,c36822d70973809d1a9def2606cd88d6,False,01_Ho_chinatimes_news,2023-12-30 14:43:00,"低薪、通膨沒有緩解,產業轉型緩慢,高房價更是嚴重。",True,institution_only,True,gate: 2 inst terms,False,REVIEW,0.215228796005249,KEEP,0.3819804191589355,True,KEEP,01_news_datasets/01_Ho_chinatimes_news_units.csv,1,,17182,req_52f664527ccb4ea195ab9dada5c9cadc,merged_deduped.csv,merged_deduped.csv,L1-01,聚焦低薪通膨房價等經濟困境，排除L1-06,,L2-06,批評治理失敗、隱含台灣應有更好經濟表現→L2-06,,L1-01,L2-05|L2-06,L1-01,L2-06,L1-01,L2-06|L2-07,0.3333333333333333
